PuzzleId,FEN,Moves,Rating,RatingDeviation,Popularity,NbPlays,Themes,GameUrl,OpeningTags,DailyDate
000rZ,2kr1b1r/p1p2pp1/2pqb3/7p/3N2n1/2NPB3/PPP2PPP/R2Q1RK1 w - - 2 13,d4e6 d6h2,633,93,100,616,kingsideAttack mate mateIn1 oneMove opening,https://lichess.org/seIMDWkD#25,Scandinavian_Defense Scandinavian_Defense_Modern_Variation,
001KR,6Qk/p1p3pp/4N3/1p6/2q1r1n1/2B5/PP4PP/3R1R1K b - - 0 28,h8g8 f1f8,588,81,100,177,mate mateIn1 middlegame oneMove,https://lichess.org/TaT1Zl7z/black#56,,
002Q2,7k/p4R1p/3p3r/2pN1n2/2PbBBb1/3P2P1/P3r3/5R1K w - - 1 28,f4h6 f5g3,911,78,100,428,cornerMate mate mateIn1 middlegame oneMove,https://lichess.org/yqAJ1jMv#55,,
002X3,6k1/2q2p1p/4pPp1/4P3/p1pP1P2/RrP5/6QP/4B1K1 b - - 0 33,b3a3 g2a8 c7b8 a8b8,970,168,100,10,endgame mate mateIn2 short,https://lichess.org/yshS3bLB/black#66,,
002vV,8/6k1/2R4p/5p1P/5P1K/6P1/8/r7 w - - 2 58,c6b6 a1h1,564,92,100,601,endgame master mate mateIn1 oneMove rookEndgame,https://lichess.org/KB7FAntf#115,,
005Ep,5kr1/ppR3p1/3R3p/8/1r1n4/8/1P3PPP/2K5 b - - 4 31,d4b5 d6d8,752,84,100,389,endgame mate mateIn1 oneMove,https://lichess.org/ttFEoJfQ/black#62,,
005YX,2rr4/2N2pk1/p1Q1b1pp/1p4q1/3pP3/1B1P4/PPP3PP/6RK w - - 7 25,c7e6 f7e6 c6b7 g7h8,1964,130,100,35,defensiveMove equality middlegame short,https://lichess.org/zbi5w5Qy#49,,
005gP,8/8/3p4/2kP4/1p4P1/2pK4/P7/8 w - - 1 42,g4g5 c5d5 g5g6 d5e6 g6g7 e6f7 a2a4 b4a3 g7g8r f7g8,1705,74,100,635,crushing enPassant endgame pawnEndgame veryLong,https://lichess.org/I76OvKQT#83,,
005x9,r1b1kb1Q/ppp4p/6pB/3P4/2pn4/8/PPP1qPPP/RN1K3R w q - 2 13,d1c1 e2c2,838,79,100,272,mate mateIn1 middlegame oneMove queensideAttack,https://lichess.org/TiwHxq8n#25,Italian_Game Italian_Game_Rousseau_Gambit,
007AH,3r1n2/1bp1bkpp/p1q2n2/1p6/3P4/P1N3B1/1PP2PPP/R2QR1K1 w - - 5 18,d1e2 c6g2,637,83,100,153,kingsideAttack master mate mateIn1 middlegame oneMove,https://lichess.org/MCM1Gmz4#35,Scandinavian_Defense Scandinavian_Defense_Valencian_Variation,
007hv,6k1/5p1p/1p4p1/p1bN1p2/2Pq1P2/1P5P/1P1Q2P1/7K w - - 1 32,d2c3 d4g1,1090,75,100,141,endgame master mate mateIn1 oneMove,https://lichess.org/i64FoDh8#63,,
007mr,5k2/p2r3p/1p4pP/3r1q2/3Rp3/2P5/PP3PQ1/K3R3 w - - 0 33,d4e4 d5d1 e1d1 d7d1,661,77,100,191,backRankMate endgame mate mateIn2 short,https://lichess.org/J12UnEgz#65,,
0082f,r4rk1/2q2ppp/3pp3/4Pb1N/pp6/1B4Q1/PPP3PP/1K1RR3 b - - 0 21,a4b3 g3g7,827,79,100,529,kingsideAttack mate mateIn1 middlegame oneMove,https://lichess.org/fHfmODEz/black#42,,
008aL,7k/6p1/1r5p/5p2/P2Rp3/4P3/5PPP/6K1 w - - 0 39,a4a5 b6b1 d4d1 b1d1,594,88,100,64,backRankMate endgame mate mateIn2 rookEndgame short,https://lichess.org/j2ECU5ud#77,,
008cl,r3k2r/ppp2p1p/2n1pp2/7q/2PN2b1/2BP1Pb1/PP2B1P1/R2Q1RK1 w kq - 1 16,f3g4 h5h2,908,77,100,477,mate mateIn1 middlegame oneMove,https://lichess.org/K27KSt2D#31,Scandinavian_Defense Scandinavian_Defense_Mieses-Kotroc_Variation,
008rw,rn2kb1r/pp2pppp/2p2n2/4q3/8/2N4Q/PPPPBPPP/R1B1K2R b KQkq - 2 8,g7g6 h3c8,871,77,100,468,mate mateIn1 oneMove opening,https://lichess.org/t8GAyoIk/black#16,Scandinavian_Defense Scandinavian_Defense_Main_Line,
009bn,2kr2r1/ppb2ppp/3qbn2/2Np2B1/P7/2P2Q1P/1PB2PP1/R4RK1 w - - 5 18,c5e6 d6h2,578,79,100,390,mate mateIn1 middlegame oneMove,https://lichess.org/Zw4AxPzS#35,Caro-Kann_Defense Caro-Kann_Defense_Exchange_Variation,
00A8H,1k6/1pb2p2/p1p1p3/2P5/PP6/1KB5/4q3/1R1R4 b - - 1 38,c7e5 d1d8 b8a7 b1e1 e2e1 c3e1,2376,84,100,87,clearance crushing endgame long,https://lichess.org/rMR9LIY8/black#76,,
00A9Q,2rq1rk1/1p3p1p/p1pn2p1/P2p4/1P1PnP2/3NP3/5PBP/R1Q3RK w - - 2 22,d3c5 e4f2,659,84,100,431,kingsideAttack master mate mateIn1 middlegame oneMove smotheredMate,https://lichess.org/Eek8XUCN#43,,
00AEM,r4rk1/p2q1p1p/1p3Qp1/2p4P/3p4/5R2/PPP2PP1/4R1K1 b - - 0 22,d7d8 e1e7 d8e7 f6e7,1733,74,100,174,crushing endgame short,https://lichess.org/xJtWPx56/black#44,,
00AfZ,2r3kR/Q7/5q2/1brpN3/5Pp1/4P1P1/6K1/1B6 b - - 2 43,f6h8 a7f7,946,76,100,553,master mate mateIn1 middlegame oneMove,https://lichess.org/xSsuq2RP/black#86,,
00BNd,1rr3k1/3bppbp/3p1np1/1B1N4/P2BP3/5P2/P2R2PP/R5K1 b - - 0 21,d7b5 d5e7 g8f8 e7c8,881,78,100,437,advantage fork middlegame short,https://lichess.org/52dQ8pN2/black#42,,
00Bot,8/5p2/p3kP2/8/5r2/R1P5/4P3/4K3 b - - 2 52,f4f6 a3a6 e6e5 a6f6,711,80,100,222,crushing endgame rookEndgame short,https://lichess.org/FWA12ElZ/black#104,,
00C8e,8/5p1k/5Ppb/2p3P1/1p6/8/KB5Q/3q4 b - - 4 58,d1a4 a2b1 a4d1 b2c1,1532,115,100,71,endgame equality pin short,https://lichess.org/YqVcRoWF/black#116,,
00CYP,3rk2r/p1p2pp1/1p6/2pQ1b2/2Pn1P2/8/PP1P1KBq/R1B1R3 b - - 3 25,e8f8 d5d8,721,75,100,273,hangingPiece mate mateIn1 middlegame oneMove,https://lichess.org/LywFPEls/black#50,,
00Cfq,6k1/ppR2pp1/4p1p1/4P1N1/3r2P1/1P4K1/P6r/8 b - - 5 30,h2e2 c7c8 d4d8 c8d8,631,89,100,511,endgame mate mateIn2 short,https://lichess.org/Mtebd1Gr/black#60,,
00DAs,r5nr/ppp3p1/3bBk1p/4nP2/3p4/8/PPPN1P1P/R1B1K2R b KQ - 1 15,g8e7 d2e4,677,77,100,257,mate mateIn1 middlegame oneMove,https://lichess.org/FKD6drCM/black#30,Scotch_Game Scotch_Game_Other_variations,
00Dib,7k/8/4PKR1/3r4/6P1/6b1/8/8 b - - 2 46,g3h4 g4g5 h4g5 g6g5 d5g5 f6g5,1386,111,100,62,endgame master,https://lichess.org/o6FLrwm5/black#92,,
00ERL,1r2R1k1/2Q4p/pp6/2p2n2/P2P1P1q/2P4P/2PB2b1/4R1K1 b - - 0 29,b8e8 e1e8,827,77,100,208,mate mateIn1 middlegame oneMove,https://lichess.org/Da4ZV4Yw/black#58,,
00EXM,r1n1r1k1/3R1ppp/2p5/5P2/8/1P2B3/P7/5RK1 b - - 6 33,e8e3 d7d8 e3e8 d8e8,620,81,100,72,backRankMate endgame mate mateIn2 short,https://lichess.org/8NAvp1ZS/black#66,,
00EXP,2n3k1/p4ppp/2p1p3/P1NrP3/1n1r4/3N4/5PPP/1R1R2K1 w - - 0 29,d3b4 d4d1 b1d1 d5d1,543,97,100,123,backRankMate mate mateIn2 middlegame short,https://lichess.org/YsjTBKuB#57,,
00Elq,rn3q1r/4pk1p/2pp1np1/p5Q1/1p1PPNP1/5P2/PPP5/R4KNR b - - 0 17,h7h6 g5g6,797,84,100,133,mate mateIn1 middlegame oneMove,https://lichess.org/uNIyIYur/black#34,Pirc_Defense Pirc_Defense_Other_variations,
00F5e,4k2r/1p2b1p1/p1q1Rp2/2p4p/8/1Q4B1/PP3PpP/6K1 b k - 1 22,c6d7 g3d6 d7d6 e6d6,1652,76,100,422,advantage endgame short,https://lichess.org/h4PR749V/black#44,,
00FH6,r6r/1q2bpk1/7p/p1p1pPpn/Pp2P1nP/1P1B1N2/2P3P1/2BRR1QK w - - 7 30,c1b2 h5g3,1042,75,100,614,mate mateIn1 middlegame oneMove,https://lichess.org/ckigRGV8#59,,
00Flp,r2q1rk1/ppp2ppp/2n5/3p2N1/3P4/1B5P/P1Q1bPP1/R1B2RK1 b - - 2 16,e2f1 c2h7,670,80,100,248,kingsideAttack mate mateIn1 middlegame oneMove,https://lichess.org/SXoBpAj9/black#32,Italian_Game Italian_Game_Classical_Variation,
00GoO,r1b2rk1/ppb5/2p4p/2Ppqpp1/1P6/2N1P3/P3BPPP/2RQ1RK1 w - - 0 16,e2d3 e5h2,547,84,100,285,kingsideAttack mate mateIn1 middlegame oneMove,https://lichess.org/sf8dREp6#31,Dutch_Defense Dutch_Defense_Normal_Variation,
00Gv1,8/1pp1r1kp/4r1p1/p1P5/5Q2/P4PPq/1P1R3P/3R2K1 w - - 2 32,d2d8 e6e1 d1e1 e7e1 g1f2 h3f1,991,76,100,127,endgame long mate mateIn3,https://lichess.org/cF0zaKHB#63,,
00Gvp,8/2kn1p2/8/3P4/R7/2P1N3/1r2K3/8 w - - 13 70,e2d3 d7c5 d3d4 c5a4,994,77,100,326,advantage endgame fork short,https://lichess.org/CIq1kOGh#139,,
00HAM,R2q1r1k/1p3Qpp/1n6/3P2pP/2PP2P1/1P6/2K5/5R2 b - - 0 29,d8a8 f7f8 a8f8 f1f8,560,80,100,94,backRankMate endgame mate mateIn2 short,https://lichess.org/BgVpYpY8/black#58,,
00HLP,r4rk1/3nqpp1/4p2p/1p2P3/2pn1Q2/P2B3N/1P3PPP/3R1RK1 w - - 0 24,d3b1 d4e2 g1h1 e2f4,821,85,100,74,crushing fork middlegame short,https://lichess.org/KFAwEaua#47,,
00HXr,2k4r/Q1p2pp1/5n2/3rNq2/4p2p/6Pb/PPP1BP1P/R3R1K1 b - - 1 22,h4g3 a7a8,1478,77,100,282,mate mateIn1 middlegame oneMove,https://lichess.org/c18wDmSc/black#44,,
00Hfa,6k1/5ppp/5Bq1/8/p3R3/P6P/2r2QB1/R5K1 b - - 0 29,c2f2 e4e8,729,77,100,136,endgame mate mateIn1 oneMove,https://lichess.org/FXBTZRsW/black#58,,
00I8g,4rk2/3Rnrp1/8/4Q1p1/7P/6K1/8/8 w - - 0 50,h4g5 e7f5 e5f5 f7f5,937,75,100,467,crushing endgame short,https://lichess.org/5U3wSf5r#99,,
00J9b,4k2r/4bppp/5n2/4N3/3P4/2P3P1/rp1KQP1P/1R5q b k - 1 21,h1b1 e2b5 e8f8 b5b8 f6e8 e5d7 f8g8 b8e8 e7f8 e8f8,1478,109,100,44,middlegame,https://lichess.org/5clAThq4/black#42,,
00KAq,5rr1/3pk1q1/p2Rp3/1pP4p/1P3p2/2P2QP1/1P3P1P/5RK1 w - - 1 26,d6d4 f4g3 d4d7 e7d7 f3b7 d7e8,1373,75,100,302,advantage endgame long,https://lichess.org/bqU1drSK#51,,
00KRo,4r3/pp1b2pp/3k4/2pP1pK1/2P1p2P/2P3P1/P3R3/2B5 b - - 2 26,d6e5 c1f4,889,91,100,40,endgame mate mateIn1 oneMove,https://lichess.org/Ac88Gnjc/black#52,,
00KgF,4r3/p5k1/1p5P/1P2P1K1/8/5N2/8/8 b - - 0 42,g7h7 g5h5 h7g8 f3g5 e8e5 h5g6 e5b5 h6h7,2397,94,100,35,advancedPawn crushing endgame quietMove sacrifice veryLong,https://lichess.org/o4AD9loc/black#84,,
00L76,5rk1/5pp1/4p3/7R/2P5/2n2N2/5r2/2K4R b - - 2 37,g7g6 h5h8 g8g7 h1h7 g7f6 h8f8,1138,76,100,187,crushing deflection endgame long,https://lichess.org/xBILTafH/black#74,,
00LNH,1k2r3/pp2r2p/2pqbpp1/3n4/2BP1p2/5N1P/PPQB1PP1/1K1RR3 w - - 2 22,c4b3 e6f5 c2f5 g6f5,1590,75,100,1638,advantage middlegame pin short,https://lichess.org/gVcbpusg#43,,
00LWX,2r4k/5p2/4pNp1/6Pp/q6P/7r/2PQ4/1RKN4 w - - 2 37,d2b4 c8c2,770,78,100,486,epauletteMate mate mateIn1 middlegame oneMove,https://lichess.org/xNp6E0CA#73,,
00LWa,2r3k1/5ppp/2P5/8/5P2/P5Pn/6BP/R3R1qK w - - 6 32,e1g1 h3f2,853,77,100,192,endgame mate mateIn1 oneMove smotheredMate,https://lichess.org/5KscxHkF#63,,
00Lnf,r4knb/1bpp4/p1n1pq2/1p4NQ/3PP3/2N5/PPP2PP1/2KR1B2 b - - 3 15,f6h6 h5f7,970,78,100,170,master mate mateIn1 middlegame oneMove,https://lichess.org/OtbWtwR2/black#30,Modern_Defense Modern_Defense_Standard_Line,
00Lvv,2k2br1/1pprn3/p4p2/4p2Q/4P2P/2NqB3/PP4PK/3R4 b - - 1 22,d3e3 h5e8 d7d8 d1d8,767,76,100,163,mate mateIn2 middlegame queensideAttack short,https://lichess.org/PdJPXqW6/black#44,,
00MQl,r1b2k1r/pp3ppp/2p5/2bp4/3N1Pnq/1B2B3/PPP3PP/RN1QR2K w - - 4 15,d4f3 c5e3 f3h4 g4f2 h1g1 f2d1,1868,75,100,278,advantage discoveredAttack fork long opening sacrifice,https://lichess.org/2FmZuSC3#29,Scotch_Game Scotch_Game_Other_variations,
00Mke,6k1/p4p2/3P4/6pp/P2Q4/5qPP/r4P1K/3R4 w - - 1 42,d6d7 a2f2 d4f2 f3f2 h2h1 f2f3,1173,75,100,423,crushing endgame long,https://lichess.org/cweMVx20#83,,
00Myw,r1b3r1/2q2p1k/1n2p2n/p2pP1NP/P1pP1QP1/1pP5/1P3PB1/R3R1K1 b - - 4 26,h7h8 f4f6 g8g7 f6h6,1416,75,100,1057,crushing fork master middlegame short,https://lichess.org/b9YfMjmI/black#52,,
00NR5,R5k1/3r2pp/3N4/1nP5/6P1/1P3P2/P2K2n1/8 b - - 1 30,d7d8 a8d8,576,84,100,199,endgame hangingPiece mate mateIn1 oneMove,https://lichess.org/nRo0kQGD/black#60,,
00PZo,7r/8/3b4/3p4/5PR1/2kN4/4KP2/8 w - - 1 67,f4f5 h8e8 e2f3 c3d3,1110,76,100,468,advantage deflection endgame short,https://lichess.org/XUilKWZg#133,,
00Pc8,rnb2r2/pp4k1/2p3pp/4Np2/2BP4/8/PP4PP/2KRR3 b - - 0 18,b8d7 e5d7 c8d7 e1e7 g7f6 e7d7,1049,76,100,432,advantage clearance fork long middlegame,https://lichess.org/2yTBJXpZ/black#36,Caro-Kann_Defense Caro-Kann_Defense_Hillbilly_Attack,
00Q4m,5r2/1b3k2/1q4p1/p3Pp1p/2pn1P1P/4Q1P1/P6K/R1R2B2 w - - 2 34,f1g2 d4f3 e3f3 b7f3,1114,77,100,790,advantage middlegame short,https://lichess.org/LOKLTnN2#67,,
00QOp,4r3/pp2rkp1/2p5/P2p2pP/R4bP1/2NQ4/1PP2P2/3Kq2R w - - 3 25,h1e1 e7e1,399,91,100,267,mate mateIn1 middlegame oneMove pillsburysMate,https://lichess.org/7puRAwZg#49,,
00QkV,5k1r/p3Rpbp/3N2p1/4nbB1/2P5/3rP3/q4PPP/3Q1RK1 b - - 2 16,f7f6 e7e8,1047,77,100,851,mate mateIn1 middlegame oneMove,https://lichess.org/R69epPjY/black#32,Grunfeld_Defense Grunfeld_Defense_Three_Knights_Variation,
00RiT,8/pp1k1p2/4p3/2ppPr1r/5PpP/2P3P1/P1P5/2K1RR2 b - f3 0 22,g4f3 g3g4 f5e5 g4h5,1194,87,100,84,advantage endgame fork rookEndgame short,https://lichess.org/u5bDliJE/black#44,,
00Rk3,8/1p2rppk/5q1p/Q4R2/2P5/PP5P/5PP1/5rK1 w - - 0 32,g1f1 f6a1 a5e1 e7e1,941,76,100,410,endgame mate mateIn2 short,https://lichess.org/9ceeRcuK#63,,
00RvC,3r2k1/pp4q1/6P1/7Q/8/bP5P/P5P1/5R1K w - - 1 30,f1f7 g7a1 h1h2 a3d6 g2g3 d6g3 h2g2 d8d2,2364,77,100,221,crushing endgame veryLong,https://lichess.org/zj6fSS7Y#59,,
00TJN,r3r1k1/pp3pB1/2q3pp/3R1b2/8/P4Q2/BP3PPP/1R4K1 b - - 0 23,f5b1 f3f7 g8f7 d5d7,1801,74,100,578,attraction doubleCheck kingsideAttack mate mateIn2 middlegame sacrifice short,https://lichess.org/G6iE2Sej/black#46,,
00TTm,r4b1r/pppqpkpp/6B1/7Q/2PP4/2N1P2P/PP4P1/R5K1 b - - 0 15,f7g8 g6f7,874,77,100,456,mate mateIn1 middlegame oneMove,https://lichess.org/KVkwZhJj/black#30,Scandinavian_Defense Scandinavian_Defense_Modern_Variation,
00UwP,5rk1/p4pp1/3qb2p/1B1p4/1r1P4/Q3PN2/P4PPP/2R3K1 b - - 5 19,b4b1 a3d6 b1c1 b5f1,1188,76,100,631,advantage master middlegame short,https://lichess.org/Py4RR2HF/black#38,,
00Vv9,5r1k/pp4pp/5r2/4Q3/3P4/4NpN1/Pq5P/2R2R1K w - - 0 29,e3d5 b2g2,910,75,100,172,mate mateIn1 middlegame oneMove,https://lichess.org/xX3emLRb#57,,
00WAp,r5k1/4p2p/p5p1/1p1b2Q1/2p5/P4qN1/1P3P2/R2R2Kr w - - 2 28,g3h1 f3h1,1002,77,100,487,mate mateIn1 middlegame oneMove,https://lichess.org/dTOmcRL9#55,,
00WZO,8/1R2B3/5p2/1k2bP1p/p6r/5K2/8/8 b - - 7 45,b5c4 b7b4 c4d5 b4h4,1129,76,100,808,crushing endgame short skewer,https://lichess.org/zw93HvDI/black#90,,
00WiZ,3r1rk1/p3R2p/bp1P2p1/2P5/7Q/P2q1P1P/6P1/2R3K1 b - - 5 34,b6c5 h4h7,607,78,100,212,mate mateIn1 middlegame oneMove,https://lichess.org/tGch7j6L/black#68,,
00XCT,6Q1/7K/2k5/3r4/8/8/8/8 w - - 5 82,h7h8 d5h5 g8h7 h5h7,996,77,100,474,endgame equality queenRookEndgame short,https://lichess.org/I94rnuWS#163,,
00XL2,2kr3r/ppp3pp/6q1/3Pnp2/1PP1p3/7P/P2QNPP1/R4RK1 w - - 1 17,d2d4 e5f3 g1h1 f3d4,928,78,100,595,crushing middlegame pin short,https://lichess.org/WEWuNMx5#33,Scandinavian_Defense Scandinavian_Defense_Modern_Variation,
00Xn1,3r2k1/5pp1/2p3np/2b5/1p2P1b1/1BN3B1/1PP3PP/4KR2 w - - 0 21,c3a4 d8d1,555,86,100,345,master mate mateIn1 middlegame oneMove operaMate pillsburysMate,https://lichess.org/GK88IOTY#41,,
00Ycz,5k2/5r1p/pp2pQ2/8/8/1P6/P1q2PPP/4R1K1 w - - 1 32,f6e6 c2f2 g1h1 f2f1 e1f1 f7f1,1153,82,100,128,backRankMate endgame long mate mateIn3 sacrifice,https://lichess.org/9BdeH5eE#63,,
00Yfr,5k2/1R4p1/p2bpr1p/3rN3/3P4/8/P1R2pPP/5K2 b - - 1 34,d6e5 c2c8 d5d8 c8d8,1113,77,100,142,endgame mate mateIn2 short,https://lichess.org/XhVkXtku/black#68,,
00YjD,8/8/2p5/5k2/3R2p1/1P1P2K1/2r5/8 w - - 0 38,d4c4 c2c4 d3c4 c6c5 b3b4 c5b4,2175,75,100,436,crushing endgame long quietMove rookEndgame,https://lichess.org/LDzUjuLQ#75,,
00Yqb,8/6k1/4p1pq/1p1pPp2/p2P1n2/2P1QN2/PP3PPP/5K2 w - - 4 39,g2g3 h6h3 f1e1 f4g2 e1d2 g2e3,1156,89,100,95,crushing endgame fork long,https://lichess.org/G6kGzZ13#77,,
00aU5,8/8/8/p3k2p/P1K4P/8/8/8 b - - 5 47,e5f4 c4b5 f4e5 b5a5,763,85,100,109,crushing endgame master pawnEndgame short,https://lichess.org/ScOVYXve/black#94,,
00ad3,2kr3r/ppp2p2/2nb1n1p/4q1p1/Q7/N1P1B3/PP2NPPP/R4RK1 w - - 2 13,a3c4 e5h2,653,79,100,117,kingsideAttack mate mateIn1 middlegame oneMove,https://lichess.org/3V6Uwh23#25,Scandinavian_Defense Scandinavian_Defense_Portuguese_Gambit,
00awK,r5k1/2p2Qpp/p7/4b3/8/8/1PP1KR2/2q5 b - - 0 24,g8h8 f7f8 a8f8 f2f8,569,82,100,404,backRankMate endgame mate mateIn2 sacrifice short,https://lichess.org/D9JaNyrl/black#48,,
00ax2,r1b2q1k/1pp3p1/1b1p3p/1p5Q/P1P1Bp2/3P4/6PP/5R1K b - - 1 23,f8f6 h5e8 f6f8 e8f8,638,79,100,210,kingsideAttack mate mateIn2 middlegame short,https://lichess.org/zZGnME4m/black#46,,
00axT,3R4/8/8/5p2/8/3p3P/1k2rPP1/3K4 b - - 25 48,e2f2 d8d3 f2g2 d3d2 g2d2 d1d2,1645,75,100,1201,crushing endgame long master rookEndgame,https://lichess.org/g4Wa6pYc/black#96,,
00b3n,7R/1P3pk1/5rpp/8/8/4P1PK/4qPQP/8 w - - 7 41,b7b8q e2h5,1049,77,100,352,endgame mate mateIn1 oneMove,https://lichess.org/hrUTLnEO#81,,
00bFH,4r1k1/1q3ppp/3B1n2/p2P4/8/Pp3Q1P/5PPN/1R4K1 w - - 0 27,f3b3 e8e1 b1e1 b7b3,1821,85,100,107,deflection equality middlegame short,https://lichess.org/E8lzVecv#53,,
00bnX,4rr1k/ppp3pp/3b1p2/7Q/5q2/1PBB3P/P1P3P1/5RK1 b - - 13 26,f4g5 h5h7,706,77,100,106,kingsideAttack mate mateIn1 middlegame oneMove,https://lichess.org/cOFXbSU6/black#52,,
00cJo,2r3k1/5ppp/8/8/1P2p3/3bQpP1/1q1P1K1P/R1R5 b - - 1 30,c8c1 a1a8 c1c8 a8c8,904,78,100,316,backRankMate endgame mate mateIn2 short,https://lichess.org/al1h6dlT/black#60,,
00cl7,r5k1/ppp1p1b1/4N1Q1/3pq1Bp/7P/8/PPPN1rP1/2KR4 w - - 1 17,d2f3 e5b2,914,79,100,635,mate mateIn1 middlegame oneMove queensideAttack,https://lichess.org/xfdgilVH#33,Pirc_Defense Pirc_Defense_Other_variations,
00coU,6k1/R7/5K2/1r6/5r2/p4N2/8/5R2 w - - 3 50,f6e7 f4f7 e7d6 f7a7,1418,76,100,780,crushing endgame short skewer,https://lichess.org/msAMDBoS#99,,
00d6g,r4n2/1p4pk/2p1R3/p2p1nPp/7P/3P1P1B/PP6/2K4R b - - 0 23,f8e6 h3f5 g7g6 f5e6,949,123,100,36,advantage endgame fork hangingPiece short,https://lichess.org/Fsjwwt2F/black#46,,
00dEJ,1br2rk1/ppqn2pp/4p3/1P6/P3B3/8/1B3PPP/R2Q1RK1 w - - 1 18,a1c1 c7h2,814,79,100,283,kingsideAttack mate mateIn1 middlegame oneMove,https://lichess.org/LD5Lwa2j#35,Polish_Opening Polish_Opening_Other_variations,
00dYE,7R/pp1n1p2/1kp1p3/3p4/5P2/2N1q3/PPP4Q/2K5 w - - 6 28,c1b1 e3e1 c3d1 e1d1,500,99,100,175,endgame mate mateIn2 short,https://lichess.org/4IFRxlwK#55,,
00dzT,6k1/1Q4p1/p1p4p/3pP3/P3bq2/2N4P/1P4PK/5B2 w - - 1 26,h2h1 f4f1 h1h2 f1g2,881,79,100,484,endgame hangingPiece mate mateIn2 short,https://lichess.org/Kxd5ijdt#51,,
00eNe,4r1k1/p1p2ppp/2p1r3/3q4/P2b4/1P1PB3/2Q2PPP/2R1R1K1 w - - 0 21,e3d4 e6e1 c1e1 e8e1,900,78,100,360,kingsideAttack mate mateIn2 middlegame short,https://lichess.org/uH5mJi23#41,,
00eiu,r5k1/1b1pn1p1/1p5p/pq1PN2B/4P3/P6Q/6PP/R4r1K w - - 0 26,a1f1 b5f1,443,97,100,142,kingsideAttack mate mateIn1 middlegame oneMove,https://lichess.org/FN8YasJv#51,,
00f0m,7k/5r2/3p2p1/3Nb1qp/4P3/1P3Q1P/r5P1/5R1K w - - 0 37,f3f7 g5g2,667,83,100,71,endgame mate mateIn1 oneMove,https://lichess.org/oc2S1Yze#73,,
00f1Y,1r6/p2n1pkp/4p1p1/2Np4/1r6/1P1K1P1P/P3R1P1/2R5 b - - 5 36,b8c8 c5e6 f7e6 c1c8,1197,75,100,350,advantage discoveredAttack endgame short,https://lichess.org/5k1h2DTZ/black#72,,
00f9v,5rk1/2p3p1/1p1p4/3Pp2p/1PP1N1q1/3Qr2N/6PP/6K1 w - - 0 29,d3e3 g4d1 e3e1 d1e1,932,76,100,346,endgame mate mateIn2 short,https://lichess.org/WHRVbLDr#57,,
00fSz,rn1qk2r/ppp2ppp/3p2b1/2bP4/2P1n1P1/P1N1pP1P/1P2P1B1/R1BQK1NR w KQkq - 1 10,f3e4 d8h4 e1f1 h4f2,907,77,100,130,mate mateIn2 opening short,https://lichess.org/eA8X6sp6#19,Englund_Gambit_Declined Englund_Gambit_Declined_Other_variations,
00fpf,7r/pkp5/1pN1Q1rb/3p1n1q/3P4/2P3PN/PP4BP/5RK1 w - - 1 25,e6d5 h6e3 f1f2 h5d1,2098,75,100,179,advantage kingsideAttack middlegame pin short,https://lichess.org/AXqrgWpj#49,,
00ghH,5r1k/6p1/1Q2pq1p/P4r2/3P4/2P1R3/6PP/4R1K1 w - - 1 39,d4d5 f5f1 e1f1 f6f1,691,77,100,1070,endgame mate mateIn2 short,https://lichess.org/ycQ7nVZM#77,,
00glf,3r2k1/R4p1p/6p1/2p5/P2b1B2/7P/2r2PP1/5RK1 b - - 0 25,d4f2 f1f2 d8d1 f2f1 d1f1 g1f1,1205,75,100,395,advantage endgame long,https://lichess.org/A1ka0Yxc/black#50,,
00iWt,8/pk5p/1pp1Q3/8/3R2P1/P1P1K2n/1qP2r2/8 b - - 1 35,b2c2 d4d7 b7a6 e6c4 b6b5 c4c6 a6a5 d7a7,1561,74,100,210,deflection endgame mate mateIn4 veryLong,https://lichess.org/jcy73kOF/black#70,,
00jUu,8/5ppk/p1Q4p/2R4P/1q2P3/5P2/1P4P1/1K1n4 w - - 2 45,c5c1 b4b2,617,82,100,332,endgame master mate mateIn1 oneMove,https://lichess.org/ZhzdgIpD#89,,
00jhH,r7/2p1kp2/3p1np1/1p2p1N1/4P3/2PP2P1/1P2Q1PK/8 w - - 4 29,e2f2 f6g4 h2g1 g4f2,917,76,100,246,crushing endgame fork short,https://lichess.org/AXtraot9#57,,
00kq8,5Qk1/2R2pp1/7p/q2p4/2n5/7P/4RPP1/6K1 b - - 0 34,g8f8 c7c8 a5d8 c8d8,797,82,100,42,endgame mate mateIn2 short,https://lichess.org/e2Z8xhZe/black#68,,
00lhe,r2q1b1k/ppp3Bp/3pPp2/2n1n3/4P2P/1B3P2/PPP3Q1/2K3RR b - - 0 23,f8g7 g2g7,399,109,100,239,kingsideAttack mate mateIn1 middlegame oneMove,https://lichess.org/Yx9AyNPB/black#46,,
00mAw,8/2p3p1/2p2k2/6p1/P5P1/3P1K1p/2P5/8 b - - 0 42,f6e5 a4a5 e5e6 a5a6 h3h2 f3g2,1618,81,100,84,endgame,https://lichess.org/m9mYwFoA/black#84,,
00mLm,4Q1nk/p5bp/3P2p1/4p3/4Pq2/1B5P/6P1/7K b - - 2 35,g7h6 e8g8,706,81,100,119,endgame mate mateIn1 oneMove,https://lichess.org/dfm56Es7/black#70,,
00mmI,8/5p2/7k/5K1P/5P2/6R1/8/5r2 b - - 4 49,h6h5 g3h3,1262,76,100,104,endgame,https://lichess.org/flZyNmmd/black#98,,
00n9d,8/8/p5p1/1p3P1p/4K2P/k3P3/8/8 b - - 0 56,b5b4 f5f6 b4b3 f6f7 a3a2 f7f8q,1581,99,100,19,endgame,https://lichess.org/SUDR38Yd/black#112,,
00oNP,6k1/2r5/4p3/p2pb1pP/R5P1/1P6/PP3r2/1K2R3 w - - 0 29,e1e5 f2f1 e5e1 f1e1,816,97,100,33,endgame mate mateIn2 rookEndgame short,https://lichess.org/ko1A0ZH7#57,,
00pCr,6nk/pRQ4p/6p1/5p2/4p3/2b2nP1/q4PKP/5B2 b - - 3 31,c3d4 c7h7,729,76,100,337,master mate mateIn1 middlegame oneMove,https://lichess.org/NGOQ1yu4/black#62,,
00pDE,r3k2r/pp3p2/1qN1p2p/3p4/P7/8/1PP2bPP/R2QKB1R w KQkq - 0 17,e1d2 b6e3,997,75,100,444,mate mateIn1 middlegame oneMove,https://lichess.org/LDpVXolr#33,Queens_Pawn_Game Queens_Pawn_Game_Veresov_Attack,
00pHb,r5rk/4qp1p/p4N1Q/1p2p3/3pP3/1P1P3P/1PP3P1/5RK1 b - - 2 23,g8g6 h6h7,973,76,100,878,endgame kingsideAttack master mate mateIn1 oneMove,https://lichess.org/Iot7eUOB/black#46,,
00pcf,1k1r3r/ppqn2p1/2p1p1p1/8/1B1PQ3/2P5/PP3PPP/R3K2R w KQ - 1 18,e1g1 c7h2,527,91,100,288,kingsideAttack mate mateIn1 middlegame oneMove,https://lichess.org/3LNGH65c#35,Caro-Kann_Defense Caro-Kann_Defense_Classical_Variation,
00piA,r3r1k1/pp3pp1/2p2q1p/3pP3/P3bP2/2P1N1P1/1P1Q1K1P/R3R3 b - - 0 23,e8e5 e3g4 f6f5 g4e5,1050,83,100,433,advantage fork middlegame short,https://lichess.org/1B30ZVJt/black#46,,
00qD8,8/1Q3Rkp/p5p1/1p2q3/2p5/P6P/1b2r1P1/7K b - - 0 37,g7h6 f7h7 h6g5 h3h4 g5f5 b7f3,1890,77,100,251,advantage endgame long,https://lichess.org/tardCB5L/black#74,,
00rjB,2r3k1/pb3qN1/1p2p2p/2b5/6n1/2Pp2B1/PPQ2PP1/1BR1R1K1 w - - 0 28,c2d2 c5f2 g3f2 f7c7 d2h6 g4h6,2752,93,100,118,advantage fork long middlegame sacrifice,https://lichess.org/g1JRNZ58#55,,
00rw0,r2q3k/5Pb1/2n3Bp/3p2pP/pp1P2Q1/6B1/1PP5/6K1 b - - 0 39,g7d4 g4d4 c6d4 g3e5 d8f6 e5f6,1674,74,100,885,exposedKing fork long mate mateIn3 middlegame sacrifice,https://lichess.org/37v3pkKy/black#78,,
00s7Y,5rk1/5Rpp/1q1p4/2pB4/6Q1/2b4P/Pr4P1/6K1 b - - 0 29,f8f7 g4c8 b6d8 c8d8,1008,77,100,303,endgame mate mateIn2 pin short,https://lichess.org/c3f9OVrO/black#58,,
00s8j,3r4/ppk5/2r5/5Q2/4p3/P7/5PPP/3R2K1 w - - 1 35,d1d8 c6c1 d8d1 c1d1,733,85,100,81,backRankMate endgame mate mateIn2 queenRookEndgame short,https://lichess.org/o149kmbP#69,,
00spT,1r4k1/2p1q1pp/pnQ5/4p3/2P5/N2B4/PP3rPP/2K1R2R w - - 0 20,h1f1 e7g5 c1b1 f2b2 b1a1 g5d2,2541,83,100,78,crushing long middlegame queensideAttack,https://lichess.org/TgJXGQdG#39,,
00swU,3rkb1r/pppqp1pp/2n5/1Q3p2/4N3/1P2P3/PBP2PPP/R3KB1R w KQk - 0 12,e4c5 d7d2,1117,75,100,766,mate mateIn1 oneMove opening,https://lichess.org/JfA7i4yS#23,Zukertort_Opening Zukertort_Opening_Tennison_Gambit,
00teH,r1b2r1k/1pp1b1pp/p1np2q1/3Qp3/1PB1P3/P3BN1P/2P2PP1/R2R3K b - - 6 17,f8f3 d5g8,599,94,100,213,mate mateIn1 middlegame oneMove,https://lichess.org/1YS5PpCk/black#34,Italian_Game Italian_Game_Rousseau_Gambit,
00uEf,7k/1R5p/4Nnp1/8/1pr5/5PP1/7P/7K b - - 1 34,f6d5 b7b8 c4c8 b8c8,735,79,100,120,endgame mate mateIn2 short,https://lichess.org/Z4qC2LvJ/black#68,,
00vZg,5rk1/1b4pp/4B3/2Qp4/2r1p3/6P1/4qP1P/2B2RK1 b - - 3 30,g8h8 c5f8,733,80,100,137,hangingPiece master mate mateIn1 middlegame oneMove,https://lichess.org/r2vtT4Gi/black#60,,
00vj7,8/8/7p/4k1nP/6PN/1r3B2/5K2/8 b - - 1 54,e5f4 h4g6,1108,91,100,97,endgame master mate mateIn1 oneMove,https://lichess.org/ezjR07BX/black#108,,
00wWX,r3kr2/pR2n2p/2p1p1p1/2q1P3/2P4Q/8/P4PPP/3R2K1 b q - 1 22,a8d8 d1d8 e8d8 b7b8 d8d7 b8f8,1423,188,100,6,middlegame,https://lichess.org/rBmuMVDu/black#44,,
00xWX,5Q2/7p/6pk/8/8/1Pq3pP/6P1/7K b - - 1 45,h6h5 f8f3 c3f3 g2f3,1092,75,100,203,crushing endgame queenEndgame short,https://lichess.org/zkGVEaQz/black#90,,
00xiD,r4rk1/4qppp/b3p3/pp1pP3/3P4/3Q4/PPB2PPP/R4RK1 b - - 1 17,b5b4 d3h7,521,92,100,287,kingsideAttack mate mateIn1 middlegame oneMove,https://lichess.org/JiOcabu9/black#34,Queens_Gambit_Declined Queens_Gambit_Declined_Other_variations,
00xnu,2R5/p2r4/knQ3p1/4B3/pq1Pb3/8/5PPP/R5K1 w - - 4 40,a1a4 b4a4 c6a4 b6a4,648,81,100,167,advantage middlegame short,https://lichess.org/Sqk5J29I#79,,
00yIS,3r3k/p5p1/5q1p/8/P1b5/4Q1RP/6BK/8 b - - 6 42,d8d3 e3e8 c4g8 g3d3,1017,76,100,652,advantage deflection discoveredAttack endgame master short,https://lichess.org/fIQfIXST/black#84,,
00ybx,6k1/p7/2p1r1bp/3p2p1/8/1PP3BP/P4P2/3R1K2 w - - 0 35,d1e1 g6d3 f1g2 e6e1,940,77,100,171,crushing deflection endgame master short,https://lichess.org/PfEadzZz#69,,
00ynV,3r3r/1p3pk1/1q3NpR/p7/2B5/2P2Q2/1PK2PP1/8 b - - 0 30,h8h6 f6e8 g7h8 f3f7 d8d2 c2d2,1978,97,100,25,endgame,https://lichess.org/oQvJjKHd/black#60,,
00yt1,r3rk2/pp3pbp/6pn/4N3/2Qp1P2/1P5P/6P1/3R2K1 b - - 0 25,h6f5 c4f7,1191,75,100,297,mate mateIn1 middlegame oneMove,https://lichess.org/biaYCFuX/black#50,,
00zmB,2k4r/pp3ppp/6b1/2pQP3/8/2q5/P4PPP/R1B1K2R w KQ - 0 20,e1f1 g6d3 d5d3 c3d3,1143,82,100,95,crushing middlegame short,https://lichess.org/UrDfa3MQ#39,,
010WS,6k1/p2Q4/3p2p1/8/3qPn2/5P2/PPR3PP/6K1 w - - 2 37,c2f2 f4e2 g1h1 d4d1 f2f1 d1f1,1915,77,100,658,endgame long mate mateIn3 pin,https://lichess.org/WNpzh8ee#73,,
010hK,3r1rk1/pp2ppbp/2n3p1/6q1/8/PBp1PP1P/2P1QP1K/R1B2R2 b - - 5 18,c6e5 f3f4 g5f6 f4e5,1152,122,100,12,middlegame,https://lichess.org/2luV29tB/black#36,Vant_Kruijs_Opening Vant_Kruijs_Opening_Other_variations,
011jz,2rrk3/p1p2p2/1p3P2/2p1P1PR/7p/1P6/P5P1/6K1 b - - 0 32,d8d5 h5h8 e8d7 h8c8 d7c8 e5e6,2535,85,100,226,advantage endgame long rookEndgame,https://lichess.org/6KYnVEu8/black#64,,
013NZ,8/pp1r1q1k/2p1p1np/4Q1p1/P3P1N1/1P3P1P/1BP2P1K/8 b - - 2 27,f7f4 e5f4 g6f4 g4f6,890,85,100,134,crushing endgame master short,https://lichess.org/6Ro1Jjgo/black#54,,
013UL,rb3rk1/5ppp/p1pqbn2/2Np4/1P2p3/P3P3/1B1PBPPP/2RQ1RK1 w - - 2 18,h2h3 d6h2,487,102,100,289,mate mateIn1 oneMove opening,https://lichess.org/dEyOmy3v#35,Nimzo-Larsen_Attack Nimzo-Larsen_Attack_Modern_Variation,
013gO,2r5/p3b1k1/8/4pp1K/2Pp2p1/6P1/P1P1Rq1P/R2Q4 w - - 4 29,e2f2 c8h8,792,94,100,389,endgame mate mateIn1 oneMove pillsburysMate,https://lichess.org/tTkDD3Pb#57,,
013oK,8/8/p3r2k/1Q5p/3P2q1/2P5/PP6/1K3R2 w - - 0 31,b5c5 g4e4 b1c1 e4e3 c1c2 e3e2 c2b3 e2f1,1388,76,100,203,advantage endgame fork master veryLong,https://lichess.org/k3Bt26MM#61,,
014Sm,7k/6p1/4R2p/3r4/6nP/4B3/5PP1/6K1 w - - 3 44,e3f4 d5d1 e6e1 d1e1,586,83,100,129,endgame mate mateIn2 short,https://lichess.org/vOOr8GTX#87,,
015fL,8/R7/p1p4P/1p6/1P6/2kP4/3N3r/1K6 w - - 0 50,b1c1 h2h1 d2f1 h1f1,947,75,100,297,endgame mate mateIn2 short,https://lichess.org/jrrGqPUC#99,,
016Im,3r2k1/ppp5/1b6/5Npp/6p1/1P1p2P1/PB1Pn1KP/4R3 b - - 3 29,d8d5 f5e7 g8f7 e7d5,755,78,100,207,advantage endgame fork short,https://lichess.org/0r15kPZY/black#58,,
016sC,1r2k2r/4bp2/2R1p1p1/pp2PnN1/1p1P1n1p/5N1P/PP3BP1/1KR5 b k - 1 26,f4d3 c6c8 b8c8 c1c8,753,82,100,76,advantage master middlegame short,https://lichess.org/52CuEb9p/black#52,,
017xQ,2b5/7k/1P6/5N2/6p1/6Kp/8/8 b - - 0 53,h7g6 f5e7 g6g5 e7c8,922,76,100,103,crushing endgame fork short,https://lichess.org/2fZ7FynM/black#106,,
018Cs,6rr/pp1k1p2/1q2p1b1/2bpQ3/3n1B1P/2N2P2/PPP5/2KR2NR b - - 1 20,d4c2 c3d5 e6d5 d1d5 d7c6 d5c5 b6c5 e5c7 c6b5 a2a4 b5c4 b2b3 c4b3 c7c5,2390,79,100,153,advantage deflection middlegame sacrifice veryLong,https://lichess.org/v9zzUMTg/black#40,,
018Iz,8/3P4/8/1kP2pbP/8/5K2/8/8 b - - 0 51,b5c5 h5h6 c5c6 h6h7 c6d7 h7h8q,1292,75,100,2631,advancedPawn bishopEndgame crushing endgame long promotion,https://lichess.org/51AxZaDj/black#102,,
018KD,k6r/1b5p/6p1/1P6/3Q1P2/PP2R3/3K3P/6q1 b - - 4 31,g1h2 e3e2 h2e2 d2e2,1045,102,100,52,crushing defensiveMove endgame short,https://lichess.org/nG74b9qI/black#62,,
0192c,2r3k1/1Q3ppp/2pB4/2Pp1b1n/3p3K/P4P2/4q1PP/R3R3 b - - 3 24,e2g2 b7c8 f5c8 e1e8,989,77,100,282,backRankMate mate mateIn2 middlegame sacrifice short,https://lichess.org/VGL6kiN0/black#48,,
019Z4,r1b2rk1/p2n2bp/4pqp1/2pp4/5PPP/2N1B3/PPPQ4/2KR1B1R w - - 0 16,c3d5 f6b2,505,90,100,231,mate mateIn1 middlegame oneMove queensideAttack,https://lichess.org/Z6qRFYhT#31,Sicilian_Defense Sicilian_Defense_Dragon_Variation,
019i4,6rk/1R6/6Pp/p1p5/6K1/7r/3b4/8 b - - 5 43,h3h1 b7h7,752,79,100,205,endgame mate mateIn1 oneMove,https://lichess.org/JHLHa5FF/black#86,,
01AcF,8/6k1/4pRP1/3pPp2/2r2K2/2P5/8/8 w - - 1 43,f4g3 c4g4 g3f3 g4g6,1842,75,100,651,crushing endgame rookEndgame short,https://lichess.org/w0lYZRoX#85,,
01B2X,4r1k1/3p1p1p/8/2pP1QpP/4n3/4N3/4NnP1/r5KR w - - 2 30,g1h2 a1h1,1112,75,100,169,master mate mateIn1 middlegame oneMove,https://lichess.org/cErYYOpu#59,,
01BTN,5Bk1/pp5p/1n4b1/2p5/2P5/2N1bB1P/PP4P1/Q2R1Kq1 w - - 9 29,f1e2 g1f2,939,78,100,92,mate mateIn1 middlegame oneMove,https://lichess.org/k5IuESQa#57,,
01Cjs,8/5p2/3pkPrp/1p1rp2R/1P6/2P2RP1/3K1P1P/8 w - - 1 34,d2e2 e5e4 h5h4 e4f3,1162,77,100,88,crushing endgame rookEndgame short,https://lichess.org/anQBXaJA#67,,
01Cq8,r2r1k2/5p1p/p4p2/1pP1p3/3Nb3/P3P3/1P3PPP/2RR2K1 w - - 0 20,d4b3 d8d1 c1d1 e4c2 d1d6 c2b3,1009,79,100,463,advantage endgame fork long master,https://lichess.org/0jcejOU1#39,,
01DVo,3q2k1/1p2brp1/1nn1p2p/p1p1P2N/P1Pp3P/1P1P2Q1/1B3P2/4RBK1 w - - 7 31,f1h3 e7h4 h3e6 h4g3,970,76,100,245,advantage middlegame short,https://lichess.org/Mm3OAzt5#61,,
01E4E,r1bq1rk1/pp3pBp/2pp2p1/8/B3n3/P1N4P/1PP2PP1/R2QK2R b KQ - 0 12,e4c3 g7c3 f8e8 e1f1,1823,76,100,401,advantage defensiveMove middlegame short,https://lichess.org/mwgyWvSQ/black#24,Pirc_Defense Pirc_Defense_Classical_Variation,
01E8U,r3k2r/p2n1ppp/q1pBp3/3p2Q1/1PpPb3/5NP1/1P2PPBP/5RK1 b kq - 3 18,h8g8 g5e7,662,78,100,110,mate mateIn1 middlegame oneMove,https://lichess.org/G5FKTq2v/black#36,Kings_Indian_Attack Kings_Indian_Attack_Yugoslav_Variation,
01FjT,r3k1nr/pp2B3/2p1p3/3q3p/4N1p1/3P2P1/PPP2P1P/R3Q1K1 b kq - 0 18,g8e7 e4f6 e8f7 f6d5,823,106,100,40,advantage fork middlegame short,https://lichess.org/ypELDUnH/black#36,Scandinavian_Defense Scandinavian_Defense_Valencian_Variation,
01H4V,r5k1/6p1/2N3pp/3p4/P2P4/1P5n/6PP/5RqK w - - 7 34,f1g1 h3f2,818,79,100,526,endgame mate mateIn1 oneMove smotheredMate,https://lichess.org/ekvxZJSu#67,,
01HQs,2k2b1r/ppp1ppp1/2n4p/8/3r2nq/2NPB3/PPP2P1N/R2QRBK1 w - - 6 14,h2g4 d4g4 f1g2 h4h3 d1g4 h3g4,1659,75,100,251,advantage kingsideAttack long middlegame pin,https://lichess.org/oHuhR4v1#27,Scandinavian_Defense Scandinavian_Defense_Mieses-Kotroc_Variation,
01HU7,2R3k1/8/1p2pBq1/3bP2p/8/5P2/5KP1/8 b - - 1 45,g8h7 c8h8,814,96,100,78,endgame mate mateIn1 oneMove,https://lichess.org/I0FSgmDV/black#90,,
01HgC,rn1q1rkn/pbppbppp/1p2p2B/4P2P/3P2Q1/3B1N2/PPP2PP1/RN2K2R b KQ - 2 9,f7f5 g4g7,642,85,100,122,kingsideAttack mate mateIn1 oneMove opening,https://lichess.org/0KY2Dkpf/black#18,Owen_Defense Owen_Defense_Other_variations,
01HvT,r1b1k2r/pp3ppp/2p1pn2/4P1B1/Pbp5/2N1P3/1P3PPP/3RKB1R b Kkq - 0 10,f6e4 d1d8,457,100,100,293,mate mateIn1 middlegame oneMove operaMate,https://lichess.org/mOSK58xR/black#20,Slav_Defense Slav_Defense_Soultanbeieff_Variation,
01I8x,8/1p2R2p/3k4/1p1q4/P7/5P2/6K1/4R3 w - - 2 42,e1e6 d5e6 e7e6 d6e6,856,78,100,167,crushing endgame queenRookEndgame short,https://lichess.org/X0c2JZm8#83,,
01ImY,r7/4R2p/1B1P1kq1/1p2pp2/5n2/2Q2N2/PP3P1P/6rK w - - 3 29,f3g1 g6g2,958,87,100,44,mate mateIn1 middlegame oneMove,https://lichess.org/iyzaj32t#57,,
01J49,6R1/p4q2/2p4p/6pk/6P1/8/P4r1P/6QK b - - 0 42,h5h4 g1g3,881,76,100,189,endgame mate mateIn1 oneMove,https://lichess.org/7yF88jWj/black#84,,
01J6z,6k1/2qn2bp/3p2p1/1p1r4/1P2N3/4BN2/P4PPP/2R3K1 w - - 0 26,c1c7 d5d1 f3e1 d1e1,522,102,100,409,backRankMate mate mateIn2 middlegame short,https://lichess.org/x5acZ9ke#51,,
01Ja1,4r1k1/p6p/1p1rNb1P/5K2/1P3p2/PR3P2/6P1/7R w - - 6 39,e6f4 e8e5 f5g4 e5g5 g4h3 f6e5 g2g4 e5f4,1774,76,100,629,advantage clearance endgame veryLong,https://lichess.org/cxk7MJLA#77,,
01Jpm,3R4/8/p5pp/2B5/5b1P/P3p3/8/3K1k2 w - - 2 46,d8f8 e3e2 d1c2 e2e1q f8f4 f1g2,1379,76,100,872,advancedPawn advantage defensiveMove deflection endgame long promotion,https://lichess.org/ScInufn8#91,,
01Kb6,r2qkbnr/1b1p1pp1/p1n1p2p/1pp1P3/4NP2/3PBN2/PPP3PP/R2QKB1R b KQkq - 1 8,g8e7 e4d6,971,84,100,76,mate mateIn1 oneMove opening smotheredMate,https://lichess.org/SqZYoiw7/black#16,Sicilian_Defense Sicilian_Defense_Closed,
01LPf,2k5/pp2b3/2p1p2p/4N3/2P1Pp2/2N4n/PPBr1P2/5R1K w - - 1 27,c2b3 h3f2 f1f2 d2f2,909,76,100,336,advantage kingsideAttack middlegame short,https://lichess.org/4HYTdN0R#53,,
01Mee,8/8/4p1R1/3p1n1k/3P1P2/5K2/8/8 w - - 0 53,g6e6 f5d4 f3e3 d4e6 f4f5 e6c7,1884,75,100,271,crushing defensiveMove endgame fork long,https://lichess.org/sNNfZQ4w#105,,
01Mnd,6rk/3Q3p/p1r2q2/2Np4/3P4/P1K1P3/1P6/R1B5 w - - 15 36,d7d5 g8g5 d5g5 f6g5,2008,178,100,5,middlegame,https://lichess.org/wn9q3bzN#71,,
01Mwq,r4b2/1p3R2/3kp1p1/1B1p1b2/P2P4/8/1PP1N2r/2K1R3 b - - 1 27,a8c8 f7d7,809,78,100,440,mate mateIn1 middlegame oneMove operaMate,https://lichess.org/pGz2Uq5K/black#54,,
01NVd,8/1K3Npk/5n2/R6p/7r/p7/8/8 b - - 1 48,h4h3 f7g5 h7g6 g5h3,909,77,100,621,advantage endgame fork master short,https://lichess.org/acDgVv4Q/black#96,,
01O3y,8/1Q5p/3q1ppk/2p1p3/4P1P1/1PP2PK1/r2r4/7R b - - 13 44,h6g5 h1h5 g6h5 b7g7,1779,75,100,159,endgame mate mateIn2 sacrifice short,https://lichess.org/Rmah8KfB/black#88,,
01OgB,r3r1k1/1ppQ1pp1/1p5p/1P6/3P4/2P5/3B1PPP/5qK1 w - - 0 22,g1f1 a8a1 d2c1 a1c1,811,77,100,1318,endgame mate mateIn2 short,https://lichess.org/3ASaJgPf#43,,
01Ou9,5N1k/5qp1/p6p/8/8/4r3/6PP/5R1K w - - 0 32,f1f7 e3e1 f7f1 e1f1,438,96,100,234,backRankMate endgame mate mateIn2 short,https://lichess.org/Fh2rZgZT#63,,
01P69,6k1/5p2/b2P1p1p/p7/P3PQ2/6PP/1pr2qBK/4R3 w - - 0 37,d6d7 f2g2,1212,104,100,21,endgame,https://lichess.org/iLwX580M#73,,
01P93,5r2/ppN1r1kp/2n1p1p1/3p1qNn/3P3P/5P2/PPPQ4/2K1R2R b - - 0 18,e7c7 g5e6 g7g8 e6c7,1135,76,100,112,advantage fork master middlegame short,https://lichess.org/cs66hsUq/black#36,Dutch_Defense Dutch_Defense_Staunton_Gambit,
01PDL,8/p6k/6p1/1pK1Bp2/2p2P2/P2bP1P1/1P5P/8 w - - 4 31,c5b5 c4c3 b5b4 c3c2 b4c3 c2c1q,1244,83,100,52,endgame,https://lichess.org/SWSZt5hP#61,,
01Pkt,8/p6p/6p1/1P2p3/Pk6/4KP2/6PP/8 w - - 4 34,e3e4 b4a4 e4e5 a4b5 f3f4 a7a5,1159,75,100,456,crushing defensiveMove endgame long pawnEndgame,https://lichess.org/7GmDEdjf#67,,
01QIH,4rr1k/1pq1R1bp/p4npN/2p2pB1/3p4/3P3Q/PPP2PPP/4R1K1 w - - 8 24,e7c7 e8e1,598,103,100,65,backRankMate hangingPiece mate mateIn1 middlegame oneMove,https://lichess.org/kDZlpM2U#47,,
01QSk,6k1/7r/4P1p1/Q7/3P4/1r3K2/6P1/8 w - - 9 51,f3e4 h7h4 e4d5 h4h5 d5c4 h5a5,1057,75,100,209,crushing endgame long queenRookEndgame skewer,https://lichess.org/CAhxmY2w#101,,
01RBb,2k5/ppp1r3/4qpp1/3p4/3n1B1P/1PbQ2P1/P1P2K2/R6R w - - 0 24,d3c3 e6e2 f2g1 d4f3 c3f3 e2f3,984,77,100,196,advantage long middlegame,https://lichess.org/l1R19uwm#47,,
01RLM,3rk2r/ppp2ppp/5n2/4p3/4P1b1/2P2N2/PPP2PPP/R1B1K2R w KQk - 0 9,f3e5 d8d1,950,111,100,34,mate mateIn1 middlegame oneMove,https://lichess.org/MEIDiHiI#17,Four_Knights_Game Four_Knights_Game_Spanish_Variation,
01RWL,8/1B1K4/p4k2/8/1P4p1/5p2/P7/8 w - - 0 46,b7a6 g4g3 b4b5 g3g2 b5b6 g2g1q,1653,75,100,532,advancedPawn bishopEndgame crushing endgame long promotion,https://lichess.org/mp7s11NO#91,,
01S5S,8/p7/1p5B/1kp5/6K1/1P3R2/1r6/8 w - - 2 52,h6g7 b2g2 f3g3 g2g3 g4g3 b5b4,1254,78,100,589,crushing endgame long master,https://lichess.org/UsLqzvpj#103,,
01Siq,5rk1/5p2/p2p1Rp1/1p1P2Pp/7r/8/PPPR4/1K6 w - - 0 28,f6d6 h4h1 d2d1 h1d1,441,96,100,336,backRankMate endgame mate mateIn2 rookEndgame short,https://lichess.org/qoBdj9xn#55,,
01TMP,r3k2r/pp2qpp1/2n1b2p/8/3PR3/2P2NP1/PPQ2PP1/2K4R b kq - 0 16,e8g8 d4d5 c6b4 e4b4,2232,134,100,31,equality middlegame short,https://lichess.org/hD8JXDdV/black#32,,
01UaM,8/8/p4nk1/Pp2Br2/8/2P3PK/1P2Qr1P/8 w - - 5 46,e2e1 f5h5,903,77,100,462,endgame mate mateIn1 oneMove,https://lichess.org/rcKp52nw#91,,
01VAQ,4Q2k/ppp3pp/2q5/6r1/2N3P1/6nP/PP3r2/2R1R1K1 b - - 2 24,c6e8 e1e8 f2f8 e8f8,469,88,100,140,backRankMate mate mateIn2 middlegame short,https://lichess.org/GgFJiSSh/black#48,,
01VEo,r3k2r/pp3pp1/2pqpn2/2N3p1/2P5/8/PPP1QPPP/R4RK1 w kq - 1 15,c5b7 d6h2,816,76,100,338,kingsideAttack mate mateIn1 middlegame oneMove,https://lichess.org/TfS8CNW4#29,Caro-Kann_Defense Caro-Kann_Defense_Two_Knights_Attack,
01Vnj,6r1/5p1k/p3pBP1/2Pp2Q1/q1pP3P/P4P2/5K2/8 b - - 0 33,g8g6 g5h5 g6h6 h5f7,1126,75,100,494,endgame mate mateIn2 short,https://lichess.org/8SBfoRx3/black#66,,
01VxT,5rk1/R4p1p/4p1p1/4P3/P2PNn2/7P/1r3PP1/3R1K2 w - - 2 30,d1d2 b2b1 d2d1 b1d1,806,79,100,462,endgame mate mateIn2 short,https://lichess.org/G0yQLw5T#59,,
01X4O,r3r1k1/1pp2pp1/p1bb3p/6q1/2P5/1P2P2P/PBQN1PP1/R4RK1 w - - 1 16,f2f4 g5g2,680,82,100,254,kingsideAttack mate mateIn1 middlegame oneMove,https://lichess.org/JvUwQLQ3#31,Englund_Gambit Englund_Gambit_Other_variations,
01Xbe,8/3R3p/6pk/3p4/2p1b1P1/6KP/r7/4R3 w - - 0 41,g3h4 g6g5 h4g3 a2g2,1125,77,100,261,endgame mate mateIn2 short,https://lichess.org/MFtff6Yc#81,,
01Xzx,3r2k1/1Rp1qpp1/7p/8/5Q2/1PP5/5PPP/3r1RK1 w - - 5 26,b7c7 d1f1 g1f1 d8d1,1229,75,100,425,attraction endgame mate mateIn2 short,https://lichess.org/lgUG6A1I#51,,
01YDB,8/6p1/4k1N1/5R1P/4n1PK/8/5P2/r7 w - - 11 60,f2f3 a1h1,633,82,100,504,anastasiaMate endgame mate mateIn1 oneMove,https://lichess.org/tqDuguWq#119,,
01YTQ,8/6p1/2k4p/p1r5/3K4/1P1R1P1P/8/8 w - - 12 46,d3c3 c5c3 d4c3 g7g5,2550,78,100,119,crushing defensiveMove endgame rookEndgame short,https://lichess.org/dsfAPWbn#91,,
01ZHj,r2q1rk1/1ppbbpp1/2np1n1p/1B6/4N3/2Q1PN2/PBP2PPP/R3K2R b KQ - 4 12,f6e4 c3g7,510,100,100,315,kingsideAttack mate mateIn1 middlegame oneMove,https://lichess.org/MVp0LL4n/black#24,Polish_Opening Polish_Opening_Czech_Defense,
01ZZ4,r2q1rk1/p4ppp/2p5/5Q2/1p1p3b/1P4PR/1P3P2/R5K1 b - - 0 21,h4f6 f5h7,715,93,100,49,kingsideAttack mate mateIn1 middlegame oneMove,https://lichess.org/z0FrdIvb/black#42,,
01bFi,8/5k2/6R1/6K1/8/3r4/8/8 w - - 1 58,g5h6 d3h3 h6g5 h3g3 g5f4 g3g6,983,80,100,67,crushing deflection endgame long master rookEndgame skewer,https://lichess.org/0u2RuPHq#115,,
01c65,2kr3r/p1p2pp1/3b1n1p/1B2p3/3n2b1/2NPB3/PPPN1P1P/R3KR2 w Q - 2 15,b5c4 d4c2,907,84,100,63,mate mateIn1 middlegame oneMove,https://lichess.org/DQUlPcMu#29,Italian_Game Italian_Game_Two_Knights_Defense,
01cZp,3k4/6Q1/6n1/7p/p1q1P1pP/P1B5/1P5P/7K w - - 6 39,g7g6 c4f1,600,82,100,122,endgame mate mateIn1 oneMove,https://lichess.org/60Sde0tT#77,,
01cbJ,r2q1rk1/pb2p1b1/1p1pNnQ1/2p4p/3P3P/2P1P1B1/PP3P2/R3K1R1 b Q - 2 17,d8e8 g6g7,911,78,100,171,kingsideAttack mate mateIn1 middlegame oneMove,https://lichess.org/bfSlB0GS/black#34,English_Defense English_Defense_Other_variations,
01chU,1N4k1/7p/PR1n2r1/1b6/1P3R2/3p3r/1P4P1/4N1K1 w - - 0 45,e1d3 h3d3 a6a7 d3d1,1907,134,100,32,equality hangingPiece middlegame short,https://lichess.org/sEbtzZxR#89,,
01czg,4kr2/p3n3/2p4Q/2PpP1N1/2pB1p2/q1P5/1r3PPP/1R4K1 w - - 0 29,b1b2 a3a1 b2b1 a1b1,763,77,100,451,backRankMate fork mate mateIn2 middlegame short,https://lichess.org/AXepbRZI#57,,
01dgp,2kr3r/2pbqpb1/p2p3p/1p1Q2p1/3N4/BP2P2P/P1P2PP1/2R2RK1 b - - 0 21,g7d4 d5a8,951,76,100,358,mate mateIn1 middlegame oneMove,https://lichess.org/N3iBKjiA/black#42,,
01diX,3r1r1k/ppp2pnp/3b3Q/4q3/2B1N1R1/P4P2/1P5P/2K5 b - - 2 22,e5h5 h6g7,915,76,100,402,kingsideAttack mate mateIn1 middlegame oneMove,https://lichess.org/Wv3qbZNi/black#44,,
01e0H,6k1/5ppp/1r2p3/3p4/rN2n3/P1p1P3/1P3PPP/2RR2K1 b - - 1 23,c3b2 c1c8,636,86,100,81,backRankMate endgame mate mateIn1 oneMove,https://lichess.org/dGF4iXPN/black#46,,
01ei6,r3kbnr/pp3ppp/4q3/2p1P3/8/1PB5/2PQ1PPP/2KRR3 b kq - 4 18,a8d8 d2d8,419,87,100,254,mate mateIn1 middlegame oneMove,https://lichess.org/kUw8pkHj/black#36,Scotch_Game Scotch_Game_Lolli_Variation,
01fya,1rbR1rk1/5pp1/p3p2p/1p6/4B3/8/PPP2PPP/2KR4 b - - 1 18,f8d8 d1d8,589,82,100,136,endgame mate mateIn1 oneMove pillsburysMate,https://lichess.org/Wx2VGyoR/black#36,Rapport-Jobava_System Rapport-Jobava_System_Other_variations,
01g8T,4rk2/1r3p2/1p1R2p1/2p2p1b/p1P2B1P/P1P3R1/1P6/2K5 b - - 1 30,f8e7 g3e3 e7f8 f4h6 f8g8 e3e8,1279,78,100,107,endgame,https://lichess.org/DkqFZTzC/black#60,,
01gPh,2rR2k1/p4p1p/q1p1b1p1/4P3/1Q6/2P3P1/7P/3R2K1 b - - 1 30,c8d8 d1d8 g8g7 b4f8,829,78,100,81,endgame mate mateIn2 short,https://lichess.org/QgETDRCg/black#60,,
01gjE,1Q2n1kr/r4ppp/q7/bbB5/4p3/2P1P3/P3NPPP/RN2K2R w KQ - 8 21,c5a7 a5c7 b8a8 b5c6 a8c6 a6c6,1919,114,100,42,equality long middlegame trappedPiece,https://lichess.org/VupKq5vL#41,,
01hdS,2r2b1r/pp3ppp/8/3Npk2/8/8/PPP2PPP/R3K2R b KQ - 2 15,c8c2 d5e3 f5e6 e3c2,817,79,100,155,advantage endgame fork short,https://lichess.org/D7ZmENTi/black#30,Three_Knights_Opening Three_Knights_Opening_Other_variations,
01ig0,5kn1/5p2/2R2Pp1/1p4r1/1P1P4/r7/3R3K/8 b - - 0 37,g5f5 c6c8,399,91,100,237,endgame mate mateIn1 oneMove,https://lichess.org/hvP3GzUB/black#74,,
01inb,3r3k/p1p3pp/1p6/3P1p2/6nq/P3P3/BPQ1b1PP/2R1R1K1 w - - 12 33,c2e2 h4h2 g1f1 h2h1,878,87,100,233,kingsideAttack mate mateIn2 middlegame short,https://lichess.org/CrxOZcwc#65,,
01ivK,1nkr1b1r/pppb4/4p1p1/PP3p1q/2PP2p1/6P1/5PBP/RNBQ1RK1 w - - 2 19,c1f4 h5h2,454,88,100,272,kingsideAttack mate mateIn1 middlegame oneMove,https://lichess.org/KxYtGpXu#37,,
01jc0,4r2k/6p1/p5p1/1p1p4/3NrP2/P1PR2Pb/1P5P/5R1K w - - 1 31,f1d1 e4e1 d1e1 e8e1,570,79,100,234,endgame master mate mateIn2 pillsburysMate short,https://lichess.org/kgtGQWe4#61,,
01jvC,8/pr6/3kp3/R2p1pp1/3P4/4PPP1/8/5K2 b - - 0 35,b7h7 a5a6 d6e7 a6a7 e7f6 a7h7,957,80,100,169,crushing endgame interference long rookEndgame skewer,https://lichess.org/w4KHnK29/black#70,,
01k4m,r1bqr1k1/1p2bppp/p4n2/3p2B1/8/2PB1N1P/PP2Q1P1/RN2R1K1 w - - 4 15,b1d2 e7c5 g1h1 e8e2,1352,76,100,519,advantage discoveredAttack middlegame short,https://lichess.org/NGD3XQIZ#29,Caro-Kann_Defense Caro-Kann_Defense_Exchange_Variation,
01lVf,2r3k1/p4p2/1p4pp/3p4/3Bq3/P6P/5QP1/5RK1 b - - 1 36,c8c2 f2f7,550,81,100,307,endgame mate mateIn1 oneMove,https://lichess.org/5xBds0n5/black#72,,
01mZT,8/8/2k5/8/8/r2NK1P1/5P2/8 b - - 1 63,a3a2 d3b4 c6d6 b4a2,904,76,100,248,crushing endgame fork master short,https://lichess.org/PhMccyP2/black#126,,
01nHS,8/p4p1k/4p1bp/5p2/5Q1R/4P1KP/1r3PP1/6q1 b - - 9 43,b2e2 f4h6 h7g8 h6h8,1061,75,100,443,endgame mate mateIn2 short,https://lichess.org/AOPK6WeY/black#86,,
01o70,8/8/q7/P7/1K6/1N6/4k3/8 b - - 0 58,e2d3 b3c5 d3d4 c5a6,660,82,100,459,crushing endgame fork short,https://lichess.org/GIHV3uX4/black#116,,
01q3L,rn1q1rk1/1b2bpp1/p3p2p/1pp1P3/3P4/2NQ1N2/PPB2PPP/3R1RK1 b - - 1 14,c5c4 d3h7,554,84,100,131,mate mateIn1 middlegame oneMove,https://lichess.org/IXur2yos/black#28,Queens_Gambit_Declined Queens_Gambit_Declined_Modern_Variation,
01q4k,7k/pb3pbp/1p2p1p1/2p1P1P1/2P3qP/PP3N2/5P2/R2Q1K2 b - - 3 32,b7f3 d1d8 g7f8 d8f8,515,105,100,398,endgame kingsideAttack mate mateIn2 short,https://lichess.org/LkEZIb1E/black#64,,
01qTU,3r1k2/pp4pQ/5b2/2P5/P5qP/2P1R1P1/5P1K/8 b - - 0 35,d8d2 h7h8 f8f7 h8e8,980,76,100,305,endgame mate mateIn2 short,https://lichess.org/MeSWnD6z/black#70,,
01qVU,4r1k1/Rb5p/1P1B2p1/6P1/8/3n1p2/4N1P1/6K1 w - - 0 38,e2g3 e8e1 g1h2 f3g2 g3e2 e1h1,2355,89,100,207,advancedPawn crushing endgame long,https://lichess.org/xqqywDUn#75,,
01qVt,6R1/r7/3p4/6p1/4Pp2/5P2/5kPK/8 w - - 0 48,g8g5 a7h7 g5h5 h7h5,686,77,100,195,endgame master mate mateIn2 rookEndgame short,https://lichess.org/cQw7CAHw#95,,
01qax,r4nk1/pp5p/2pBp2K/2Pp2P1/3Q4/7P/PPB1q3/8 b - - 1 31,e2c2 d4g7,841,84,100,209,endgame master mate mateIn1 oneMove,https://lichess.org/yjaYnOsD/black#62,,
01qn2,r6k/1b2rpp1/5q1B/1pppbP1Q/p3P1RR/P2P3P/B5P1/7K b - - 0 29,g7h6 h5h6 f6h6 h4h6,767,90,100,230,kingsideAttack mate mateIn2 middlegame short,https://lichess.org/6LGkUZ0m/black#58,,
01rK7,2R1r1k1/5p2/6p1/7p/3B4/7P/q4PP1/2R3K1 b - - 7 37,e8c8 c1c8 g8h7 c8h8,600,84,100,71,endgame mate mateIn2 short,https://lichess.org/01gitAMG/black#74,,
01rQs,r7/1q2Rpk1/p5rp/1p1b2p1/5n2/8/PQ4PP/4R1K1 b - - 3 35,g7g8 e7e8 a8e8 e1e8 g8h7 b2h8,862,78,100,283,long mate mateIn3 middlegame,https://lichess.org/Qf3G1Z29/black#70,,
01rpc,8/5k2/4p1p1/p6p/2Kp1P1P/1P6/P2Q4/6q1 b - - 1 45,g1e3 d2e3 d4e3 c4d3 e3e2 d3e2,1515,77,100,817,crushing endgame long queenEndgame,https://lichess.org/gn3bBdJg/black#90,,
01tAr,5k2/prr2pp1/4pq2/8/3R4/2pQP1P1/P4P1P/2R3K1 b - - 1 26,b7b2 d4d8 f6d8 d3d8,762,80,100,178,endgame mate mateIn2 short,https://lichess.org/7rE15GwH/black#52,,
01tZ5,1r2n1r1/2q2ppk/2pb1B2/1p2pN1p/4P3/4Q1RP/PP3PP1/R5K1 b - - 1 25,e8f6 g3g7 g8g7 e3h6 h7g8 h6g7,1174,75,100,718,attraction fork long mate mateIn3 middlegame sacrifice,https://lichess.org/PtrA8zgf/black#50,,
01uI5,rn1Br1k1/pp3ppp/2p5/3p3b/3P4/5B1P/PPP2PP1/RN2R1K1 b - - 0 14,h5f3 e1e8,608,85,100,427,backRankMate hangingPiece mate mateIn1 middlegame oneMove,https://lichess.org/JfkAS8xm/black#28,French_Defense French_Defense_Exchange_Variation,
01v8U,8/p7/1p2nkr1/2p4R/2Pn4/3R2P1/PP3BK1/8 w - - 6 36,d3e3 e6f4 g2h2 f4h5,739,142,100,19,endgame master,https://lichess.org/XDluWHZJ#71,,
01v9U,6rk/p1RR2p1/4qp1Q/4p3/6Pn/P4P2/1P6/K7 b - - 0 44,g7h6 d7h7,632,84,100,243,endgame mate mateIn1 oneMove,https://lichess.org/WoHF4XGf/black#88,,
01vaS,3R1k2/nbp1q1p1/4PpQp/pp6/6P1/P3p3/1P2BbP1/1K5R b - - 2 29,e7d8 g6f7,969,77,100,142,mate mateIn1 middlegame oneMove,https://lichess.org/7mboHHWn/black#58,,
01vel,q5k1/P2Q1pp1/1r3bb1/3p4/8/3pB2P/5PP1/R5K1 b - - 1 31,b6b7 d7b7 a8b7 a7a8q b7a8 a1a8,1119,75,100,125,advancedPawn advantage long middlegame promotion,https://lichess.org/cAYGX3C0/black#62,,
01vyt,2kr2r1/ppp2pqp/2n1b3/2N5/2pp4/5N2/PPP1QPPP/R4RK1 w - - 0 14,c5e6 g7g2,797,80,100,142,kingsideAttack mate mateIn1 middlegame oneMove,https://lichess.org/vNqZn4cv#27,Italian_Game Italian_Game_Two_Knights_Defense,
01wTd,8/5pk1/q3p1p1/p1BpPnPp/Pp3P2/1P2P3/2Q2K2/8 b - - 3 42,a6c6 c5f8 g7f8 c2c6,812,78,100,123,crushing discoveredAttack endgame short,https://lichess.org/7HQsZyWf/black#84,,
01xM4,r1b2rk1/pp4pp/2p1p2q/3pPp2/2PP2n1/1PN1P1P1/PB2QnBP/R4R1K w - - 1 18,f1f2 h6h2,895,91,100,47,kingsideAttack mate mateIn1 middlegame oneMove,https://lichess.org/uO96UPDf#35,Dutch_Defense Dutch_Defense_Normal_Variation,
01xbu,2r2r2/2b1qpk1/p1n1pn1p/1pPp2pN/1P1P4/P2Q3P/2BB1PP1/R3R1K1 b - - 3 23,f6h5 d3h7 g7f6 h7h6,1146,117,100,20,deflection mate mateIn2 middlegame short,https://lichess.org/uVv0qtDl/black#46,,
01y4n,3rk1nr/p4pp1/2p4p/1p2b3/6b1/1P3N2/1PP2PPP/RNB1K2R w KQk - 0 13,f3e5 d8d1,471,88,100,128,mate mateIn1 middlegame oneMove operaMate,https://lichess.org/XlfwWati#25,Italian_Game Italian_Game_Anti-Fried_Liver_Defense,
01ydA,5rk1/7p/6P1/7p/p3Q3/PpPB4/1P6/1K3q2 w - - 1 45,d3f1 f8f1 e4e1 f1e1,629,96,100,37,endgame mate mateIn2 short,https://lichess.org/xFFFHkmY#89,,
01yds,2r3k1/5p2/4b1p1/2Q1P2p/4KP2/6P1/7P/8 w - - 3 65,c5d4 c8c4 d4c4 e6c4,1205,76,100,1066,crushing endgame pin short,https://lichess.org/4fsHue7C#129,,
01z3s,rb2k2r/1pqn2pp/2p1pn2/p2p2B1/1P1P4/2P2Q1P/P2NBPP1/R4RK1 w kq - 2 14,b4a5 c7h2,633,83,100,122,mate mateIn1 middlegame oneMove,https://lichess.org/wRFVrpDb#27,Caro-Kann_Defense Caro-Kann_Defense_Other_variations,
01z4c,3QN1k1/1p3pb1/2r1p1p1/3pP3/3P3p/1B5P/PP3KP1/2r2n2 b - - 5 31,c6c8 e8f6,926,78,100,452,doubleCheck master mate mateIn1 middlegame oneMove,https://lichess.org/MUMuE0Jk/black#62,,
01zIg,5k2/2p3p1/p1p4p/4N1b1/8/2P1p3/PP2K2P/8 b - - 1 35,g5f4 e5g6 f8e8 g6f4,1055,75,100,640,advantage endgame fork master short,https://lichess.org/5FfTCQ0M/black#70,,
01zWA,8/2r5/1b5k/1P1PpRq1/4Q2p/6pP/6P1/2r2B1K w - - 6 41,f5g5 c1f1,634,80,100,122,endgame hangingPiece mate mateIn1 oneMove,https://lichess.org/NOitNpvw#81,,
01zpX,r3k2r/pp1q1ppp/8/3pb3/8/2N5/PP3PPP/R2QK2R w KQkq - 0 14,d1d5 e5c3 b2c3 d7d5,934,82,100,169,crushing intermezzo middlegame short,https://lichess.org/j4xHE3EA#27,English_Opening English_Opening_Symmetrical_Variation,
01zsb,3n3k/pp4rp/2p3q1/2p2p1n/PP6/1QN1PN1P/5PP1/2R3K1 w - - 0 28,c1d1 g6g2,974,135,100,42,kingsideAttack mate mateIn1 middlegame oneMove,https://lichess.org/Yjn3v2Vi#55,,
020Jm,2r5/1b4kp/pN1P2p1/5p2/3Rpq2/1Q5P/PPr3P1/3R2K1 w - - 1 32,b6c8 f4f2 g1h2 f2g2,1135,75,100,412,mate mateIn2 middlegame short,https://lichess.org/Ay8WurNu#63,,
020iD,r2qkb1r/2p1pppp/p1n2nb1/1N2N3/B2P2P1/7P/PPP5/R1BQK2R b KQkq - 0 11,c6e5 b5c7,764,79,100,455,doubleCheck mate mateIn1 middlegame oneMove,https://lichess.org/nqfS2LfA/black#22,Blackmar-Diemer_Gambit_Accepted Blackmar-Diemer_Gambit_Accepted_Teichmann_Defense,
0212o,r4rk1/2p2pp1/1p1p3p/pB1Pn3/P3P3/2P4q/1B1Q1PP1/R5K1 w - - 0 22,g2h3 e5f3 g1g2 f3d2,666,88,100,113,advantage fork middlegame short,https://lichess.org/z6sMyCBa#43,,
0213A,2r1r1k1/1b3pp1/pp6/2bp1q2/3B4/1P1QPNnp/P4P1P/2R2RKB w - - 0 26,d3f5 g3e2,1150,75,100,217,master mate mateIn1 middlegame oneMove,https://lichess.org/3Eplz6xP#51,,
021YG,6k1/p4ppp/2Q5/8/2B5/2P5/PP2qbPP/R2r3K w - - 2 23,a1d1 e2d1 c4f1 d1f1,576,94,100,123,endgame mate mateIn2 short,https://lichess.org/c8RW1s5Z#45,,
021ba,4r1k1/pnp3pp/1p1P4/4Nq2/2Q2B2/4b1P1/PP4KP/8 b - - 0 27,g8h8 e5f7 f5f7 c4f7,948,78,100,111,crushing middlegame short,https://lichess.org/L6UBVPzi/black#54,,
021en,8/p4pkp/6p1/3Qb3/5q2/3P3P/P1r2PP1/1R3RK1 w - - 0 33,d5e4 f4h2,927,77,100,244,endgame mate mateIn1 oneMove,https://lichess.org/bHPOFBLq#65,,
022AB,4k3/5p1p/5p2/8/1R5P/p4rP1/P1P5/1K6 w - - 0 35,b4b3 f3f1,918,82,100,77,endgame mate mateIn1 oneMove rookEndgame,https://lichess.org/I2Sw50W0#69,,
022pe,8/8/1R6/5rkp/1p4p1/6P1/1r3P1P/5RK1 b - - 1 38,b4b3 h2h4 g4h3 f2f4,1615,75,100,213,crushing endgame master rookEndgame short,https://lichess.org/Phc12VkL/black#76,,
024y2,5N2/4k3/p1P1pp2/1p6/1P6/P4r2/1PK5/8 b - - 0 37,f3f4 f8g6 e7d6 g6f4,971,77,100,271,crushing endgame fork master short,https://lichess.org/1tKpDVnz/black#74,,
025U2,R7/8/2p2r1k/P4p1p/3PpP1q/6p1/3B2Qr/6RK w - - 0 43,g2h2 h4h2,643,95,100,526,endgame mate mateIn1 oneMove,https://lichess.org/49zXlMj0#85,,
026Uy,1r6/1P4R1/2P5/8/5k1p/7K/8/8 w - - 18 83,h3h4 b8h8 g7h7 h8h7,715,85,100,300,endgame mate mateIn2 rookEndgame short,https://lichess.org/8Lu9Xu3Z#165,,
026vm,rnbq2kr/ppp1n3/3p3p/4P1p1/4Pp2/1QP5/PP4PP/RNB2RK1 b - - 1 11,g8h7 b3f7,810,77,100,316,epauletteMate mate mateIn1 oneMove opening,https://lichess.org/ok3jv9qy/black#22,Kings_Gambit_Accepted Kings_Gambit_Accepted_Kings_Knights_Gambit,
027QL,r2q1rk1/5ppp/4pb2/p7/1p1PQ1P1/2PB3P/PP3P2/2KR3R b - - 1 18,b4c3 e4h7,707,80,100,228,kingsideAttack mate mateIn1 middlegame oneMove,https://lichess.org/1bwdWlx7/black#36,Caro-Kann_Defense Caro-Kann_Defense_Two_Knights_Attack,
028b4,r1b2rk1/p4pp1/1bp1p2p/4N3/1PPq4/P2B3P/5PP1/R2QK2R w KQ - 1 18,e5c6 d4f2,1126,79,100,838,attackingF2F7 mate mateIn1 middlegame oneMove,https://lichess.org/rNR9We6E#35,Sicilian_Defense Sicilian_Defense_Taimanov_Variation,
029AH,5r1k/6rn/2Qp3p/5b2/4p1B1/P7/5qPP/R3R1NK w - - 2 38,g4f5 f2g2,906,75,100,551,mate mateIn1 middlegame oneMove,https://lichess.org/6IDBZKGw#75,,
029Qb,3r2k1/1b4pp/p1B1R1n1/1p6/2p5/6B1/PPQ2PPP/3q2K1 w - - 1 24,c2d1 d8d1 e6e1 d1e1,492,85,100,132,backRankMate mate mateIn2 middlegame short,https://lichess.org/ixs92eFt#47,,
029kN,r5k1/r3npb1/BB1pq1pp/4p3/8/7P/4QPP1/R2R2K1 b - - 6 32,a7d7 a6c4 d6d5 a1a8,1406,76,100,259,advantage discoveredAttack middlegame short,https://lichess.org/c6hS5mGM/black#64,,
029rj,r3kb1r/pR1n1ppp/2p1p3/8/2B2P2/4BR2/q1P3PP/3Q2K1 b kq - 2 14,a2c4 d1d7,612,91,100,119,mate mateIn1 middlegame oneMove,https://lichess.org/s7bG9twm/black#28,Caro-Kann_Defense Caro-Kann_Defense_Classical_Variation,
02AKv,r5rk/1pp3p1/p2p1nQN/4q3/1b6/7P/PPB2PP1/R1B3K1 b - - 0 27,g7h6 g6h6 f6h7 h6h7,1155,76,100,112,kingsideAttack mate mateIn2 middlegame short,https://lichess.org/Zx6Xn80b/black#54,,
02ARe,rq3rk1/2p2ppp/4pn2/p2pP3/b7/1PP1P1P1/P1QN1PP1/2KR3R b - - 0 17,f6d7 c2h7,593,82,100,441,kingsideAttack mate mateIn1 middlegame oneMove,https://lichess.org/Gboq4j9w/black#34,Horwitz_Defense Horwitz_Defense_Other_variations,
02Aho,6k1/4R2p/1q1p2p1/1pnBP1P1/1p2P2P/6K1/2r5/1R6 b - - 0 36,g8h8 e7e8 h8g7 e8g8,1153,262,100,2,endgame,https://lichess.org/4Gn1PjYA/black#72,,
02B8h,r4r2/1bq2pkp/ppn1p1p1/2p5/4P1N1/2P2B1P/PP3PP1/R1Q1R1K1 b - - 3 18,h7h5 c1h6 g7g8 g4f6,980,105,100,21,mate mateIn2 middlegame short,https://lichess.org/Q4yOhmBe/black#36,Sicilian_Defense Sicilian_Defense_Other_variations,
02BD5,8/p4bkp/4r3/2Q5/8/N4qbP/PPP1nP1K/3R1R2 w - - 0 27,f2g3 f3g3 h2h1 g3h3,1131,76,100,410,deflection mate mateIn2 middlegame short,https://lichess.org/dwGyCBKc#53,,
02Bfb,1rb1k2r/1pq1bp2/p1n1p3/3p2pp/4P1n1/1BN2Q2/PPP1NPPP/2BR1RK1 w k - 0 15,e4d5 c7h2,663,83,100,169,kingsideAttack mate mateIn1 oneMove opening,https://lichess.org/cR0AcI6j#29,Sicilian_Defense Sicilian_Defense_Old_Sicilian,
02BlD,r7/PR2n3/2n1pk2/2Pp2p1/1r1P4/3NP3/5P2/R5K1 w - - 1 39,b7e7 f6e7 d3b4 c6b4,1878,138,100,28,endgame equality short,https://lichess.org/PWjWxtmH#77,,
02BxU,2r1k2r/1p2pp1p/p2p4/4nPp1/3Q4/2q2PB1/P1P3PP/2KR1R2 w k - 0 18,g3e5 c3c2,955,76,100,388,mate mateIn1 middlegame oneMove queensideAttack,https://lichess.org/HZ5SlMi9#35,Sicilian_Defense Sicilian_Defense_Najdorf_Variation,
02CA5,rnb1k2r/pp1p1ppp/2p2n2/q2Pp1B1/2P5/2P5/P3PPPP/R2QKBNR w KQkq - 1 7,g5f6 a5c3 d1d2 c3a1,892,77,100,435,advantage deflection opening short,https://lichess.org/VmGzunXw#13,Indian_Defense Indian_Defense_Budapest_Defense,
02CfV,7k/1p4pp/p1b5/8/6N1/7P/PP1R1K2/4r3 b - - 4 38,e1b1 d2d8 c6e8 d8e8,399,99,100,236,backRankMate endgame mate mateIn2 short,https://lichess.org/MsWiJvaq/black#76,,
02Cjp,3r2k1/pp3pp1/8/8/4bqnR/PB6/2P3PP/5Q1K w - - 0 31,f1f4 d8d1 f4f1 d1f1,686,81,100,336,endgame mate mateIn2 short,https://lichess.org/GVfHjfG8#61,,
02Cm1,r1b4k/pp5p/6p1/3Bb1Q1/3p4/1P1P2P1/P1P2KNq/R7 b - - 1 24,e5g3 g5g3 h2g3 f2g3,819,82,100,430,advantage middlegame short,https://lichess.org/aZIQltWe/black#48,,
02Cy0,r2q3r/1p3Qpk/2p2n1p/p2n1N1P/3P1P2/2P5/PP1B2P1/2K1R3 b - - 4 25,d8g8 f7g6,1117,76,100,469,mate mateIn1 middlegame oneMove,https://lichess.org/e8BNaSej/black#50,,
02D9k,8/5p2/6p1/2k3P1/K1n4P/4N3/8/8 w - - 0 63,e3c4 c5c4 h4h5 g6h5,604,81,100,98,crushing endgame short,https://lichess.org/iZapHeY3#125,,
02E9I,2r3k1/1p2Q2p/p4pp1/4q3/8/P6P/1P4P1/K6R w - - 1 33,e7b7 c8b8 b7b8 e5b8,1368,81,100,75,endgame,https://lichess.org/kXI240M9#65,,
02EUf,6r1/1P6/2B5/8/3k3p/3pp2P/1R6/4K3 w - - 2 53,b7b8q g8g1,1222,76,100,1071,endgame mate mateIn1 oneMove,https://lichess.org/f4BDHetK#105,,
02Ekq,r1q1rbk1/1ppb1pp1/p1n2n1p/8/2PP1B2/P2Q1N1P/2B2PP1/RN3RK1 b - - 4 16,f6h5 d3h7,495,91,100,197,mate mateIn1 oneMove opening,https://lichess.org/jWdgPwvN/black#32,Petrovs_Defense Petrovs_Defense_Stafford_Gambit,
02FH7,5rk1/3p4/1pp2pP1/p2p2RQ/8/q5P1/7K/8 b - - 0 38,f6g5 h5h7,825,78,100,105,endgame mate mateIn1 oneMove,https://lichess.org/HFfiirmK/black#76,,
02FIQ,3r2k1/p4ppp/8/8/8/1Q5P/2Pq1PP1/4R1K1 w - - 1 28,e1e7 d2d1 g1h2 d1d6 f2f4 d6e7,1201,78,100,475,crushing endgame fork long,https://lichess.org/DdgYThMv#55,,
02FdM,3rr1k1/5ppp/8/R7/2QP4/P1P2qPP/1P3P2/3R2K1 w - - 1 28,c4d3 e8e1 d1e1 f3d3,1278,78,100,945,advantage deflection endgame short,https://lichess.org/ukfHz9Qr#55,,
02GCe,Q7/N4ppk/4pn1p/1P6/P2q4/6P1/5PKP/8 w - - 1 33,a4a5 f6e4 a8e4 d4e4,1765,75,100,71,endgame,https://lichess.org/ybACYQGX#65,,
02GIh,4r1k1/R5p1/1p1qr2p/1P6/2Ppp3/6P1/3R1P1P/Q5K1 b - - 1 37,d4d3 a1g7,1037,77,100,98,endgame master mate mateIn1 oneMove,https://lichess.org/JN0Mb15g/black#74,,
02HAo,Q6B/2r1kp2/2Pp4/p6p/P3n1pq/8/1P3PPP/R5K1 w - - 5 28,a1e1 h4f2 g1h1 f2e1,797,82,100,738,backRankMate endgame fork mate mateIn2 short,https://lichess.org/xC5barOi#55,,
02HEw,3Q4/7k/6p1/P3BpP1/5P1p/4P2P/2r1K3/7q w - - 9 53,e2d3 h1d1,753,76,100,277,endgame master mate mateIn1 oneMove,https://lichess.org/wFvMzZ7y#105,,
02Idw,6k1/1p6/3p1n1q/1P1PpQ2/P3P1p1/3Bb1P1/2N5/6K1 w - - 1 50,g1g2 h6h3,895,75,100,330,endgame master mate mateIn1 oneMove,https://lichess.org/6MIoXhOl#99,,
02IwU,2k5/8/8/3N1P1r/4K3/8/1p6/1Rb5 b - - 0 50,c8d7 d5f6 d7c6 f6h5,913,77,100,299,crushing endgame fork short,https://lichess.org/Z1Sy4GfH/black#100,,
02J2r,5rk1/p1p1nNpp/1pb5/8/8/1B3P2/P5PP/3R2K1 b - - 0 20,f8f7 d1d8 c6e8 d8e8,755,79,100,308,endgame mate mateIn2 pin short,https://lichess.org/LRR55YGP/black#40,,
02JVU,3k4/R7/8/1P2K1p1/1r2B3/2p3PP/8/8 w - - 2 45,a7b7 b4e4 e5e4 c3c2,1506,75,100,1745,advancedPawn advantage endgame sacrifice short,https://lichess.org/wQDl0XCj#89,,
02JeE,r1b2rk1/2p1Rppp/p2q4/1p4B1/3p2n1/1B1P4/PPP2PPP/RN1Q2K1 w - - 1 14,d1e2 d6h2 g1f1 h2h1,782,79,100,173,kingsideAttack mate mateIn2 middlegame short,https://lichess.org/132gCbIG#27,Ruy_Lopez Ruy_Lopez_Berlin_Defense,
02K2m,8/6pk/p4r2/4P3/3q3p/1PN3nP/1PP3P1/3R2K1 w - - 0 34,d1d4 f6f1 g1h2 f1h1,1016,126,100,17,endgame hookMate mate mateIn2 short,https://lichess.org/LLqnol5k#67,,
02KF5,8/1Q3pkp/p5p1/8/5n2/P2Pq2P/1PP2RP1/6K1 w - - 1 26,g1f1 e3c1,1063,76,100,149,endgame mate mateIn1 oneMove,https://lichess.org/qyAxcgGB#51,,
02KUw,r1bqk2r/pp2bppp/2p5/3n1nNQ/2Bp4/2P5/PP3PPP/RNB1R1K1 b kq - 1 11,e8g8 h5h7,708,84,100,81,kingsideAttack mate mateIn1 oneMove opening,https://lichess.org/ZuNv1Fs6/black#22,Italian_Game Italian_Game_Two_Knights_Defense,
02KdL,r5k1/p1p1rp1p/1p3np1/8/1QBq4/P1N3PP/1P3P2/5K1R b - - 2 23,a8e8 c4f7 e7f7 b4d4,880,78,100,629,advantage discoveredAttack kingsideAttack middlegame short,https://lichess.org/TqQWZ3ix/black#46,,
02LIr,1k6/1p6/6p1/2q1P2p/4Q1n1/1P4P1/P1P4P/4R1K1 w - - 5 36,g1g2 c5f2 g2h3 f2h2,1028,75,100,953,endgame mate mateIn2 short,https://lichess.org/p5BZFLc9#71,,
02Li0,r4rk1/ppp2pb1/6p1/4N1qp/2BB1n2/2P2b1P/PP3P1K/R2QR3 w - - 0 18,e5f3 g5g2,741,94,100,77,mate mateIn1 middlegame oneMove,https://lichess.org/h5GKn8g9#35,Scandinavian_Defense Scandinavian_Defense_Marshall_Variation,
02Lqe,3r2k1/5ppp/R2R4/p3r3/8/1P4P1/5P1P/6K1 b - - 0 24,d8d6 a6a8 d6d8 a8d8 e5e8 d8e8,579,87,100,313,backRankMate endgame long mate mateIn3 rookEndgame,https://lichess.org/2AO8ElAV/black#48,,
02LtW,8/2k5/6R1/6P1/2Bp1K2/1P2r3/3b4/8 w - - 7 55,g6g7 e3e7 f4f5 e7g7,1255,75,100,239,crushing discoveredAttack endgame short,https://lichess.org/NmZE2kEB#109,,
02LuE,8/p2Q4/5kp1/2P4p/7P/1q4PK/8/8 w - - 2 60,c5c6 b3e6 d7e6 f6e6 c6c7 e6d7 c7c8q d7c8,1120,75,100,438,crushing endgame queenEndgame veryLong,https://lichess.org/PXla7Amc#119,,
02M9t,2kr3r/ppp2p2/3bb2p/1P4p1/P1PpNq2/3P1B2/5PPP/R2Q1RK1 w - - 2 18,a4a5 f4h2,545,90,100,191,kingsideAttack mate mateIn1 middlegame oneMove,https://lichess.org/Y8oDLWZc#35,Kings_Pawn_Game Kings_Pawn_Game_MacLeod_Attack,
02MOC,r2q2k1/ppp3pp/8/1BQN1r2/8/8/PP1P1P1P/n1B3K1 b - - 0 19,d8d5 b5c4 d5c4 c5c4,1295,74,100,867,advantage middlegame pin short,https://lichess.org/OHbsTOYD/black#38,,
02MXX,5r1k/1N4pp/p7/4P3/3p4/3Q1nPb/PP3P1P/4R1K1 w - - 1 31,g1h1 h3g2 h1g2 f3e1 g2f1 e1d3,1823,76,100,331,attraction crushing endgame fork long,https://lichess.org/uAXPbNpT#61,,
02MgK,2r3k1/q5pp/4Qp2/8/1Ppb4/5PPP/7K/4BB2 b - - 0 39,g8h8 e6c8,752,78,100,348,backRankMate endgame hangingPiece mate mateIn1 oneMove,https://lichess.org/gyDXOBbe/black#78,,
02Mk5,r1bqk1nr/pppp3p/2n2pp1/3Q4/2BBP3/8/PPP2PPP/RN2K2R b KQkq - 1 9,c6b4 d5f7,800,81,100,166,mate mateIn1 oneMove opening,https://lichess.org/qYwrynJs/black#18,Scotch_Game Scotch_Game_Classical_Variation,
02MkW,8/6p1/2R4p/p7/1p1q3P/1P3BP1/5PK1/3k4 b - - 14 45,d1e1 c6c1 e1d2 c1d1 d2c3 d1d4,1295,75,100,488,crushing endgame long master skewer,https://lichess.org/QEnUWJkR/black#90,,
02N0o,r1r3kR/p4p2/1qb1pPp1/8/8/5PB1/PPPQp3/4K3 b - - 3 30,g8h8 d2h6 h8g8 h6g7,918,78,100,331,endgame mate mateIn2 short,https://lichess.org/mvudtnG9/black#60,,
02NZR,r3k2r/pp1bqppp/5n2/1BbpnQB1/8/2N5/PPP2PPP/R3K1NR w KQkq - 8 11,g5f6 e5f3 e1d1 e7e1,1899,75,100,657,doubleCheck mate mateIn2 middlegame short,https://lichess.org/0YRdK9DE#21,French_Defense French_Defense_Exchange_Variation,
02NrU,r4rkR/1pq3p1/2pbp1p1/p3P1N1/8/2P1PQ2/PP4P1/2K5 b - - 1 20,g8h8 f3h3 h8g8 h3h7,1144,76,100,1071,endgame mate mateIn2 short,https://lichess.org/n4IuweH0/black#40,,
02Nya,3k3r/ppp2Bb1/2nRQ2p/q5p1/5p2/8/PPP2BPP/3N2K1 b - - 0 20,c7d6 e6d6 d8c8 f7e6,1239,74,100,1670,mate mateIn2 middlegame short,https://lichess.org/aOTxI2zF/black#40,,
02O2z,4r1k1/5ppp/2N5/1p1B4/4N1Pn/P7/2P1rP1P/2R3K1 w - - 1 28,e4g5 e2e1 c1e1 e8e1,674,79,100,484,mate mateIn2 middlegame short,https://lichess.org/4ORg5Qtc#55,,
02PDS,4r1k1/pp2n2p/3q1pp1/3p4/3P3P/1PrB1PR1/P4P2/1Q4RK b - - 0 24,d6b6 d3g6 h7g6 g3g6 g8f7 g6g7 f7e6 b1e1,1890,76,100,225,crushing kingsideAttack middlegame veryLong,https://lichess.org/jhoFj7fe/black#48,,
02Pjf,5R1r/ppk5/1n3p2/2N1pB2/6P1/8/P4K1r/3R4 w - - 3 37,f2f3 h8h3 f3e4 h2e2,1133,76,100,699,master mate mateIn2 middlegame short,https://lichess.org/t4SP9DKZ#73,,
02Q8P,r2q1rk1/5p1R/ppb1p1p1/n7/P2P1B2/2PB4/5PPP/1R1Q2K1 b - - 0 19,g8h7 d1h5 h7g8 d3g6 f7g6 h5g6,1696,78,100,1354,crushing deflection long middlegame pin,https://lichess.org/G8tpNnkz/black#38,,
02QOT,8/2K5/4k3/4p2p/4P2P/8/8/8 w - - 4 59,c7d8 e6d6 d8e8 d6c5 e8e7 c5d4 e7f6 d4e4,1214,78,100,62,endgame,https://lichess.org/un1lKWT6#117,,
02QUU,4k3/4bppp/pp6/4P3/P2PP3/6P1/5K1P/2B5 w - - 3 28,f2e3 e7g5 e3e2 g5c1,808,78,100,693,advantage bishopEndgame endgame short skewer,https://lichess.org/PlABSQej#55,,
02Qd3,5rk1/n6p/6p1/pPp1p3/2P1P2q/2N5/5P1P/5QRK w - - 3 26,f1e2 f8f2 g1g2 f2e2,1142,76,100,171,crushing endgame short,https://lichess.org/ObuNlABI#51,,
02Sxe,rn3rk1/1bp2pp1/p3p2p/1p1q4/3PN3/3BP1P1/PPQ2PP1/2R1R1K1 w - - 2 18,e4c3 d5g2,553,84,100,195,kingsideAttack mate mateIn1 middlegame oneMove,https://lichess.org/yrAN3qLN#35,Queens_Gambit_Accepted Queens_Gambit_Accepted_Other_variations,
02Syu,3r2k1/5p1p/p4np1/1p3b2/1P5P/P1R2B2/4RPP1/1qQ3K1 w - - 6 29,f3b7 d8d1 c1d1 b1d1,926,174,100,28,middlegame,https://lichess.org/oRHz8Odd#57,,
02TK0,5r2/4pkn1/3pqp2/p3P3/6R1/2PQ3P/Pr4P1/5R1K b - - 0 31,d6e5 d3g6 f7g8 g6g7,996,77,100,353,mate mateIn2 middlegame short,https://lichess.org/RsfkBelB/black#62,,
02UNP,8/3Q1pkp/6p1/1p6/4NP2/4q1P1/1p4BP/2r3RK w - - 1 36,e4g5 e3g1,495,85,100,182,endgame mate mateIn1 oneMove,https://lichess.org/qVd6ACrg#71,,
02UQl,2kr3r/2p1qpb1/p1n5/1p2P2p/5BnP/N1P2Q2/PP4P1/2KR1B1R b - - 0 18,c6e5 f3a8,1008,75,100,240,mate mateIn1 middlegame oneMove,https://lichess.org/IkKOr48X/black#36,Kings_Gambit_Accepted Kings_Gambit_Accepted_Rosentreter_Gambit,
02V0C,1rb2k2/p1p1q1pp/1p3p2/7Q/2B5/8/PP4PP/3R2K1 b - - 3 23,h7h6 d1d8 e7d8 h5f7,1114,100,100,59,endgame mate mateIn2 sacrifice short,https://lichess.org/I1D7DRKA/black#46,,
02VTF,3r1rk1/pp3p1p/2npqp2/4pN2/4P3/2P3Q1/P4PPP/R4RK1 b - - 6 17,g8h8 g3g7,815,94,100,436,mate mateIn1 middlegame oneMove,https://lichess.org/0AnD8r6v/black#34,Sicilian_Defense Sicilian_Defense_Smith-Morra_Gambit_Accepted,
02WK5,2r2rk1/pb3pp1/1p2pn1p/3q4/P1NP4/3BP3/2Q2PPP/R4RK1 w - - 1 18,c2e2 d5g2,627,85,100,243,kingsideAttack mate mateIn1 middlegame oneMove,https://lichess.org/nYeQmf7O#35,Nimzo-Indian_Defense Nimzo-Indian_Defense_Samisch_Variation,
02WQg,6k1/1PQ2p2/6pp/8/8/3q1KP1/6P1/8 w - - 7 50,f3f4 g6g5 f4e5 d3g3,1680,74,100,783,crushing deflection endgame queenEndgame short,https://lichess.org/rHtewr3D#99,,
02Wbe,8/8/2k5/PR2K1p1/8/5P2/r7/8 w - - 5 57,b5d5 a2e2 e5d4 e2d2 d4e3 d2d5,1042,76,100,502,crushing deflection endgame long rookEndgame skewer,https://lichess.org/VqGqk92B#113,,
02Wmm,2kr4/Q6R/2q1p3/1r2Pp2/5P2/2P3Pp/3P3P/1R4K1 w - - 7 38,b1b5 c6g2,1003,75,100,440,endgame master masterVsMaster mate mateIn1 oneMove,https://lichess.org/0UoZZrxF#75,,
02XD7,3r4/1p3pk1/2n4p/p1P1p3/4P3/2P5/PP1r1RPP/R2B2K1 w - - 5 22,a1b1 d2d1 b1d1 d8d1,535,78,100,97,advantage endgame kingsideAttack short,https://lichess.org/ff8r1JuT#43,,
02YNl,2R5/8/5Kpk/7p/8/3n4/8/8 b - - 15 66,d3f2 c8h8,439,86,100,178,endgame mate mateIn1 oneMove,https://lichess.org/vNJPnxhD/black#132,,
02a3l,1R2b3/4P3/R7/3p1p1k/p2P1P2/r1K5/8/8 w - - 4 56,c3b4 a3b3 b4c5 b3b8,1151,77,100,585,advantage endgame short skewer,https://lichess.org/5L1HZBd7#111,,
02a9L,7k/1p1rp1bp/pB4p1/4rp2/P7/2P1Q2P/1P3PP1/4R1K1 w - - 0 34,e3f4 e5e1 g1h2 g7e5 f4e5 e1e5,1127,75,100,521,crushing endgame hangingPiece kingsideAttack long pin,https://lichess.org/eDtdobDh#67,,
02aTY,6rk/4R2p/3p3p/2pNb3/4P3/2P3qP/PP4P1/5QK1 w - - 7 36,f1f2 g3h2 g1f1 h2h1 f1e2 g8g2,1331,74,100,476,crushing deflection endgame long pin,https://lichess.org/q60JlA6F#71,,
02bBr,5rk1/r4Bp1/7p/1R2pQ2/4Pn2/3P1P1P/p4q2/KR6 b - - 0 34,f8f7 b5b8 f7f8 b8f8,1589,74,100,394,mate mateIn2 middlegame short,https://lichess.org/OtIYY9eg/black#68,,
02bns,r3k1r1/2p2p2/p1pp1p2/2b1p2p/4P3/2PP3q/PP1N1P1N/R2Q1RK1 w q - 2 15,g1h1 h3g2,908,76,100,264,mate mateIn1 middlegame oneMove,https://lichess.org/KQrDhwmh#29,Ruy_Lopez Ruy_Lopez_Morphy_Defense,
02cTH,8/8/P7/1Q3p2/6p1/4b1k1/3r4/5K2 w - - 3 57,b5f5 d2f2 f5f2 e3f2 a6a7 f2a7,1194,76,100,272,crushing endgame fork long master,https://lichess.org/GnDIhFfj#113,,
02ccm,8/8/r3k2p/4p1p1/4P1P1/RK3P1P/8/8 b - - 0 47,a6a3 b3a3 e6d7 a3b4 d7c6 b4c4,1144,76,100,620,crushing defensiveMove endgame long zugzwang,https://lichess.org/aoIiywfA/black#94,,
02chE,r4rk1/1p4p1/2pp3p/p1bPp3/2P1Pp2/2N4K/PP2Bq2/R2Q3R w - - 0 26,d1f1 f2g3,1019,75,100,430,mate mateIn1 middlegame oneMove,https://lichess.org/XhLgtEmy#51,,
02cu7,4r1k1/1pb1qpp1/p5p1/2Br4/8/3Q3P/PP3PP1/3R3K w - - 0 29,d3d5 e7e1 d1e1 e8e1,792,95,100,153,endgame mate mateIn2 sacrifice short,https://lichess.org/KMro4pfd#57,,
02d53,r5k1/6pp/p3N3/3p4/2q1p3/4P1P1/1Q3P1P/6K1 b - - 2 28,c4c6 b2g7,817,81,100,365,endgame mate mateIn1 oneMove,https://lichess.org/LIqcuYGL/black#56,,
02ddk,8/p4p1k/1p2pBr1/4P1p1/5nQp/1P3P2/P3qP1P/2R3K1 b - - 5 32,f4d3 g4h5 g6h6 h5f7,979,76,100,270,endgame mate mateIn2 short,https://lichess.org/MHvWH2tY/black#64,,
02fUl,r3k2N/ppp3pp/8/2bBp3/7q/3PB3/PPP1b1PP/RN4KR w q - 0 14,e3c5 h4e1,837,77,100,368,mate mateIn1 middlegame oneMove,https://lichess.org/AKwLFh6N#27,Italian_Game Italian_Game_Two_Knights_Defense,
02gTy,2k5/2B4R/1P4p1/3p1p2/3Kn3/8/1r5P/8 w - - 1 40,d4d5 e4f6 d5e6 f6h7,1354,75,100,208,crushing endgame fork master short,https://lichess.org/GnJapYlb#79,,
02gYs,8/R2pr3/p4pk1/1p1BP1p1/4Kp2/P7/1P5P/8 w - - 0 43,a7a6 e7e5 e4f3 e5d5,1181,75,100,111,advantage deflection endgame short,https://lichess.org/S7tzUmFA#85,,
02h3w,r7/pp1rbk2/2pnpp2/P3P1pp/3P4/5P1P/4NKPB/R2R4 b - - 0 32,f6e5 d4e5 d6e4 f3e4,1209,76,100,287,advantage middlegame short,https://lichess.org/TMmK0HOu/black#64,,
02hJV,3rk2r/1p2n2p/p1n2p1b/4p3/4Q3/6BP/PPP2PP1/2K2B1R w k - 2 16,c1b1 d8d1,527,89,100,80,backRankMate mate mateIn1 middlegame oneMove,https://lichess.org/K9asGpox#31,Caro-Kann_Defense Caro-Kann_Defense_Exchange_Variation,
02hUG,r5k1/1p3pp1/p2R1np1/2q5/5Q2/8/P3RPPP/6K1 w - - 3 32,e2d2 c5c1 d2d1 c1f4,1230,80,100,91,crushing endgame short,https://lichess.org/vd3CgvwR#63,,
02i1V,2R5/5p1k/4p1p1/2Q1P2p/1pP2P1P/6PK/r7/3q4 w - - 2 49,c5f8 d1f1,758,98,100,73,endgame mate mateIn1 oneMove,https://lichess.org/xakDwNSq#97,,
02igk,8/6R1/3rkn2/2p5/7P/4K3/3p1P2/3N4 w - - 2 58,g7c7 f6d5 e3d2 d5c7,1127,76,100,100,advantage discoveredAttack endgame fork master short,https://lichess.org/0fO2gozk#115,,
02ioO,4r1k1/1pr2pp1/4q1np/p2pPN2/b1pP3P/4P1Q1/1P4P1/2R2RK1 b - - 0 28,g6e7 g3g7,790,77,100,473,kingsideAttack mate mateIn1 middlegame oneMove,https://lichess.org/6MKSdKqY/black#56,,
02jGG,Q1bqk2r/5ppp/4p3/1p2n3/1b1Pp3/8/PP2KPPP/R1B4R w k - 0 14,d4e5 d8d3,1153,75,100,404,mate mateIn1 middlegame oneMove,https://lichess.org/8Jism3MT#27,Slav_Indian Slav_Indian_Other_variations,
02jRN,8/1R3pk1/6p1/1p1N2Kp/7P/5P2/1r4P1/8 w - - 7 51,f3f4 b2g2,440,91,100,331,endgame mate mateIn1 oneMove,https://lichess.org/RHQZQ0W2#101,,
02kX6,5k1r/3pq1b1/pp1n1r1p/3B2p1/P7/Q1R4P/1P3PP1/3R2K1 b - - 6 27,d6f5 c3c8,904,79,100,83,mate mateIn1 middlegame oneMove,https://lichess.org/Dnpvcrfq/black#54,,
02lJV,5N1k/4q1p1/p1p4p/1p1n1Q2/8/7P/5PPK/8 b - - 1 35,e7f6 f5h7,846,90,100,568,endgame mate mateIn1 oneMove,https://lichess.org/0bxaQFsf/black#70,,
02lN4,6k1/1p6/7p/8/3N1Kp1/r5P1/6P1/8 b - - 1 43,a3f3 g2f3 g4f3 f4f3,2045,75,100,585,crushing endgame short,https://lichess.org/xEM6Nn1x/black#86,,
02lRx,r4rk1/p7/1p2pB2/2p4q/3P4/2P5/PP4Q1/2K5 b - - 0 30,g8f7 g2g7 f7e8 g7e7,974,78,100,264,endgame mate mateIn2 short,https://lichess.org/MqaZqIhs/black#60,,
02lWb,7r/pp3Q2/1kp4N/8/PPBq1p2/1K6/2P4P/8 b - - 4 36,h8h6 a4a5,973,89,100,45,endgame mate mateIn1 oneMove,https://lichess.org/FHb6o6iJ/black#72,,
02li3,rn2k2r/ppq2pp1/2p1pnp1/8/4N3/P2P1B2/1PP2PP1/R1BQ1RbK w kq - 4 14,h1g1 c7h2,769,81,100,322,mate mateIn1 oneMove opening,https://lichess.org/dl612mnu#27,Scandinavian_Defense Scandinavian_Defense_Main_Line,
02ljf,2kr2n1/pppnqp2/3p2p1/4P2r/3BNP1p/3P1Q1P/P1P3B1/R5K1 b - - 2 16,d6e5 e4d6 c7d6 f3b7,1511,76,100,247,discoveredAttack mate mateIn2 middlegame queensideAttack sacrifice short,https://lichess.org/qiuRZ1vy/black#32,Hungarian_Opening Hungarian_Opening_Symmetrical_Variation,
02mo1,1r1q1rk1/ppp1ppbp/2n3p1/5b2/8/P1N1PNP1/1P1PKPBP/2RQ3R w - - 3 13,h1e1 f5d3,788,78,100,322,mate mateIn1 middlegame oneMove,https://lichess.org/IAs0lpke#25,English_Opening English_Opening_Anglo-Indian_Defense,
02nLE,r3k2r/1bp2ppp/p3pn2/1p1qN3/3P4/3QP3/PPB2PPP/R4RK1 w kq - 0 15,a1c1 d5g2,483,96,100,347,kingsideAttack mate mateIn1 middlegame oneMove,https://lichess.org/xatzilCF#29,Queens_Gambit_Accepted Queens_Gambit_Accepted_Other_variations,
02nTH,3r4/pQ2pkbp/2n3p1/2q3B1/8/P4N2/1P3PPP/4R1K1 w - - 0 24,e1c1 c5c1 g5c1 d8d1 f3e1 d1e1,885,78,100,131,backRankMate fork long master mate mateIn3 middlegame sacrifice,https://lichess.org/zKeqH5f5#47,,
02oSV,2kr3r/pppq1pp1/5n1p/3P4/2Bb1P2/1QN2P2/P6P/1R3R1K b - - 3 20,d4c3 b3b7,595,81,100,163,mate mateIn1 middlegame oneMove queensideAttack,https://lichess.org/1Bj1F2TT/black#40,,
02oX3,rn3rk1/p1q2pbp/1pp1pBp1/4P2N/8/7Q/PPP2PPP/3R1bK1 b - - 1 17,g7f6 h5f6 g8g7 h3h7,1038,77,100,383,discoveredAttack kingsideAttack mate mateIn2 middlegame short,https://lichess.org/dV9HfkYe/black#34,Owen_Defense Owen_Defense_Other_variations,
02prs,8/6k1/4P3/3K4/6P1/p7/8/8 w - - 0 75,e6e7 g7f7 e7e8q f7e8,1080,78,100,389,crushing endgame pawnEndgame short,https://lichess.org/3WLLJ9ib#149,,
02qNe,r1b2rk1/p3p1bp/2p3p1/3pN3/3P4/2N1R2P/Pq3PP1/R3Q1K1 b - - 1 16,f8f2 e1f2 b2a1 e3e1 g7e5 e1a1,2279,79,100,324,advantage long middlegame,https://lichess.org/fWxbLVGO/black#32,Sicilian_Defense Sicilian_Defense_Nyezhmetdinov-Rossolimo_Attack,
02qfr,8/4Rpk1/Rp1p1rp1/2p3r1/P1P5/3P4/2P4P/6K1 w - - 1 29,g1h1 f6f1,608,82,100,375,endgame mate mateIn1 oneMove rookEndgame,https://lichess.org/Iv35M7Rc#57,,
02qoc,4r2r/1R3pk1/4R3/5P2/2p5/2Pn1K2/7p/7N b - - 3 37,e8b8 e6g6 g7f8 b7b8,1669,74,100,274,crushing endgame interference pin short,https://lichess.org/3QrRnq76/black#74,,
02qvG,1r1q1rk1/p2bbpp1/1p1ppn1p/8/2PQN3/1P2P1P1/PB3PBP/3R1RK1 b - - 3 14,f6e4 d4g7,1088,76,100,240,kingsideAttack mate mateIn1 middlegame oneMove,https://lichess.org/h7WeYjAL/black#28,English_Opening English_Opening_Symmetrical_Variation,
02r27,4r3/2pqrpk1/3p2pp/p1pPb1QP/2P1P3/1P3R2/P1B3P1/5R1K w - - 0 30,f3f7 e7f7 g5g6 g7f8 g6f7 d7f7 f1f7 f8f7,958,77,100,2761,crushing master middlegame veryLong,https://lichess.org/PIvLEyQT#59,,
02ry1,8/4R3/3p1p2/3P1P2/4P1pk/1r2K3/7P/8 w - - 3 50,e3f4 b3f3,596,83,100,171,endgame epauletteMate mate mateIn1 oneMove rookEndgame,https://lichess.org/v9ENey1i#99,,
02sGZ,2k5/ppp4R/4K2p/4P1rp/4n3/7P/P1P5/8 b - - 8 38,g5g3 h7h8 g3g8 h8g8,523,104,100,524,endgame mate mateIn2 short,https://lichess.org/RrBhL2O3/black#76,,
02sY0,5rk1/pp4pp/3qp3/6N1/3r4/1P3BP1/P5KP/R3Q3 w - - 2 22,e1e6 d6e6 g5e6 d4d2 g2h3 f8f3,1135,76,100,408,advantage deflection long middlegame,https://lichess.org/LVosAl7u#43,,
02t9u,1r5r/7k/6pp/4P3/1b2Q3/1q2B3/5PPP/3RK2R w - - 2 27,e1f1 b3d1,533,90,100,128,hangingPiece mate mateIn1 middlegame oneMove,https://lichess.org/xBoznyn8#53,,
02tIz,4r1k1/p7/1p2r2p/3Q2p1/8/2P1q2P/P3K1P1/2R2R2 w - - 0 30,e2d1 e3e2,1086,80,100,899,endgame mate mateIn1 oneMove,https://lichess.org/sitL6Sfm#59,,
02tM3,6k1/5p2/5P2/K5p1/P7/8/8/8 w - - 0 56,a5b6 g5g4 b6c5 g4g3 c5d4 g3g2,925,79,100,138,advancedPawn crushing endgame long master pawnEndgame quietMove,https://lichess.org/6XUHkplP#111,,
02tO7,1r1k1bnr/1bppq2p/p4p2/1p4BQ/3p4/1B6/PPPN1PPP/R3R1K1 b - - 5 15,e7g7 h5e8,556,81,100,494,master mate mateIn1 middlegame oneMove,https://lichess.org/xpIgLqma/black#30,Ruy_Lopez Ruy_Lopez_Morphy_Defense,
02u4D,3Q2k1/p4ppp/1p3b2/8/8/BPq1rN2/P5PP/3R2K1 b - - 2 24,f6d8 d1d8 e3e8 d8e8,671,84,100,74,backRankMate endgame mate mateIn2 short,https://lichess.org/aHgA2hyB/black#48,,
02vy3,8/7p/2Pk4/p1nB2K1/2P5/6PP/5P2/8 w - - 1 46,g5h6 a5a4 h6h7 a4a3,1055,78,100,231,advantage endgame master quietMove short,https://lichess.org/rnjhPhdw#91,,
02w5A,8/p5kp/1p6/3P2P1/3Rp1bP/4Kr2/PP3P1R/3r4 w - - 9 31,e3e4 d1e1,1427,75,100,758,endgame mate mateIn1 oneMove,https://lichess.org/Md90FuUi#61,,
02w6Y,3rr1k1/1b3ppp/pb3q2/1p1p4/1P1Nn3/P1PQ4/B3RPPP/2B1R1K1 b - - 0 22,e4f2 e2e8 d8e8 e1e8,845,76,100,581,kingsideAttack mate mateIn2 middlegame short,https://lichess.org/6YyLOSvg/black#44,,
02wLK,6k1/ppp2pp1/7p/8/2P3P1/1P2pP1P/PB2Rb1K/4r3 w - - 9 31,e2e1 f2e1 h2g1 e3e2,1498,75,100,894,advancedPawn advantage endgame short,https://lichess.org/Zb0mA7lI#61,,
02woL,6k1/Q5p1/3rb2p/8/8/2P2qN1/PP3P1P/5RK1 w - - 0 25,a7b8 g8h7 b8d6 e6h3 d6d5 f3d5,1628,75,100,287,crushing defensiveMove endgame long sacrifice,https://lichess.org/RNcHAb9H#49,,
02wxP,4rbk1/pp1n3p/3p2p1/2pPn3/4NB2/6Pq/PPP1Q2P/R4RK1 w - - 3 23,e2f2 e5g4 f2g2 h3g2 g1g2 e8e4,1531,74,100,682,advantage kingsideAttack long middlegame,https://lichess.org/Ijb8tuCz#45,,
02x4e,r1b1k2r/1pp2ppp/p1n5/4p1q1/3pP1P1/1NPP3P/PP2NKP1/R2Q1B1R w kq - 0 12,e2g3 g5e3,880,77,100,302,mate mateIn1 middlegame oneMove,https://lichess.org/4H9Ix8kQ#23,Kings_Pawn_Game Kings_Pawn_Game_Kings_Head_Opening,
02x7v,8/2Pb4/p7/PP6/5p1p/2k2K1P/6P1/8 b - - 0 50,a6b5 a5a6 d7c8 a6a7,1147,75,100,136,advancedPawn bishopEndgame crushing endgame short,https://lichess.org/fpK3EPQM/black#100,,
02yQt,2r5/2r1kppp/p3pn2/1p2N3/3N4/PPn1P3/3R1PPP/2R2K2 b - - 0 24,c3e4 c1c7 c8c7 d4c6,1960,75,100,101,advantage middlegame short,https://lichess.org/FrKfTFNV/black#48,,
02yqs,2r1r1k1/Q3bpp1/8/8/4pB2/2p3PP/5n2/2R3K1 w - - 0 33,g1f2 e7c5 a7c5 c8c5,826,79,100,439,advantage endgame fork short,https://lichess.org/LCVYYVFS#65,,
02zIn,2rR1Q2/2r2p1k/4bBpp/1p5q/8/8/P4PPP/5RK1 b - - 7 35,c8d8 f8g7,1000,76,100,797,mate mateIn1 middlegame oneMove,https://lichess.org/Wrr2uYu3/black#70,,
02ziV,r4rk1/pp1q3p/2p1bn2/4Rp2/2pP2p1/3B1P2/PPQN2PP/3R2K1 w - - 0 19,d3c4 d7d4 g1h1 d4e5,1142,78,100,399,advantage fork middlegame short,https://lichess.org/op9cUeMe#37,,
02zwj,r4rk1/ppqn1ppp/2pb1p2/8/3Pb1PN/4B2P/PPPQBP2/R4RK1 w - - 5 14,e2d3 d6h2,838,76,100,276,mate mateIn1 middlegame oneMove,https://lichess.org/AvjZwmQu#27,Caro-Kann_Defense Caro-Kann_Defense_Tartakower_Variation,
02zyG,r4rk1/ppp3pp/1bnq1p2/1B2p3/2P5/1QP1nN2/PP3PPP/R4RK1 b - - 0 14,e3f1 c4c5 g8h8 c5d6,1114,75,100,838,advantage discoveredAttack discoveredCheck middlegame short,https://lichess.org/UZDQkZDi/black#28,Italian_Game Italian_Game_Classical_Variation,
0305P,r3kb1r/p4ppp/1q2p3/1bpp1P2/3Pn3/2P2N2/PP4PP/RNBQR2K w kq - 1 13,f5e6 e4f2 h1g1 f2d1,977,79,100,88,advantage fork opening short,https://lichess.org/jHt1k60t#25,Bird_Opening Bird_Opening_Other_variations,
030gR,1R6/5pkp/6p1/8/P2N1n2/2r5/4BP2/5K2 w - - 1 36,a4a5 c3c1 e2d1 c1d1,451,111,100,342,endgame mate mateIn2 short,https://lichess.org/uWxA8TvD#71,,
032DK,r6k/pp1nbBpp/2p5/4q3/6n1/1Q2B3/PP4PP/RN3RK1 w - - 0 17,e3f2 e5h2,716,83,100,248,kingsideAttack mate mateIn1 middlegame oneMove,https://lichess.org/hOU1rOei#33,French_Defense French_Defense_Exchange_Variation,
032NX,7k/1ppq1p2/3p1n1p/p2Pp2b/P1P1P2P/3Qb3/1BB3PK/R7 w - - 0 33,d3e3 f6g4 h2g1 g4e3,904,76,100,514,crushing fork middlegame short,https://lichess.org/zEQE9ZY2#65,,
032d2,r2q1rk1/pp1N1ppp/4pb2/8/5P2/1P1B4/P4PPP/R2Q1RK1 b - - 0 16,d8d7 d3h7 g8h7 d1d7,903,77,100,294,crushing discoveredAttack kingsideAttack middlegame short,https://lichess.org/wyPNGr70/black#32,Benoni_Defense Benoni_Defense_Benoni_Gambit_Accepted,
033NX,r1b3k1/qp3p2/2pbn2Q/p2p4/P2P3P/1N1B4/1PP2PP1/R5K1 b - - 0 19,d6f8 h6h7,924,78,100,246,mate mateIn1 middlegame oneMove,https://lichess.org/NP4LK2U5/black#38,,
033TG,2kr4/1rp1Q3/5p1p/4bN2/2b1p1P1/4P2P/1q3P2/R1R3K1 b - - 5 36,b2e2 a1a8 b7b8 a8b8 c8b8 e7d8,1636,75,100,725,attraction crushing long middlegame queensideAttack,https://lichess.org/bFJOa1H9/black#72,,
033VR,6k1/p4pp1/2p5/8/PPQ4p/5r1q/3r2P1/3B2RK w - - 0 34,g2h3 f3h3,913,79,100,111,endgame mate mateIn1 oneMove,https://lichess.org/eu8A0mk7#67,,
033W8,2kr1bnr/ppp2ppp/3qb3/8/1n6/P1Q2N2/1PP1PPPP/RNB1KB1R w KQ - 3 9,a3b4 d6d1,489,95,100,575,mate mateIn1 oneMove opening,https://lichess.org/4yuUP4Gj#17,Englund_Gambit Englund_Gambit_Stockholm_Variation,
033xz,rn2k2r/pp2qppp/2p2n2/2b2p2/2BP4/5N2/PPPK1PPP/R1BQ3R w kq - 3 10,d4c5 f6e4 d2e1 e4c3,1495,75,100,1277,advantage discoveredAttack opening short,https://lichess.org/kyyimml9#19,Caro-Kann_Defense Caro-Kann_Defense_Two_Knights_Attack,
035m4,4r3/5k2/6R1/5PP1/8/r4K2/4p3/4R3 w - - 0 37,f3g4 e8e4 g4h5 a3h3,1098,77,100,2114,endgame mate mateIn2 rookEndgame short,https://lichess.org/0FjErbWl#73,,
036d3,3r1rk1/1pq1bppp/p4n2/2pP4/P4P2/1PNQ3P/1B1P2P1/R4RK1 b - - 0 17,f6d5 c3d5 d8d5 d3d5,994,76,100,69,advantage middlegame short,https://lichess.org/s2hZIX4K/black#34,Sicilian_Defense Sicilian_Defense_Delayed_Alapin_Variation,
036ob,r3r1k1/5pp1/7p/4N2P/p2P4/1q6/QP3PP1/1K1RR3 w - - 1 29,e1e3 b3d1,882,82,100,121,hangingPiece mate mateIn1 middlegame oneMove queensideAttack,https://lichess.org/mCMGR7Pz#57,,
036yi,2r3k1/p4pp1/1pPR2r1/8/1P2p3/P1Q1B1pq/4PP1P/2R3K1 w - - 0 34,d6g6 h3h2 g1f1 h2h1,1310,75,100,365,endgame kingsideAttack mate mateIn2 short,https://lichess.org/4Ept6Trn#67,,
037Ld,8/5ppk/p1r1q2p/3R1b2/2P1n3/N2Q1P2/P5PP/6K1 b - - 0 29,e4f6 d3f5 e6f5 d5f5,2049,147,100,31,equality middlegame short,https://lichess.org/zX5KCp4X/black#58,,
037Me,r5k1/pp3pbp/1qpp4/3p1N2/2P1rQ2/8/PP3RPP/1RB4K w - - 1 21,f4g5 e4e1 f2f1 e1f1,752,79,100,274,backRankMate mate mateIn2 middlegame short,https://lichess.org/Czn4P9Jo#41,,
0386g,3r4/2p5/3bk2p/1p4p1/p2N4/2P1PB1P/PP2K1P1/8 b - - 1 45,e6e5 d4c6 e5f6 c6d8,833,78,100,157,crushing endgame fork short,https://lichess.org/CFloo9VT/black#90,,
038G3,5rk1/pp2rppp/1q6/2b3Q1/8/P1B2BPb/1PR2P1P/R5K1 b - - 6 21,f8e8 g5g7,593,84,100,204,kingsideAttack mate mateIn1 middlegame oneMove,https://lichess.org/ERqPgqyf/black#42,,
038VO,2r1r3/p6k/5pRp/3Q1P2/3P1b1P/8/PP3PP1/3Rq1K1 w - - 3 33,d1e1 e8e1,770,79,100,107,endgame mate mateIn1 oneMove,https://lichess.org/KUWvR9Ff#65,,
0394d,8/1b1kpp2/p6p/1p1q4/3B1Q1P/PP3P2/2P5/2KN2r1 b - - 0 30,d5f3 f4f3 b7f3 d4g1,924,79,100,805,advantage endgame master masterVsMaster short,https://lichess.org/ka6grr0n/black#60,,
039HH,r2q1rk1/1bp2pbn/p2p2p1/1p3pB1/4P2Q/1PNP1N2/1PP3PP/R4RK1 b - - 2 16,h7g5 f3g5 d8g5 h4g5,914,77,100,446,advantage master middlegame short,https://lichess.org/9vQeVU3U/black#32,Modern_Defense Modern_Defense_Other_variations,
039qo,r2qr1k1/pb2np1Q/1p3b2/2p3N1/8/P2P2P1/1P2PPBP/R4RK1 b - - 1 18,g8f8 h7f7,1164,76,100,700,mate mateIn1 middlegame oneMove,https://lichess.org/z8ezrLxm/black#36,English_Opening English_Opening_Symmetrical_Variation,
03A3f,2kr3r/ppp2p2/2pbb2p/6p1/3N1q2/2NP3P/PPP1QPP1/R4RK1 w - - 2 15,d4e6 f4h2,792,82,100,439,mate mateIn1 middlegame oneMove,https://lichess.org/CL4Zv5lf#29,Ruy_Lopez Ruy_Lopez_Berlin_Defense,
03A9v,8/4k3/1p4pp/2pP1p2/5P1P/2P1K3/8/8 b - - 0 48,c5c4 e3d4 e7d7 d4c4,1095,76,100,306,advantage endgame pawnEndgame short,https://lichess.org/9VT2NyD5/black#96,,
03B3o,2k4r/1p3qp1/p1p2pp1/B7/8/3Q3P/PbP2PP1/3R2K1 b - - 0 22,b2e5 d3d8 h8d8 d1d8,945,81,100,77,endgame mate mateIn2 queensideAttack sacrifice short,https://lichess.org/4mQrkso8/black#44,,
03BAr,2rq2k1/1p3p1p/p3p1pP/3pP1Q1/1P1P4/5N2/2R2PP1/6K1 b - - 0 39,d8g5 c2c8 g5d8 c8d8,1415,75,100,1470,endgame hangingPiece mate mateIn2 short,https://lichess.org/jiqXwhmA/black#78,,
03BWQ,3r2k1/p3R1p1/2Q2p1p/6q1/8/7P/P4PP1/6K1 w - - 1 33,e7a7 d8d1 g1h2 g5f4 g2g3 f4f2,1210,77,100,340,crushing endgame long,https://lichess.org/ghHwNRCC#65,,
03Bce,8/8/8/1p1k4/1P4p1/p3K1Pp/P6P/8 w - - 5 48,e3f4 d5c4 f4g4 c4b4,822,81,100,69,crushing endgame pawnEndgame short,https://lichess.org/TlpdLOtQ#95,,
03BpL,3k4/3P4/1K2n2p/6p1/B4pP1/5P2/7P/8 w - - 3 57,b6b7 e6c5 b7c6 c5a4,700,80,100,264,crushing endgame fork short,https://lichess.org/rgUWpOYg#113,,
03ByH,r3k1r1/p6p/2p2p1n/3qp3/Q2p4/N2P1P2/PP3P1P/2R2RK1 w q - 2 16,g1h1 d5f3,581,85,100,226,kingsideAttack mate mateIn1 middlegame oneMove,https://lichess.org/QenRwalD#31,Caro-Kann_Defense Caro-Kann_Defense_Accelerated_Panov_Attack,
03CF0,r2qr1k1/p1p1bpBp/2pp1n2/5b2/4P2P/6Q1/PPP2PP1/RN2K2R b KQ - 1 12,f5g4 g7f6 e7f6 g3g4,1283,85,100,134,capturingDefender equality kingsideAttack opening pin short,https://lichess.org/dAKdfRR3/black#24,,
03CIU,8/6pp/1Q2p1k1/2p5/P3n3/1P2PK1P/5qP1/4N3 w - - 0 35,f3e4 f2f5,1050,76,100,137,endgame mate mateIn1 oneMove,https://lichess.org/FsnpLoMm#69,,
03CME,8/2q5/k7/1p3KP1/8/1Q6/8/8 b - - 2 73,c7d7 b3e6 d7e6 f5e6 b5b4 g5g6 b4b3 g6g7 b3b2 g7g8q,710,81,100,980,advancedPawn crushing endgame promotion queenEndgame veryLong,https://lichess.org/Lsap0TcS/black#146,,
03CVu,2kr1b1r/1p2npp1/p5b1/2qp2N1/2p2PP1/P1NP4/BPQ5/R1BR2K1 w - - 2 19,c2f2 h8h1 g1h1 c5f2,1382,74,100,463,crushing deflection kingsideAttack middlegame short,https://lichess.org/JDcYjLoa#37,,
03Cow,3r1rk1/ppp2ppp/1b6/8/4P1R1/2Pq3P/P5P1/R1Q1B2K b - - 1 23,h7h5 g4g7 g8g7 c1g5,1728,94,100,76,attraction equality kingsideAttack middlegame sacrifice short,https://lichess.org/zsh50GkI/black#46,,
03ET6,5rk1/3b1p1p/1q1pp1pQ/4n2P/p2RP1P1/5P2/BPP5/2K4R b - - 0 25,b6d4 h5g6 e5d3 c2d3,1842,102,100,63,equality middlegame short,https://lichess.org/IJ5K8xZ3/black#50,,
03Ekd,8/8/4nk2/5p1p/8/5NKP/6P1/8 b - - 11 66,e6g5 f3g5 f6g5 h3h4 g5f6 g3f4,1289,74,100,637,attraction crushing endgame knightEndgame long,https://lichess.org/Wb8VTSYi/black#132,,
03FL5,5r2/p1q2p1k/5Q1p/3p1N2/8/1P5P/P4KP1/4r3 b - - 1 33,c7e5 f6h6 h7g8 h6g5,1656,132,100,43,endgame equality fork short,https://lichess.org/ifsXHnPY/black#66,,
03FPz,2k2b1r/ppp1p1pp/3r4/5p2/3PB3/2P1B2q/PP3P2/RN1Q1RK1 w - - 0 15,d1f3 d6g6 e3g5 g6g5,1206,76,100,213,advantage middlegame short,https://lichess.org/OuuTCxAZ#29,Scandinavian_Defense Scandinavian_Defense_Modern_Variation,
03FZU,R7/5P1p/2q3pk/1p1p1b2/3Q3P/2r2PK1/8/8 b - - 0 38,c6d6 d4f4 d6f4 g3f4,1027,75,100,199,crushing endgame short,https://lichess.org/1BdWC4fx/black#76,,
03Fju,6k1/5p1p/4p3/5p2/7R/6PK/2Q1PP1P/3r1n1q w - - 4 32,c2d1 h1h2,1133,188,100,6,endgame,https://lichess.org/wTyRyhWX#63,,
03Hed,1r3r1k/1b5p/p1qbBnp1/4pNB1/3p4/7Q/PP3PPP/R4RK1 w - - 12 24,h3h6 c6g2,722,86,100,452,kingsideAttack master mate mateIn1 middlegame oneMove,https://lichess.org/OlBrghMq#47,,
03Ht0,r1bq1rk1/ppp2ppp/1bnp1n2/3Np1N1/1PP5/P3P3/2QP1PPP/R1B1KB1R b KQ - 2 9,h7h6 d5f6 g7f6 c2h7,1330,76,100,606,kingsideAttack mate mateIn2 opening short,https://lichess.org/JLSQEsZs/black#18,English_Opening English_Opening_Kings_English_Variation,
03IYz,6k1/p4p1p/6p1/3r4/5P2/PPprR3/5PPP/2R3K1 w - - 2 34,g2g3 d3d1 c1d1 d5d1 g1g2 c3c2,1032,76,100,325,advancedPawn crushing endgame long rookEndgame,https://lichess.org/pBmGk2PZ#67,,
03IcO,2k1r3/1pp2pq1/1pp5/5R2/5B1p/2P3Q1/PP2r1PP/R6K w - - 0 23,g3g7 e2e1 a1e1 e8e1,519,93,100,115,backRankMate endgame mate mateIn2 short,https://lichess.org/3cASYnuK#45,,
03LPW,2r5/5k2/p3pp2/1p1p1N1p/3P1P2/4Pq2/PP3r1B/4QKR1 w - - 0 33,e1f2 c8c1,1107,77,100,98,endgame mate mateIn1 oneMove,https://lichess.org/qztMpySu#65,,
03LXp,r5k1/ppb3p1/2pq2r1/3P1pQ1/4p3/1P2P1PP/PB3P2/2R2RK1 w - - 1 27,g5f5 g6g3 f2g3 d6g3 g1h1 g3h2,1079,74,100,134,kingsideAttack long mate mateIn3 middlegame sacrifice,https://lichess.org/nVTTKN9U#53,,
03LhC,r2r2k1/1pR2ppp/4p3/p2qP3/3p1Qb1/3P1N2/1P3PPP/2R3K1 b - - 5 23,g4f3 f4f7 g8h8 f7g7,874,81,100,52,kingsideAttack mate mateIn2 middlegame short,https://lichess.org/H70bck39/black#46,,
03M4A,kr6/p4p1p/6p1/2R5/q2PQP2/P3P3/1n4P1/K7 b - - 1 43,b8b7 c5c8,983,79,100,68,endgame master mate mateIn1 oneMove,https://lichess.org/c19RlD8w/black#86,,
03MIy,3r1rk1/1p1bqpp1/p3p2p/8/3PQ3/3B4/PP3PPP/3RR1K1 b - - 2 18,d7c6 e4h7,497,89,100,207,mate mateIn1 middlegame oneMove,https://lichess.org/nehFAlkV/black#36,French_Defense French_Defense_Rubinstein_Variation,
03MWw,r1b3k1/pp4r1/2pqp1n1/5n1Q/3P2P1/7R/PPB2P1P/3R2K1 b - - 4 27,g6f4 h5e8 d6f8 h3h8 g8h8 e8f8,1767,75,100,421,advantage attraction clearance deflection exposedKing kingsideAttack long middlegame,https://lichess.org/cCEyBUpR/black#54,,
03NM5,r6k/ppp3pp/8/3P4/2qn2QP/Pn3P1B/KP6/6R1 b - - 1 29,c4d5 g4g7,739,85,100,92,mate mateIn1 middlegame oneMove,https://lichess.org/ElScR53V/black#58,,
03NVE,4r1k1/1p3ppp/p4q2/2Rp4/3Pr3/1Q4P1/PP3PP1/3R2K1 w - - 8 23,b3b7 e4e1 d1e1 e8e1 g1h2 f6h6,961,77,100,111,endgame long mate mateIn3,https://lichess.org/NW4xnfkg#45,,
03NlU,r4r1k/1bB3pp/p4p2/4pP2/1nB1P2N/2R5/P1P3PP/7K b - - 7 22,b7e4 h4g6 h7g6 c3h3,1106,77,100,200,mate mateIn2 middlegame sacrifice short,https://lichess.org/wndEekfW/black#44,,
03P8w,r1b2rk1/pppp1ppp/8/3PP3/1P6/2PQB1q1/P2KB3/7R b - - 1 20,g3e5 d3h7,868,84,100,58,kingsideAttack mate mateIn1 middlegame oneMove,https://lichess.org/4MDc2ZWH/black#40,,
03PC9,1r5k/1b4b1/3pBp2/2q1nQ1p/2PN1B2/6PP/7K/1R6 b - - 0 33,c5d4 f5h5 g7h6 h5h6,840,87,100,84,mate mateIn2 middlegame short,https://lichess.org/W4TpWKq6/black#66,,
03PJo,5bkr/pb4pp/1p1qR3/2p5/2B5/2PP4/P1P2PPP/1RBK4 b - - 0 17,d6e6 c4e6,582,94,100,177,doubleBishopMate hangingPiece kingsideAttack mate mateIn1 middlegame oneMove,https://lichess.org/mLCRksH4/black#34,Scandinavian_Defense Scandinavian_Defense_Modern_Variation,
03Pkr,3q4/4kr2/p4N2/1pPpP3/3P2Q1/P7/5K2/8 b - - 10 44,d8f8 g4d7,806,86,100,87,endgame mate mateIn1 oneMove,https://lichess.org/FyjKsEAg/black#88,,
03Q08,rn6/2R5/3p1kp1/1r2p2n/1P6/5RPN/5P2/6K1 b - - 1 37,f6e6 h3g5 e6d5 f3d3,1022,76,100,203,mate mateIn2 middlegame short,https://lichess.org/vxC2GYtP/black#74,,
03Q6i,r5k1/2p2ppp/1q6/2p1P3/r7/5QB1/P4PPP/R5K1 b - - 0 27,a4a2 f3a8 a2a8 a1a8 b6b8 a8b8,1118,75,100,324,backRankMate endgame long mate mateIn3 xRayAttack,https://lichess.org/sFX34Gxw/black#54,,
03QMx,7k/p4q2/3Q1R1p/2p5/8/8/PPP3rP/1K6 w - - 0 39,f6f7 g2g1 f7f1 g1f1 d6d1 f1d1,571,83,100,137,backRankMate endgame long mate mateIn3 queenRookEndgame,https://lichess.org/M1kw1YKY#77,,
03QPG,3q1rk1/5ppp/3rp3/p1pp3N/4n1Q1/P1P1P3/1P3PPP/R4RK1 b - - 3 18,f7f5 g4g7,681,84,100,111,kingsideAttack mate mateIn1 middlegame oneMove,https://lichess.org/DQcrIoA2/black#36,Indian_Defense Indian_Defense_Accelerated_London_System,
03QVV,2r3k1/p2p1ppp/b3p3/3pP3/8/1P4R1/q4PPP/Q5K1 w - - 0 22,a1a2 c8c1,454,94,100,694,backRankMate endgame mate mateIn1 oneMove,https://lichess.org/1t3P94Gx#43,,
03QYw,2q3k1/5pp1/p3b1Qp/1pbB4/8/P1r2PB1/7P/3RR2K b - - 0 34,f7g6 d5e6 c8e6 e1e6,806,78,100,107,advantage fork middlegame short,https://lichess.org/qW6cySKg/black#68,,
03Qx8,8/6k1/6p1/8/3Pp1P1/R7/4K3/6r1 w - - 1 48,e2e3 g1g3 e3f4 g3a3,1080,76,100,196,crushing endgame master rookEndgame short skewer,https://lichess.org/78dTYpfP#95,,
03R0v,8/2Rn2qk/p4n2/1p1p4/3Qb3/6NP/PP3PP1/6K1 w - - 2 32,g1h2 f6g4 h3g4 g7d4,1361,75,100,516,advantage discoveredAttack middlegame short,https://lichess.org/kINPyrF1#63,,
03R1J,3r3k/pp4p1/5n1p/3b4/4N1P1/3RP2P/PP4B1/4K3 b - - 0 27,f6e4 g2e4 d5e4 d3d8,944,79,100,100,advantage endgame short,https://lichess.org/FvqHg7C3/black#54,,
03R9Y,Qnk5/2p3b1/pp1r3p/3p2p1/NP1P2n1/P3qr1P/1BR3P1/5R1K w - - 0 25,f1f3 e3e1 f3f1 e1f1,741,76,100,329,kingsideAttack mate mateIn2 middlegame short,https://lichess.org/Kupg0M8M#49,,
03RGi,3r2k1/p1q2ppp/1p6/1Q1R4/2p3n1/2P1PN2/PP3PP1/6K1 b - - 0 22,d8d5 b5e8,619,85,100,227,endgame mate mateIn1 oneMove,https://lichess.org/57N7mFaj/black#44,,
03S2o,3r1r1k/pppb2pR/2n5/4pp2/8/P2PP3/BP1BQPq1/2KR4 b - - 0 18,h8h7 e2h5,654,98,100,162,mate mateIn1 middlegame oneMove,https://lichess.org/uD2revCj/black#36,English_Opening English_Opening_Anglo-Dutch_Defense,
03SEl,8/1p3K2/1k6/5N2/2p2P2/6P1/8/8 w - - 0 54,f5g7 c4c3 g7e6 c3c2 g3g4 c2c1q,400,99,100,371,advancedPawn crushing endgame knightEndgame long promotion,https://lichess.org/Uz2V9W4F#107,,
03TZT,2k5/1p5p/1K6/4B3/P1P5/4n1P1/8/8 w - - 3 50,c4c5 e3c4 b6b5 c4e5,1041,85,100,133,crushing endgame fork short,https://lichess.org/naQhByqH#99,,
03U0F,8/rb5p/5R2/2k5/5N1P/6P1/5P2/6K1 w - - 1 49,f6f7 a7a1 g1h2 a1h1,584,83,100,143,endgame mate mateIn2 operaMate short,https://lichess.org/50Y3mmmh#97,,
03U5L,r1b1k2N/pppp2pp/2n5/3Qp3/2B5/8/PPP4P/RNB1q1Kn w q - 2 12,c4f1 e1f2 g1h1 f2f1,1038,82,100,1320,deflection kingsideAttack mate mateIn2 middlegame short,https://lichess.org/tOC3tDyq#23,Italian_Game Italian_Game_Two_Knights_Defense,
03UPq,r2q1rk1/pp3ppp/2pbpB2/8/4Q3/1P1B3P/P1PP1PP1/R3K2R b KQ - 0 13,d8f6 e4h7,580,87,100,92,kingsideAttack mate mateIn1 middlegame oneMove,https://lichess.org/wqtUNwFf/black#26,Caro-Kann_Defense Caro-Kann_Defense_Two_Knights_Attack,
03UYH,1Q6/5pk1/p4p2/PN1p4/2q2P2/4P3/6PK/8 b - - 0 38,c4b5 b8b5 a6b5 a5a6,868,77,100,463,crushing endgame queenEndgame short,https://lichess.org/K0ebxbdF/black#76,,
03UZ0,rn3r1k/ppp1bpp1/2b1pn2/3q3N/8/3BB2N/PPP2PPP/R2Q1RK1 w - - 4 14,h5f6 d5g2,663,85,100,172,kingsideAttack mate mateIn1 oneMove opening,https://lichess.org/h3Pzj7Uj#27,French_Defense French_Defense_Rubinstein_Variation,
03Ws6,8/2k1N3/8/2Pp1p1p/3P1P1P/8/1pK5/2b5 b - - 1 56,c1e3 e7d5 c7c6 d5e3 b2b1q c2b1,830,77,100,678,crushing endgame fork long,https://lichess.org/6afMgPlg/black#112,,
03X0O,8/R7/3p2p1/2pPb1kp/P7/r6P/6P1/2R4K w - - 0 48,c1c4 a3a1 c4c1 a1c1,842,87,100,62,endgame mate mateIn2 short,https://lichess.org/pUtcmiTb#95,,
03X4N,r6r/1b2kp2/1p2p3/1N1pn2p/6pP/2PBN1P1/1R3PK1/3R4 w - - 5 32,d3e2 d5d4 g2f1 d4e3,1062,77,100,399,advantage discoveredAttack discoveredCheck middlegame short,https://lichess.org/LzF54Al9#63,,
03XMk,2kr2r1/Bppq4/R2p3p/4p3/5b2/2PQ3P/2P2PP1/5RK1 b - - 0 31,b7a6 d3a6,596,81,100,160,mate mateIn1 middlegame oneMove queensideAttack,https://lichess.org/WkGPZ2h1/black#62,,
03XPS,1k6/ppR1n2p/6p1/1P1p4/3q4/P2r4/2R4P/1KQ5 b - - 1 35,d3d1 c7c8 e7c8 c2c8,841,85,100,313,endgame mate mateIn2 sacrifice short,https://lichess.org/wPxc2inX/black#70,,
03XSU,2r2bk1/1p3ppp/1P4b1/q2Np3/2B5/1Q2P2P/5PP1/2R3K1 b - - 0 30,a5d2 d5e7 f8e7 c4f7 g6f7 c1c8,1188,76,100,814,crushing discoveredAttack kingsideAttack long middlegame sacrifice,https://lichess.org/K8ajaut5/black#60,,
03XZs,2rr2k1/4ppb1/pq1P1np1/2p1B2p/2P5/2NQ3P/RP3PP1/4R1K1 b - - 0 21,e7d6 e5f6 g7f6 c3d5,1345,75,100,355,advantage middlegame short,https://lichess.org/JMXbDclW/black#42,,
03Xd6,r1b1r3/ppp2p2/3pk3/4n1B1/8/2N4Q/Pq4PK/5R2 b - - 9 28,f7f5 h3f5,1167,76,100,2514,mate mateIn1 middlegame oneMove,https://lichess.org/JEaoQ1Kz/black#56,,
03Xyr,4rk2/1pq1rpb1/2p4p/5Q1P/p2P2R1/P7/BP3PP1/3R2K1 w - - 3 32,f5h7 e7e1 d1e1 e8e1,814,81,100,195,kingsideAttack mate mateIn2 middlegame short,https://lichess.org/BHoPeeWL#63,,
03Y92,3r4/1b3pk1/4p1p1/p3Q2p/1p4qP/1P1B3R/P4PP1/6K1 b - - 4 33,f7f6 e5c7 g7h6 c7b7 g4d1 d3f1,2173,77,100,76,endgame,https://lichess.org/KIN1x4Y3/black#66,,
03YGJ,4Rk2/4p2p/1p4pP/2p4q/2Q4b/8/8/3R1K2 b - - 0 37,f8e8 c4g8,759,76,100,335,endgame master mate mateIn1 oneMove,https://lichess.org/DfD8m6js/black#74,,
03YTO,5k2/6p1/7p/pp1q4/5P2/8/1BQ1R1PP/7K w - - 2 41,c2g6 d5d1 e2e1 d1e1,844,80,100,81,backRankMate endgame fork mate mateIn2 short,https://lichess.org/LmXc04jF#81,,
03Yux,1R6/4bkpp/5q2/2p5/2Q4P/2P1P1P1/P4P1K/3r4 b - - 4 37,f7g6 c4g4 g6h6 g4d1,1541,76,100,744,advantage endgame fork short,https://lichess.org/rwZWmqY5/black#74,,
03aHZ,r2r2k1/1pq1ppbp/p1b2np1/8/2B5/1P2P3/PBQ1NPPP/2R2RK1 b - - 5 15,c6e4 c4f7 g8f7 c2c7,1120,78,100,109,crushing discoveredAttack middlegame short,https://lichess.org/wP3Go3UT/black#30,Zukertort_Opening Zukertort_Opening_Sicilian_Invitation,
03bUT,8/k7/3R4/pp1p4/2pP4/P1n1K3/2P5/8 w - - 0 45,e3d2 c3e4 d2c1 e4d6,942,78,100,293,crushing endgame fork short,https://lichess.org/T9Ktvs1C#89,,
03bZX,1r3r2/2p5/1q6/2b1p3/k2pQ2B/8/P4PP1/1KR4R w - - 0 34,b1a1 b6b2,981,76,100,162,mate mateIn1 middlegame oneMove,https://lichess.org/npjEBSBd#67,,
03c5I,6B1/1R6/6pk/8/6K1/8/1p5P/1rb5 b - - 0 43,b1a1 b7h7,491,97,100,161,endgame master mate mateIn1 oneMove,https://lichess.org/Kk2YGyeg/black#86,,
03c9m,r3Q2k/q6p/7B/3P4/P7/1P3P2/KPb3P1/4R3 b - - 10 35,a8e8 e1e8,448,91,100,297,endgame master mate mateIn1 oneMove pillsburysMate,https://lichess.org/ZeMFiirE/black#70,,
03cFQ,5r1k/1pR5/p5pp/8/4bP2/1Q4P1/P2q3P/2R4K w - - 1 32,h1g1 d2g2,1055,76,100,205,endgame mate mateIn1 oneMove,https://lichess.org/fHM1ns7v#63,,
03cWT,8/8/p7/8/4K3/1P6/k7/8 w - - 0 47,e4d4 a2b3 d4d3 a6a5 d3d2 b3b2,1563,76,100,1424,crushing defensiveMove endgame long pawnEndgame quietMove,https://lichess.org/pGtJGs50#93,,
03dEm,7r/2pR1pkr/1p2p1p1/4P3/1P3PPq/P1P2Q1p/3R2PB/6K1 w - - 13 34,f3h3 h4e1,918,77,100,197,mate mateIn1 middlegame oneMove,https://lichess.org/GHYhrhgK#67,,
03deT,r2q1b1r/pp2nQpk/8/3P1N1p/2Pn1PP1/N2p2P1/PP6/R1B1K2R b KQ - 0 17,e7f5 h1h5 f5h6 h5h6 h7h6 f7h5,2198,76,100,401,attraction long mate mateIn3 middlegame pin,https://lichess.org/CHlpYjqc/black#34,Benoni_Defense Benoni_Defense_Old_Benoni,
03dw0,8/8/P7/6k1/1R6/6p1/r5P1/6K1 w - - 2 60,b4b3 a2a1 b3b1 a1b1,782,78,100,140,endgame mate mateIn2 rookEndgame short,https://lichess.org/KKRAXB0D#119,,
03eOY,2rr2k1/pp2pp1p/6p1/2nqN3/8/2QbP3/PP3PPP/3RKB1R b K - 4 16,d5a2 e5d3 c5d3 d1d3 c8c3 d3d8 g8g7 b2c3,2460,137,100,65,equality intermezzo middlegame veryLong,https://lichess.org/IViaPbrK/black#32,,
03eid,r3kb1r/ppp3p1/2nq1np1/3p4/2PPp3/8/PP2BPPP/RNBQ1RK1 w kq - 1 11,c4c5 d6h2,563,86,100,347,kingsideAttack mate mateIn1 oneMove opening,https://lichess.org/XJq1DaNb#21,Scandinavian_Defense Scandinavian_Defense_Other_variations,
03fGe,3r2k1/2p3p1/2p1pn2/3q3p/2Q1pP2/6PP/PPP5/1K2R1B1 w - - 2 28,c4c3 d5d1 e1d1 d8d1,750,78,100,171,backRankMate endgame mate mateIn2 sacrifice short,https://lichess.org/pJhvkCBu#55,,
03fg2,8/6kp/2p3p1/2P2p2/8/2q1P3/r4PPP/2R3K1 w - - 0 33,c1c3 a2a1 c3c1 a1c1,548,88,100,162,backRankMate endgame mate mateIn2 rookEndgame short,https://lichess.org/k8Pi8yk4#65,,
03fwW,3r2k1/5pp1/p1N1p2p/1p6/3q1P2/P4Q1P/6PK/8 b - - 1 36,d4d5 c6e7 g8f8 e7d5,962,75,100,275,advantage endgame fork master short,https://lichess.org/0YdlBN8n/black#72,,
03fwn,r1b2r2/p1p2pkp/1p1p1qp1/3P1NQ1/2P1P2R/2Nn4/PP4PP/6K1 b - - 1 21,c8f5 g5h6 g7h8 h6h7,1109,77,100,90,mate mateIn2 middlegame short,https://lichess.org/ngVGRGqA/black#42,,
03gtp,5rk1/R2P2p1/1p5p/8/3p4/8/PPr3PP/3R2K1 w - - 1 25,d1d4 c2c1 d4d1 c1d1,665,82,100,354,endgame mate mateIn2 rookEndgame short,https://lichess.org/gIoruVfy#49,,
03gvn,8/6pk/4B1rp/p4p2/5P1P/4QP1K/1q6/R6R w - - 7 44,e6f5 b2g2,793,77,100,189,endgame mate mateIn1 oneMove,https://lichess.org/1d4eZAHf#87,,
03hmP,1r6/5pk1/6p1/6P1/4P3/3P2P1/PP1K2pQ/8 w - - 3 42,h2g2 b8b2 d2c3 b2g2,968,116,100,23,crushing endgame master queenRookEndgame short skewer,https://lichess.org/EOJt62Ns#83,,
03iWa,r2q3k/1p4pn/5b1p/pNB1n3/P2p2b1/1B1Q4/1PP2PPP/R4RK1 w - - 1 25,d3d4 e5f3 g2f3 f6d4,1135,195,100,7,middlegame,https://lichess.org/dd0SlDKU#49,,
03jKe,8/1b3pk1/1P2p3/4P2p/1RpP1n2/2P5/5K1P/8 w - - 0 36,f2e3 f4d5 e3d2 d5b4,1013,76,100,267,crushing endgame fork short,https://lichess.org/CnTpf6Jx#71,,
03kAQ,8/3n4/5k1p/1pPBp3/1P4KP/8/8/8 w - - 1 51,g4h5 f6g7 h5g4 d7f6 g4f5 f6d5,1727,74,100,282,crushing endgame fork long,https://lichess.org/dIvbj1Il#101,,
03l9S,3R4/pR6/1bN1pk1p/8/4r1p1/1P4P1/P6P/7K w - - 2 33,d8d7 e4e1 h1g2 e1g1,1045,76,100,278,endgame mate mateIn2 short,https://lichess.org/Ly6cyn9t#65,,
03lCR,r1bq1r2/3nn1k1/5pB1/ppp1pPpN/3pP3/P2P4/1PP2NP1/R1Q2RK1 b - - 3 23,g7h6 f2g4,1044,78,100,341,master mate mateIn1 middlegame oneMove,https://lichess.org/ayaE3O23/black#46,,
03lR8,2r3k1/5pb1/p5pp/1p2p3/1B1rR3/P3R2P/Bn3PP1/6K1 b - - 9 31,b2d3 e4d4 e5d4 e3d3 c8c1 g1h2,1272,75,100,860,advantage capturingDefender defensiveMove long middlegame,https://lichess.org/ZMr6QTu7/black#62,,
03lYh,8/7P/5n2/8/8/pk6/1p6/1K6 w - - 1 56,h7h8q a3a2,814,76,100,195,advancedPawn endgame master mate mateIn1 oneMove,https://lichess.org/WCnNYjQ0#111,,
03lv9,r3k2r/pp3ppp/1q6/2bpn3/4n1b1/1PP2N2/PB2BPPP/RN1Q1RK1 w kq - 2 12,f3e5 c5f2 f1f2 b6f2,901,216,100,18,crushing kingsideAttack middlegame short,https://lichess.org/MlumDK8X#23,Indian_Defense Indian_Defense_Spielmann-Indian,
03mv2,8/8/6p1/8/5KPk/8/8/8 b - - 5 80,g6g5 f4f5 h4h3 f5g5,906,80,100,433,crushing defensiveMove endgame pawnEndgame short zugzwang,https://lichess.org/MGKIFNov/black#160,,
03naU,4r1k1/pb5p/1p4p1/3pn3/2qB4/2P4P/PPB2RP1/5QK1 w - - 4 35,f1e1 e5f3 g2f3 e8e1,932,77,100,451,crushing discoveredAttack kingsideAttack middlegame short,https://lichess.org/DZM230XU#69,,
03ney,2R2rk1/5ppp/3qpn2/n7/3P4/r3PPPP/4N1B1/2Q2RK1 b - - 4 23,a3e3 c8f8 d6f8 c1e3,1183,76,100,407,advantage intermezzo middlegame short,https://lichess.org/4Cv5lJP6/black#46,,
03p4G,r1b2rk1/pp1n2pB/1q5p/3p2b1/8/1NP2R1P/P1Q3PB/5R1K b - - 2 25,g8h8 f3f8 d7f8 f1f8,571,81,100,178,kingsideAttack mate mateIn2 middlegame short,https://lichess.org/5lgBNaeD/black#50,,
03pES,r1b2qk1/p4Bpp/1pp2p2/8/3P1b2/1QP2N1P/PP3PP1/4R1K1 b - - 0 18,f8f7 e1e8,1037,76,100,880,master mate mateIn1 middlegame oneMove pin,https://lichess.org/VCFyh5Z7/black#36,Caro-Kann_Defense Caro-Kann_Defense_Tartakower_Variation,
03pfe,r1bqr1k1/1p1n1ppB/p1p1pn1p/3p2N1/2PP3P/2P1P3/P1QB1PP1/R3K2R b KQ - 5 12,g8h8 g5f7,595,86,100,155,kingsideAttack mate mateIn1 middlegame oneMove,https://lichess.org/44WUelCe/black#24,Nimzo-Indian_Defense Nimzo-Indian_Defense_Three_Knights_Variation,
03pkb,5r1k/7p/3p2n1/q2P1p2/2P5/1P3PQ1/2B1RP1P/7K w - - 0 41,g3d6 a5a1 c2b1 a1b1,1007,79,100,51,advantage endgame master short,https://lichess.org/ANQnybvJ#81,,
03prJ,r1b2rk1/pp4p1/1nn3N1/3p1P1Q/1q6/1N4P1/PP3P1P/4RK1R b - - 2 21,f8f5 e1e8 f5f8 e8f8,2185,75,100,265,crushing kingsideAttack middlegame short,https://lichess.org/EK9JZrXk/black#42,,
03puQ,3r4/p4kbp/b1B1pnp1/6B1/4N3/2p5/Pr3PPP/R1R3K1 b - - 1 20,d8c8 e4d6 f7g8 d6c8,844,79,100,206,advantage fork middlegame short,https://lichess.org/2Ia1vjIj/black#40,,
03q7Y,2k5/pp3p1r/B1R1p3/P2qPb2/3r1np1/8/1P3PpP/2R2QK1 b - - 0 26,c8d8 c6c8 d8e7 c1c7,1210,78,100,259,crushing master middlegame short,https://lichess.org/ZIPYqbKP/black#52,,
03qCC,r3r1k1/ppp3pp/8/3q1b2/8/7P/PPP2PP1/1K1R1B1R w - - 0 19,d1d5 e8e1 d5d1 e1d1,505,83,100,255,endgame mate mateIn2 queensideAttack short,https://lichess.org/xeA6AmIP#37,,
03qfY,1k1r3r/ppp2p2/6p1/4P3/8/1P3B2/P2P1qPP/R2QR2K w - - 2 21,e1e2 h8h2 h1h2 d8h8 f3h5 h8h5,1266,76,100,383,attraction kingsideAttack long mate mateIn3 middlegame sacrifice,https://lichess.org/VcCxLGpm#41,,
03r1E,r3kb1r/ppp1qp1p/2n4p/4p3/8/4PN1P/PPP2PP1/R2QKB1R w KQkq - 0 10,f1b5 e7b4 f3d2 b4b5,903,78,100,275,advantage fork middlegame short,https://lichess.org/dCymrg5v#19,Englund_Gambit Englund_Gambit_Hartlaub-Charlick_Gambit,
03r6k,8/5p2/2r3k1/p1P5/5PP1/r3B2P/4K3/2R5 b - - 0 35,c6e6 f4f5 g6f6 f5e6,903,78,100,328,crushing endgame fork short,https://lichess.org/6Wv99dDI/black#70,,
03r8Y,8/p1p3rk/1p2p2p/4Q3/5P2/2P2b1K/P1P5/8 w - - 21 35,e5e6 f3g4 e6g4 g7g4 h3g4 h7g6,1355,76,100,2108,crushing defensiveMove endgame fork long,https://lichess.org/ZuhvTyJw#69,,
03rBl,r2q4/ppp3p1/2nk3r/2p1p3/4P1Q1/2NP2P1/PPP5/R4RK1 b - - 3 18,d8e7 c3b5,929,79,100,537,mate mateIn1 middlegame oneMove,https://lichess.org/mjcE5Dns/black#36,Petrovs_Defense Petrovs_Defense_Other_variations,
03rXN,8/5pkp/4p1p1/p2pPPK1/8/1r6/7r/2R5 b - - 0 35,a5a4 f5f6 g7h8 c1c8,938,89,100,57,endgame mate mateIn2 rookEndgame short,https://lichess.org/rXyBQTub/black#70,,
03sBK,r2r2k1/2R3p1/5pNp/p4N2/Pn2P3/7P/1P4P1/6K1 b - - 3 28,g8h7 c7g7,921,83,100,450,endgame mate mateIn1 oneMove,https://lichess.org/QNVILkwd/black#56,,
03sd0,8/8/8/3k4/p3pp1p/P1P4P/4K3/7B w - - 0 60,h1g2 f4f3 g2f3 e4f3,510,99,100,100,bishopEndgame crushing endgame fork master short,https://lichess.org/ZVzHBm5J#119,,
03spI,5r1k/7p/7P/4pN2/1pP2qP1/rP1Q4/5P2/1K1R4 b - - 3 36,f8a8 d3d8 a8d8 d1d8,574,99,100,506,endgame master mate mateIn2 sacrifice short,https://lichess.org/DcZGvSBQ/black#72,,
03uD9,5k2/p4pp1/5n1p/1Pqp4/5b2/P7/1P2Q1PP/4B2K b - - 1 27,c5d6 e1b4 d6b4 a3b4,1256,136,100,35,advantage endgame pin short,https://lichess.org/vceUtNWv/black#54,,
03uml,1r6/1r2p1b1/6pk/ppB5/3P1P1p/P1PKP3/1R6/1R6 w - - 0 33,c3c4 b5c4 d3c4 b7b2,1040,77,100,204,crushing discoveredAttack endgame short,https://lichess.org/BvldG37d#65,,
03vYt,1r4k1/3q1pPp/3Pr3/p2B4/P5P1/1p1P3P/1P3Q2/5RK1 b - - 2 28,d7d6 f2f7,604,87,100,379,endgame mate mateIn1 oneMove,https://lichess.org/dn31GS1l/black#56,,
03wOM,r1b2bnr/ppppkBpp/8/8/3nq3/5N2/PPPP1KPP/RNBQ3R b - - 1 8,e7f7 f3g5 f7g6 g5e4,882,78,100,659,advantage fork opening short,https://lichess.org/o8dV4ka2/black#16,Italian_Game Italian_Game_Blackburne-Kostic_Gambit,
03wQ4,2k1r3/7p/1p6/6Q1/4q2P/3pB3/PPr2P2/3RKR2 w - - 3 31,d1d2 c2c1 d2d1 e4b4,2212,77,100,318,mate mateIn2 middlegame pin short,https://lichess.org/0EuAq2U9#61,,
03wQd,5Rk1/p2r1p1p/p3bBp1/8/6r1/8/5PPP/1R4K1 b - - 0 28,g8f8 b1b8 d7d8 b8d8,651,79,100,101,endgame mate mateIn2 short,https://lichess.org/mlFjRb4G/black#56,,
03xdr,3q3r/2pn1pkn/3p4/1p1Pb1N1/1P4QP/3R2P1/5P2/4R1K1 b - - 5 30,g7h6 g5f7,909,77,100,387,cornerMate mate mateIn1 middlegame oneMove,https://lichess.org/uwuHnH3x/black#60,,
03xrP,8/5p2/4bKpk/5P2/1R6/8/8/8 b - - 0 46,e6f5 b4h4,805,82,100,146,endgame master mate mateIn1 oneMove,https://lichess.org/JrkUiz0T/black#92,,
03ySy,8/1b1n4/p2p1nQ1/4pP2/4P2k/2pP2P1/2q4P/5R1K b - - 0 33,h4h3 g6h6 f6h5 h6h5,903,77,100,502,endgame mate mateIn2 short,https://lichess.org/Pxs7VTkN/black#66,,
03zL4,8/1rk5/6R1/7p/8/8/6P1/6K1 b - - 0 51,b7a7 g6g7 c7b6 g7a7,986,106,100,29,crushing endgame rookEndgame short,https://lichess.org/oiPRgYCg/black#102,,
03zZy,8/5kpp/3Bp3/pP2P3/P1r5/5PKP/6P1/8 b - - 0 46,c4a4 b5b6 a4a1 b6b7,731,78,100,247,advancedPawn crushing endgame short,https://lichess.org/t3gtqRWw/black#92,,
040Jw,2kr4/1ppr2pp/p1n2p2/1Bb5/3N2bB/2P1P3/PP3PPP/R3K2R w KQ - 0 16,d4c6 d7d1 a1d1 d8d1,862,90,100,49,mate mateIn2 middlegame short,https://lichess.org/mbvX4Qtz#31,Englund_Gambit Englund_Gambit_Hartlaub-Charlick_Gambit,
041Bo,8/3b3p/3p2pQ/8/2P2P2/3P1Bk1/P6p/1r5K w - - 1 33,f3d1 b1d1,402,93,100,1032,endgame hangingPiece master mate mateIn1 oneMove,https://lichess.org/sD8w0FYB#65,,
041xC,6k1/5p1p/1R3K2/ppr2p2/8/8/7P/8 b - - 6 37,b5b4 b6b8 c5c8 b8c8,522,93,100,162,endgame mate mateIn2 rookEndgame short,https://lichess.org/ciLeXIJw/black#74,,
041yQ,8/1p3pk1/p1pN1bp1/2P5/1P6/P5P1/3Q1P1K/1q6 b - - 9 40,b1b3 d6e8 g7f8 e8f6,1118,75,100,338,crushing deflection endgame master short,https://lichess.org/HMPPmCe6/black#80,,
042nl,r3kb1r/5ppp/p4n1q/1p3P2/3BB1Q1/8/PPP3PP/3RR1K1 b kq - 0 18,f6g4 e4c6 e8d8 d4b6 d8c8 e1e8,1965,76,100,572,doubleCheck long mate mateIn3 middlegame,https://lichess.org/EvXLbulO/black#36,Sicilian_Defense Sicilian_Defense_Sozin_Attack,
042nn,r1b2rk1/pp2bpp1/2q2n2/1Np1n1Np/8/P3P2P/1PQBBPP1/R2R2K1 b - - 8 18,f6d7 c2h7,732,77,100,116,mate mateIn1 middlegame oneMove,https://lichess.org/AXd8Kc5t/black#36,Benoni_Defense Benoni_Defense_Old_Benoni,
042q7,r1b2rk1/ppq2pp1/2nb3p/2p5/3pP1n1/P2P1N2/1P3PPP/RNBQRBK1 w - - 4 14,h2h3 d6h2 f3h2 c7h2,1148,76,100,107,kingsideAttack mate mateIn2 opening short,https://lichess.org/gda74Qgw#27,English_Opening English_Opening_Anglo-Indian_Defense,
043J0,4R3/3n1pBk/2p4p/1b1p1P1N/8/1P4K1/6PP/5r2 b - - 4 31,f1f5 e8h8 h7g6 h8h6 g6g5 h2h4,1422,74,100,572,endgame long mate mateIn3,https://lichess.org/7x8GO3VZ/black#62,,
043Mi,4Q3/5rk1/b1p5/4p3/1p2qpP1/1P3n2/KP6/7R b - - 1 36,e4d5 e8h8 g7g6 h8h6,1158,76,100,1232,endgame mate mateIn2 short,https://lichess.org/TUVaETdo/black#72,,
043V9,r2q1rk1/2n2p1n/2pp2R1/pp2P2p/3P4/P1PB2QP/1P1N2P1/R5K1 b - - 0 20,f7g6 g3g6 g8h8 g6h7,752,78,100,175,kingsideAttack mate mateIn2 middlegame short,https://lichess.org/Mh4PI5lp/black#40,,
043oQ,6k1/pp2r2p/4P1p1/5n2/8/PB4P1/1P4KP/3R4 w - - 3 41,g3g4 f5e3 g2f2 e3d1,808,95,100,32,advantage endgame fork master short,https://lichess.org/OAbcuKnh#81,,
045Ao,5rk1/5pp1/p7/1p5R/2qPQ3/7P/6PK/8 b - - 7 46,b5b4 e4h7,644,79,100,243,endgame mate mateIn1 oneMove,https://lichess.org/1zpr5jTi/black#92,,
046AR,3r1b1r/pp4pk/2p1p2p/5b1B/3Pq3/2P3P1/PP1K3P/R1BQ3R w - - 3 20,h5f3 d8d4 c3d4 f8b4,2164,78,100,508,mate mateIn2 middlegame sacrifice short,https://lichess.org/YDapWTRT#39,,
046tY,r1b2rk1/3n1p1p/p2p1p2/1p1Nq3/4P3/1PP2Q2/1P3PPP/R4RK1 b - - 0 16,c8b7 f3g4 g8h8 g4d7 b7d5 e4d5,1590,110,100,86,equality fork long middlegame,https://lichess.org/1wTsaNQ5/black#32,,
047iS,3B2k1/1R3p1b/4p1pP/3pP3/3P2Q1/2N1q3/3nN1K1/5r2 w - - 5 39,d8f6 e3f2 g2h3 f1h1,1871,132,100,10,middlegame,https://lichess.org/avvTNgYt#77,,
047ma,4k3/4r3/p1bb1n1Q/2p5/2P4P/P5P1/1P3P2/6K1 w - - 5 40,h6f6 e7e1 g1h2 e1h1,900,78,100,450,endgame mate mateIn2 operaMate short,https://lichess.org/3fvTradX#79,,
0482f,8/p5pk/2R4p/q4p2/P7/4P2P/5PP1/R5K1 w - - 2 32,g1h2 a5e5 g2g3 e5a1,922,77,100,442,advantage endgame fork queenRookEndgame short,https://lichess.org/XMyDecmG#63,,
048Kv,r1N2r1k/p5pp/2p1Q3/3p4/2B5/8/PP3qPP/R2K3R w - - 1 22,c4b3 f2b2 h1e1 b2a1 d1c2 a1d4,2580,125,100,26,middlegame,https://lichess.org/DSdD3mf6#43,,
048VI,4r3/1Q3ppp/p2p1n2/3r1k2/P4B2/8/1PP2PPP/4R1K1 w - - 13 23,e1e8 d5d1 e8e1 d1e1,525,79,100,281,backRankMate endgame mate mateIn2 short,https://lichess.org/Y3EBmIFT#45,,
4990,r1r3k1/p2R1pp1/1p2p2p/4q3/8/4B3/P1P3PP/3R1Q1K b - - 1 26,e5e3 f1f7 g8h8 f7g7,1003,77,100,414,endgame mate mateIn2 short,https://lichess.org/J28xliWQ/black#52,,
049rt,4r1k1/1bqnp1bp/3pQrpN/p1pP4/1pP2P2/4B1NP/PP4P1/1R3RK1 b - - 11 23,g8f8 e6g8,1019,83,100,157,mate mateIn1 middlegame oneMove,https://lichess.org/QJnPKyNm/black#46,,
04ANp,4r3/p5pk/7p/4qn2/2P1Np2/1P3P2/P1Q3PP/3R3K w - - 5 42,e4d6 e5e1 d1e1 e8e1,605,80,100,262,backRankMate endgame mate mateIn2 sacrifice short,https://lichess.org/x440xhoD#83,,
04Ake,3r2k1/1Q3p2/p3b3/5q2/P5rp/5N2/5PPB/R4RK1 w - - 0 32,f3e5 e6d5 b7d5 d8d5 e5g4 f5g4,1912,94,100,33,middlegame,https://lichess.org/ZDozgjqX#63,,
04BBn,r5r1/1p1k1p2/p3b2q/3Bb3/8/P2Q3P/1P3PP1/R4RK1 b - - 0 24,h6h3 d5e6 d7e6 d3h3,1333,75,100,2129,attraction crushing doubleCheck intermezzo middlegame short,https://lichess.org/ozbgYchS/black#48,,
04BFR,3r3k/5p1p/p6b/4N2P/3NP3/3Kn3/P1r5/6R1 b - - 4 31,c2a2 e5f7,882,76,100,412,cornerMate mate mateIn1 middlegame oneMove,https://lichess.org/Ejc4o4mL/black#62,,
04BWh,8/1pkn3Q/2pb4/p3q3/8/5R2/PPB2rPP/7K w - - 0 30,f3f2 e5e1 f2f1 e1f1,684,83,100,552,endgame fork mate mateIn2 short,https://lichess.org/qbwhQZcN#59,,
04BZg,8/4kppp/pp1Rp3/2p5/P3KP2/2P3rP/1P6/3B4 w - - 8 33,d6b6 f7f5 e4e5 g3e3,996,76,100,209,endgame mate mateIn2 short,https://lichess.org/GghBC3DA#65,,
04BvQ,8/1p3ppk/1P5p/2q5/p1P1QB1b/P4K1P/6P1/8 b - - 3 35,g7g6 f4e3 c5a3 e4h4,1824,75,100,183,endgame,https://lichess.org/zq84BeGM/black#70,,
04Cf3,3r2k1/1p3ppb/2p5/p3BPPQ/7P/Pq5N/6B1/2K2R2 w - - 0 27,e5b2 b3c4 c1b1 d8d2 h5h7 g8h7,2615,87,100,154,crushing long middlegame,https://lichess.org/LuLWsfuf#53,,
04DmI,4k3/pbp1r3/1p3qnQ/4p1N1/2Pn1P2/8/PP4PP/R4RK1 w - - 0 28,f4e5 d4e2 g1h1 b7g2 h1g2 g6f4,2030,75,100,304,attraction crushing kingsideAttack long middlegame sacrifice,https://lichess.org/Lo1fjI0C#55,,
04EKu,8/1p3k2/p2p1np1/3P4/1P2BP2/4K3/P7/8 w - - 4 38,e3f3 f6e4 f3e4 f7f6,1032,77,100,345,crushing defensiveMove endgame short,https://lichess.org/Qu5MrW3P#75,,
04EL2,r2qk2r/1pp3pp/1pp3n1/5bNQ/3P4/4B2P/PP3P2/R4RK1 b kq - 4 18,e8g8 h5h7,486,91,100,196,kingsideAttack mate mateIn1 middlegame oneMove,https://lichess.org/JpLiQCII/black#36,Ruy_Lopez Ruy_Lopez_Classical_Variation,
04FyS,3k4/1ppn1ppp/p7/3N4/1QP5/P7/KP5P/7q b - - 5 24,h1h2 b4e7 d8c8 e7e8,1049,76,100,168,endgame mate mateIn2 short,https://lichess.org/JCpo8jdk/black#48,,
04GCl,8/7p/8/1B1k4/P5RP/1r6/3r2PK/8 b - - 0 50,d5e6 b5c4 e6d6 c4b3,1547,214,100,6,endgame master,https://lichess.org/TsT6neM1/black#100,,
04GQG,4r3/p1k3p1/P1p5/1p2b3/8/1K1Q3P/5rP1/3RR2q b - - 3 46,h1g2 d3d7 c7b6 d7b7 b6a5 d1a1,1341,75,100,452,crushing fork long middlegame,https://lichess.org/epqqNN5Q/black#92,,
04GUJ,1rb3k1/2p2ppp/5n2/3p4/1p6/1P1P1NP1/P3QPBP/q3R1K1 b - - 0 18,a1c3 e2e8 f6e8 e1e8,511,88,100,134,backRankMate mate mateIn2 middlegame sacrifice short,https://lichess.org/qKay3OxO/black#36,Mieses_Opening Mieses_Opening_Other_variations,
04Gew,rnb1rQ1k/pp5p/6pB/2p5/2PpP2q/3P2NP/PP4B1/R3NRK1 b - - 2 18,e8f8 f1f8,610,102,100,211,kingsideAttack mate mateIn1 middlegame oneMove pillsburysMate,https://lichess.org/scSK4Ncm/black#36,Kings_Indian_Attack Kings_Indian_Attack_Other_variations,
04GnK,5bk1/5R2/6pp/2N5/1p6/1P3N1P/1r3PP1/6K1 w - - 1 36,f7c7 b2b1 g1h2 f8d6 g2g3 d6c7,975,76,100,539,advantage endgame fork long,https://lichess.org/r6nocbJC#71,,
04HJt,rnbq3r/ppp2kpp/3b4/3p3Q/4n3/3B4/PPPP1PPP/RNB1K2R b KQ - 1 7,g7g6 h5d5 c8e6 d5e4,1837,104,100,80,equality fork opening short,https://lichess.org/vU8DaLLy/black#14,,
04Hd0,8/1p4k1/p1q2p2/2b5/7p/6rP/PP1BQ1P1/R3R2K w - - 1 34,d2c3 g3h3,1293,75,100,1099,mate mateIn1 middlegame oneMove pin,https://lichess.org/kBDn5BjP#67,,
04Huo,4q1k1/pb5p/1p3Qp1/2p2p2/2P5/1P1P3P/1BP3P1/7K b - - 1 27,e8c6 f6g7,1019,76,100,266,endgame mate mateIn1 oneMove,https://lichess.org/pBs9mWED/black#54,,
04I9o,2r2rk1/ppqnbppp/3p4/3Pp1N1/8/2PQ1N2/PP3PPP/R4RK1 b - - 2 16,h7h6 d3h7,510,88,100,150,mate mateIn1 middlegame oneMove,https://lichess.org/3gLEKyHq/black#32,Czech_Defense Czech_Defense_Other_variations,
04JNz,4r3/1p3pk1/3r4/1pp5/8/8/PPP3P1/1K1R4 w - - 0 25,d1d6 e8e1 d6d1 e1d1,468,98,100,175,backRankMate endgame mate mateIn2 rookEndgame short,https://lichess.org/y6KCjy2x#49,,
04KAV,2r2bk1/3R3p/1p1p2p1/3np3/P3R3/1P6/1B3PKP/8 w - - 3 30,e4e2 d5f4 g2f1 f4e2,794,79,100,271,advantage endgame fork short,https://lichess.org/VhHxcorA#59,,
04KbO,2N5/8/1P2p2p/3b1k2/5p2/8/5K1P/8 b - - 1 48,d5c6 c8e7 f5e5 e7c6,974,76,100,576,crushing endgame fork short,https://lichess.org/qBAzaib9/black#96,,
04M9E,4r1k1/1p3q1p/p3NPpP/3p4/4bR2/2Q5/P4P2/6K1 b - - 0 33,f7e6 f6f7 e6f7 f4f7,860,81,100,254,advancedPawn advantage endgame fork short,https://lichess.org/VnEuJ53q/black#66,,
04MYK,r1b2r2/ppPn1kpp/8/4q1N1/3b4/3Q4/PP3PPP/R1B2RK1 b - - 7 18,f7g8 d3h7,598,88,100,108,kingsideAttack mate mateIn1 oneMove opening,https://lichess.org/7f4Ud9nZ/black#36,Ponziani_Opening Ponziani_Opening_Neumann_Gambit,
04Mpq,r2k3r/p1p1qp1p/1p1p1p2/1B2P3/8/2P2Q2/P1P3PP/1R5K b - - 0 18,f6e5 f3a8,596,78,100,467,endgame hangingPiece mate mateIn1 oneMove,https://lichess.org/erJb0g8w/black#36,Vienna_Game Vienna_Game_Stanley_Variation,
04OnZ,2kr2r1/1pp2p1p/2qp1p2/Qpb5/4P1b1/3B4/PPP2PPP/R4R1K b - - 3 15,g4d7 a5a8,629,93,100,539,mate mateIn1 middlegame oneMove,https://lichess.org/UNew57kW/black#30,Kings_Pawn_Game Kings_Pawn_Game_McConnell_Defense,
04Ozj,r2q1rk1/ppp3b1/3p4/3Pp1Q1/2P1P1n1/2N5/PP3P2/R3K1R1 b Q - 1 18,g4f2 g5g7,706,89,100,155,kingsideAttack mate mateIn1 middlegame oneMove,https://lichess.org/5tIHihhp/black#36,Kings_Indian_Defense Kings_Indian_Defense_Normal_Variation,
04PNh,8/8/pk6/1pp1p1p1/1P1bP1P1/PN3P2/2K5/8 w - - 0 46,c2d3 c5c4 d3c2 c4b3,935,83,100,97,crushing endgame fork short,https://lichess.org/8uVcxeoy#91,,
04QlX,5Q2/5p1k/p4P1p/1p2P2P/2p3q1/4n3/PPP3P1/2Kr3R w - - 0 39,h1d1 g4d1,576,85,100,285,endgame mate mateIn1 oneMove queensideAttack,https://lichess.org/tvWltpgv#77,,
04Qpn,2kr3r/1ppbqp2/B3p3/6pp/6n1/N3PQ2/PP3PPP/R4RK1 b - - 0 17,b7a6 f3a8,727,98,100,38,mate mateIn1 middlegame oneMove,https://lichess.org/h8w3o95a/black#34,Queens_Gambit_Declined Queens_Gambit_Declined_Three_Knights_Variation,
04QvV,5r1k/p5p1/1p5p/4P3/3p4/5KP1/PP5P/5R2 w - - 2 32,f3e2 d4d3 e2d3 f8f1,1184,164,100,11,endgame,https://lichess.org/1AKXG1nY#63,,
04Rnz,2k4r/ppp3pp/3bp3/q7/3n4/8/PPP2PPP/R1BQ2K1 w - - 0 15,d1d4 a5e1,521,86,100,267,endgame mate mateIn1 oneMove,https://lichess.org/TlpoHpDr#29,Italian_Game Italian_Game_Scotch_Gambit,
04RyU,1r1q1rk1/ppp2p1p/8/2bP2N1/2P5/6Qp/PP4P1/R1B4K b - - 0 22,h3g2 g3g2 d8f6 g5e4 f6g6 e4c5,2618,85,100,199,advantage discoveredAttack fork long middlegame,https://lichess.org/h1nmsLOZ/black#44,,
04S7d,2kr3r/ppp1bpp1/2n5/1N1qp3/2P3P1/3bBN2/PP2QP2/2KR3R w - - 0 17,h1h8 d5c4 b5c3 d3e2,1729,100,100,18,middlegame,https://lichess.org/3K3zCCzT#33,Italian_Game Italian_Game_Two_Knights_Defense,
04SUk,3r2k1/1R4p1/3R2P1/8/pp6/2b5/P4P2/6K1 b - - 2 34,d8d6 b7b8 d6d8 b8d8,543,79,100,109,endgame mate mateIn2 short,https://lichess.org/ECVklSHL/black#68,,
04Scy,8/1p4pp/8/1bP3k1/4rp2/pBB5/P2R2PP/6K1 w - - 2 40,c3g7 e4e1 g1f2 e1f1,1200,75,100,527,endgame master mate mateIn2 short,https://lichess.org/JjJnHTRI#79,,
04SkJ,r4k2/ppp3p1/3p1n2/2b3P1/2B1r2P/1PP5/PB4P1/R4R1K w - - 3 29,g5f6 e4h4,890,82,100,62,kingsideAttack mate mateIn1 middlegame oneMove,https://lichess.org/t9n7C6JD#57,,
04U7q,7k/6p1/3P3p/8/1p6/4KB2/rP4PP/8 b - - 0 34,a2a7 f3c6 a7a6 d6d7 a6c6 d7d8q,1639,74,100,553,advancedPawn crushing endgame long promotion quietMove,https://lichess.org/ZftvCCAl/black#68,,
04VWH,r4rk1/1b1nqppp/4p3/pp1p4/2pP4/P1P1PN1P/1PQ2PP1/RB3RK1 b - - 6 18,b5b4 c2h7,585,84,100,211,kingsideAttack mate mateIn1 middlegame oneMove,https://lichess.org/TzFoiJU2/black#36,Indian_Defense Indian_Defense_Other_variations,
04Vzh,1r6/2q2pkp/p3pNp1/2p5/2Pb4/P4Q1P/1R3PP1/4R1K1 b - - 0 35,b8b2 f6e8 g7g8 e8c7,913,79,100,343,crushing endgame fork short,https://lichess.org/aVl2Y6ti/black#70,,
04W52,5r2/4q2k/3p1pbP/3Qp1p1/1p2P1P1/rB6/P1P2R2/1K3R2 w - - 5 34,f2f6 a3b3 a2b3 f8f6 f1f6 e7f6,1883,74,100,111,advantage intermezzo long middlegame,https://lichess.org/kDoKQza1#67,,
04XVt,Rr3r1k/1P5p/1p6/1PbB4/2Pq4/4pPP1/Q3R2P/6K1 w - - 3 31,a2b2 d4b2 e2b2 e3e2 g1g2 e2e1q,1239,76,100,974,advancedPawn crushing discoveredAttack long middlegame promotion,https://lichess.org/C9GYYinV#61,,
04XdA,6k1/1pbrRpp1/p4n1p/2P5/1P6/P1B4P/5PP1/6K1 w - - 3 27,c3f6 d7d1 e7e1 d1e1,560,81,100,166,endgame mate mateIn2 pillsburysMate short,https://lichess.org/Qz0PhP83#53,,
04Xf7,rnkq1bnr/pbp3pp/1p6/4Q3/2B1P3/2N5/PPPP2PP/R1B2RK1 b - - 2 10,b8c6 e5f5 c8b8 f5f8,1832,74,100,564,advantage opening short,https://lichess.org/k9OfKr3Q/black#20,Vienna_Game Vienna_Game_Other_variations,
04Y9V,1r6/8/p2p2p1/2p1q1P1/4P1k1/P5RR/2P3PK/8 b - - 8 37,g4f4 h3h4,1087,75,100,474,endgame mate mateIn1 oneMove queenRookEndgame,https://lichess.org/loTTJ4ue/black#74,,
04YLh,6k1/p6p/2p1q1pB/3B4/3b4/P4QP1/1r5P/5R1K b - - 1 27,e6d5 f3d5 c6d5 f1f8,655,93,100,692,clearance endgame master mate mateIn2 operaMate short,https://lichess.org/FrqVRpRa/black#54,,
04YSt,r1b2r2/pp4kp/2p3p1/4p3/3nB3/3PN3/PPP3PP/R1B3KR w - - 1 16,c1d2 d4e2,801,82,100,61,mate mateIn1 middlegame oneMove,https://lichess.org/wuThqwKM#31,Italian_Game Italian_Game_Two_Knights_Defense,
04YfJ,2k2r1r/pbpp2q1/1p1bppNp/8/3P4/2PB4/PP1N2PP/R2Q1RK1 w - - 2 16,g6h8 g7g2,1028,77,100,573,kingsideAttack mate mateIn1 middlegame oneMove,https://lichess.org/hi1gi2sl#31,Horwitz_Defense Horwitz_Defense_Other_variations,
04Ysj,r1b2rk1/2q2p2/p5p1/1ppp1n1p/3b1P2/P2P3P/BPP3PN/R1BQ1R1K w - - 2 18,c2c3 f5g3,783,93,100,275,mate mateIn1 middlegame oneMove,https://lichess.org/11lxPT0b#35,Sicilian_Defense Sicilian_Defense_Bowdler_Attack,
04ZRK,5B2/R7/6p1/7p/4k3/p4p1P/r5PK/8 w - - 0 62,a7a3 a2a3 g2f3 a3f3,2029,74,100,508,crushing endgame short,https://lichess.org/wUqLHDzZ#123,,
04ZdZ,6k1/p4ppp/1q2p3/1P1pP3/r2PbQ2/7P/5BP1/2R3K1 b - - 1 30,h7h6 c1c8 g8h7 f4f7 a4a1 g1h2,1391,75,100,356,crushing defensiveMove deflection endgame long,https://lichess.org/Ecnt6i0c/black#60,,
04ZkB,5Q2/3q3k/p1rP1pp1/1p2b2p/1B6/P6P/6P1/3R3K b - - 4 34,a6a5 f8e7 d7e7 d6e7,1226,75,100,949,advancedPawn advantage endgame short,https://lichess.org/cQiPibbS/black#68,,
04bXp,5kn1/1p5Q/1q4p1/p2pP3/2p5/2P5/1PN2r2/2K2R1R w - - 0 33,c2d4 b6b2 c1d1 b2a1,845,78,100,327,mate mateIn2 middlegame short,https://lichess.org/KHVGm95Z#65,,
04cMt,b4rk1/pq3pR1/4p2R/1pp1P3/2p5/P3Q1P1/1P2P2P/6K1 b - - 0 31,g8g7 e3g5,717,77,100,97,endgame mate mateIn1 oneMove,https://lichess.org/sxYH8dqg/black#62,,
04cdQ,6k1/1p4p1/p2b3p/8/P2BR3/2P4P/3r1PP1/6K1 w - - 2 26,e4e6 d2d1 e6e1 d1e1,810,79,100,254,endgame mate mateIn2 pillsburysMate short,https://lichess.org/6m2dBML1#51,,
04dO2,r1b1kb1r/ppp3pp/2np1p2/4q3/2BNP1nP/8/PPP2PP1/RNBQ1RK1 w kq - 1 10,d4c6 e5h2,661,93,100,612,mate mateIn1 oneMove opening,https://lichess.org/DsmfAMHm#19,Scotch_Game Scotch_Game_Other_variations,
04dYu,6k1/p4pp1/Pp3q1p/2p1R3/2P5/1P2QP2/6PP/3r2K1 w - - 2 35,g1f2 f6h4 g2g3 h4h2,1121,81,100,56,endgame mate mateIn2 short,https://lichess.org/k2zkCSgc#69,,
04e5c,8/1R1k2pp/3P4/8/8/3q1N1P/6PK/8 b - - 3 31,d7d6 b7d7 d6d7 f3e5 d7c8 e5d3,1381,74,100,780,attraction crushing endgame exposedKing fork long sacrifice,https://lichess.org/vfkiKKMa/black#62,,
04eQo,8/pp2r1p1/2pkP1p1/4p3/1PP1K2P/5PPB/P7/8 b - - 0 31,b7b6 c4c5 b6c5 b4c5 d6c5 e4e5,978,78,100,498,advantage endgame long,https://lichess.org/JNzFbTf2/black#62,,
04eww,r1b1k2r/ppQ2ppp/2n1pn2/8/2Nq4/3B4/PP3PPP/R3K1NR b KQkq - 1 11,d4d3 c4d6 d3d6 c7d6,905,78,100,546,advantage opening short,https://lichess.org/vWrPvsM7/black#22,Queens_Pawn_Game Queens_Pawn_Game_Accelerated_London_System,
04f43,8/7p/8/5k2/8/2KbpNP1/7P/8 b - - 3 56,d3e2 f3d4 f5f6 d4e2,864,76,100,455,crushing endgame fork short,https://lichess.org/2K07eW2d/black#112,,
04fG0,2k4r/pp1r1p1p/2pb1p2/8/7N/2p3P1/PPP1P2P/2KR1B1R w - - 0 17,b2c3 d6a3 c1b1 d7d1,899,81,100,188,deflection discoveredAttack mate mateIn2 middlegame queensideAttack short,https://lichess.org/XgsMpBMv#33,Richter-Veresov_Attack Richter-Veresov_Attack_Other_variations,
04fJP,r5k1/4bppp/ppN1b3/2pr4/4N3/P3R3/1P3PPP/4R1K1 b - - 8 23,e7f6 e4f6 g7f6 c6e7 g8f8 e7d5,1241,74,100,1394,advantage fork long middlegame,https://lichess.org/VxlxwDG8/black#46,,
04fWN,1r2kb1r/3q1ppp/1B2pn2/8/8/5Q2/PP3PPP/3R1RK1 b k - 6 21,d7b7 d1d8 b8d8 f3b7,1283,75,100,588,crushing deflection middlegame short,https://lichess.org/zcXLe1T5/black#42,,
04flr,3r4/1p2kp2/3pbn1p/1B5q/1Q3B2/2P2P1p/PP4P1/3R2K1 b - - 3 25,h3g2 f4d6 d8d6 b4d6,1110,93,100,33,mate mateIn2 middlegame short,https://lichess.org/gfkTJpHo/black#50,,
04g2P,4k3/p5R1/4pp1p/3p4/3P3P/1Pq2P2/K5n1/6R1 b - - 6 36,g2e3 g7g8 e8e7 g1g7 e7d6 g8d8 d6c6 d8c8,1194,77,100,130,crushing endgame exposedKing veryLong,https://lichess.org/sADJWMdK/black#72,,
04gFv,3rr3/pp4kp/2p3p1/2q2p2/2P1p3/1P2P2P/PQ3PP1/R2R2K1 b - - 1 21,c5e5 b2e5 e8e5 d1d8,1117,75,100,348,crushing endgame short,https://lichess.org/0LPUFnaa/black#42,,
04gjJ,rnbqr1k1/ppp2pp1/3p4/b2nP1NQ/3P4/P7/1P1N1PPP/R1B1K2R b KQ - 3 12,g8f8 h5f7,1380,75,100,2482,mate mateIn1 oneMove opening,https://lichess.org/TfWiBIVE/black#24,Danish_Gambit Danish_Gambit_Other_variations,
04haU,8/5k2/7K/R7/p2B2P1/1b6/8/5r2 w - - 3 59,g4g5 f1h1,781,77,100,247,endgame master mate mateIn1 oneMove,https://lichess.org/35WS4Pz9#117,,
04hkC,r1b2rk1/ppb2ppp/2nq1n2/3p4/3N4/1PN1P3/PB2BPPP/2RQ1RK1 w - - 5 13,c3b5 d6h2,988,80,100,74,kingsideAttack master mate mateIn1 oneMove opening,https://lichess.org/xWxNj142#25,English_Opening English_Opening_Anglo-Indian_Defense,
04jaE,5K2/pp2R1rk/1bp5/1r3p2/5B2/2P3P1/P7/4R3 b - - 2 37,b6c5 e1h1 h7g6 h1h6,1094,82,100,228,endgame mate mateIn2 short,https://lichess.org/vcGK6xVt/black#74,,
04jc7,4r2k/p7/1p2PqP1/2p4p/4Q1P1/8/5RKP/8 b - - 0 32,f6e6 f2f8 h8g7 f8e8 e6e4 e8e4,1774,75,100,888,crushing endgame long,https://lichess.org/qk3Q5lgD/black#64,,
04jh6,5r1k/2q2p2/ppp1bN1p/2p1P3/4Q3/8/PPn2PPP/5RK1 b - - 3 29,f8g8 e4h7,614,87,100,149,mate mateIn1 middlegame oneMove,https://lichess.org/Ugmdp8oA/black#58,,
04kwh,5r1k/bp1b2pp/p7/3Bp2Q/2P5/6N1/PP3qPP/R6K w - - 4 25,a1f1 f2f1 g3f1 f8f1,586,81,100,223,backRankMate mate mateIn2 middlegame short,https://lichess.org/FKafQBkq#49,,
04l90,r1br2Qk/2qnb1pp/2p2p1N/p1p5/2P1NP2/2BP4/PP4PP/R4R1K b - - 6 20,d8g8 h6f7,861,76,100,389,mate mateIn1 middlegame oneMove smotheredMate,https://lichess.org/FMRmeGbb/black#40,,
04lLQ,8/5p2/6p1/4k3/5PKP/8/8/8 b - - 0 58,e5e4 g4g5 e4f3 f4f5 f3g3 f5f6 g3h3 h4h5 g6h5 g5h5,2294,74,100,251,crushing endgame pawnEndgame veryLong zugzwang,https://lichess.org/5Z799hNX/black#116,,
04nHB,6k1/p4ppp/2p4q/3p4/3P4/2P2BQ1/Pr3P1p/4R2K b - - 0 27,h6d2 e1e8,813,76,100,469,endgame mate mateIn1 oneMove,https://lichess.org/3359Jgce/black#54,,
04oLf,Q7/8/p5pp/2p2p1k/2Pb1P2/7K/6r1/8 b - - 0 49,g2c2 a8f3,734,79,100,162,endgame mate mateIn1 oneMove,https://lichess.org/1bax1ira/black#98,,
04oxm,3rr3/p1p2kpp/1pn5/1QP2P2/1P6/3b2R1/P2q1BPP/4R1K1 w - - 1 29,b5c6 e8e1 f2e1 d2e1,980,79,100,51,kingsideAttack mate mateIn2 middlegame short,https://lichess.org/Eu2zfTlW#57,,
04p2r,4Q3/8/5p2/5kp1/8/6P1/5r1K/8 w - - 1 48,h2h3 g5g4 h3h4 f2h2,918,78,100,206,endgame mate mateIn2 queenRookEndgame short,https://lichess.org/HFonILFW#95,,
04pwH,7Q/4k1p1/p7/4r3/8/3q1b2/1P3PPP/R4RK1 w - - 0 39,g2f3 e5g5 g1h1 d3f3,1271,76,100,158,endgame intermezzo mate mateIn2 short,https://lichess.org/lP1du7jC#77,,
04q3s,3r1rk1/1pb2p1p/p1p1P1p1/6q1/3B4/2P2Q2/P1P2RPP/5RK1 b - - 0 26,f7e6 f3f8 d8f8 f2f8,628,92,100,196,kingsideAttack mate mateIn2 middlegame pillsburysMate short,https://lichess.org/9dUu7g9i/black#52,,
04q5c,6r1/4kB2/3p1p2/2q1pP2/1p2b3/pQ4P1/PPP5/1K1R4 b - - 0 33,g8g3 b3e6 e7d8 d1d6 c5d6 e6d6,1485,75,100,1222,crushing deflection endgame long,https://lichess.org/IQNFsvDW/black#66,,
04qkz,r1b2rk1/pp2bppp/4p3/5qN1/2BPn2P/2B5/PP3PP1/R2QK2R w KQ - 5 15,c4d3 f5f2,791,79,100,128,attackingF2F7 mate mateIn1 oneMove opening,https://lichess.org/Wfwz3MT9#29,Zukertort_Opening Zukertort_Opening_Tennison_Gambit,
04qv5,8/pp3kp1/2p4p/3p1Pn1/4r1P1/3K1N2/PPP2RP1/8 b - - 10 29,e4g4 f3e5 f7g8 e5g4,905,77,100,174,advantage endgame fork short,https://lichess.org/j65WMjYm/black#58,,
04rB1,8/1r6/N7/1B2k2p/1KP2pp1/8/6PP/8 w - - 0 44,c4c5 f4f3 c5c6 b7b5 b4b5 f3f2 b5b6 f2f1q,1908,74,100,197,advancedPawn crushing endgame promotion sacrifice veryLong,https://lichess.org/J1AoUtMX#87,,
04rtY,2kr3r/p1p2p1p/3b1q2/1QP3p1/1P6/P3P1P1/5P1P/2B2RK1 b - - 0 21,d6e7 c5c6 f6c6 b5c6,1567,85,100,162,crushing middlegame short,https://lichess.org/pdCKHeyh/black#42,,
04sLF,r3r1k1/2p2ppp/pp1b3q/n7/3P2Q1/1P2P3/PB2BPPP/2R2RK1 w - - 5 19,e2d3 h6h2,667,77,100,294,kingsideAttack mate mateIn1 middlegame oneMove,https://lichess.org/8f7QTCje#37,,
04stn,5rk1/R5pp/1p1NN1n1/8/8/2n5/7P/6K1 b - - 1 30,f8b8 a7g7 g8h8 d6f7,966,76,100,269,endgame mate mateIn2 short,https://lichess.org/3sCPsjzj/black#60,,
04tL4,r3Q2k/pb4p1/1pp4p/5B2/3q1b2/7P/PP2RPP1/4R1K1 b - - 2 25,a8e8 e2e8,449,102,100,351,mate mateIn1 middlegame oneMove pillsburysMate,https://lichess.org/Kk7jdxAI/black#50,,
04tSk,r7/7R/6PK/5k1P/8/8/8/8 w - - 3 85,g6g7 a8a6,765,90,100,327,endgame epauletteMate master mate mateIn1 oneMove rookEndgame,https://lichess.org/aZofPYkU#169,,
04tah,1k4rr/ppp5/8/3pRn2/3P3p/2P2PqP/PPQ3P1/R5K1 w - - 0 24,c2f5 g3g2,770,81,100,270,endgame kingsideAttack mate mateIn1 oneMove,https://lichess.org/CFprHNPY#47,,
04ttV,8/1b6/2p5/3p1Bp1/2kP2P1/2P5/2K5/8 b - - 9 58,c6c5 f5d3,896,77,100,293,bishopEndgame endgame mate mateIn1 oneMove,https://lichess.org/RutleMzA/black#116,,
04unO,rn2k1r1/pp3p2/2pbp3/7p/3P3q/4BB1P/PPP2PK1/2RQ1R2 w q - 2 21,g2h1 h4h3,787,78,100,271,kingsideAttack mate mateIn1 middlegame oneMove,https://lichess.org/LAmzdYk2#41,,
04v7W,r3r1k1/pp3pp1/2Pb3p/8/5q2/1BN2n1P/PP2QPP1/R3R1K1 w - - 1 18,e2f3 f4h2 g1f1 h2h1,1083,76,100,472,kingsideAttack mate mateIn2 middlegame short,https://lichess.org/ujiIUjci#35,French_Defense French_Defense_Exchange_Variation,
04vCK,8/pp3p2/2p5/4P3/1PPP1pk1/3K4/P7/8 w - - 0 34,d3e2 f4f3 e2f2 g4f4,966,76,100,119,crushing endgame pawnEndgame short,https://lichess.org/2qWABzNp#67,,
04vLu,3r2k1/p4ppp/1qp5/3b4/3P4/1P2RN2/P3QPPP/6K1 b - - 2 20,d5f3 e3e8 d8e8 e2e8,1115,81,100,252,endgame mate mateIn2 short,https://lichess.org/qfrgILr2/black#40,,
04vYE,6k1/pbb2p2/1p4pp/4q3/P1BpP1P1/1P5P/2PNQP2/6K1 w - - 4 34,c4d3 e5h2 g1f1 h2h1,732,79,100,174,endgame kingsideAttack mate mateIn2 short,https://lichess.org/EPjEiDLO#67,,
04wVb,8/2R3pp/1K6/6k1/3P4/8/2r5/8 b - - 4 43,c2c7 b6c7 g5f4 d4d5 g7g5 d5d6 g5g4 d6d7 g4g3 d7d8q,856,80,100,547,advancedPawn crushing endgame promotion quietMove veryLong,https://lichess.org/9s3fnweJ/black#86,,
04wcd,r1bq1rk1/1pp4p/p3p1B1/3n4/3P4/2B1P3/PPQ2PP1/R3K2R b KQ - 0 16,h7g6 c2g6,623,86,100,73,kingsideAttack mate mateIn1 middlegame oneMove,https://lichess.org/ruUlPx6K/black#32,Nimzo-Indian_Defense Nimzo-Indian_Defense_Normal_Variation,
04wkA,1k6/1pq2pp1/p5p1/3Q2P1/7r/4R3/PPP5/2K5 b - - 1 26,h4h2 e3e8 b8a7 d5d4 c7b6 e8a8 a7a8 d4b6 h2h1 c1d2,1289,75,100,1074,advantage deflection endgame veryLong,https://lichess.org/9EjBTiZK/black#52,,
04x8i,2k2b1r/pppr2p1/5p1p/3n4/2B5/2BP2P1/PPP4P/2K1RR2 b - - 1 19,d5c3 e1e8 d7d8 c4e6 c8b8 e8d8,1159,77,100,333,backRankMate deflection long mate mateIn3 middlegame,https://lichess.org/DHOCDKqJ/black#38,,
04xFI,1k5r/pp3p2/4pR2/3pP1p1/1Q1P4/PP2q1K1/3N4/8 w - - 0 28,f6f3 e3g1,1295,75,100,1516,endgame mate mateIn1 oneMove,https://lichess.org/GnV1hasx#55,,
04xNg,r3k2r/5p2/b3pQ1p/p2pP1p1/8/PBP5/2P3qP/2KR4 b kq - 1 27,h8f8 b3a4 a6b5 a4b5,1100,76,100,152,mate mateIn2 middlegame short,https://lichess.org/bPO6DfQG/black#54,,
04xSr,8/5k2/4r3/3K4/8/8/8/7R b - - 20 64,f7e7 h1h7 e7f6 h7h6 f6g5 h6e6,856,78,100,980,crushing deflection endgame exposedKing long rookEndgame skewer,https://lichess.org/wxWVQA0E/black#128,,
04y7q,6R1/2kb2pp/8/1p2r3/7P/2N5/6PK/8 b - - 4 57,e5e7 c3d5 c7d6 d5e7,1003,78,100,119,advantage endgame fork short,https://lichess.org/uNSKr8Z9/black#114,,
04zUx,r1bq1rk1/ppp2p2/2np4/3np1B1/2B1P3/P2P4/1PP2bPP/R2Q1K1R w - - 0 13,g5d8 d5e3 f1f2 e3d1,760,79,100,810,advantage fork opening short,https://lichess.org/aXOwT1fS#25,Italian_Game Italian_Game_Giuoco_Pianissimo,
04zy6,r1bkr3/pp3pbp/2p1pnp1/8/2B1P3/2B5/PPP2PPP/RN1R2K1 b - - 3 11,d8e7 c3b4 c6c5 b4c5,1068,77,100,492,mate mateIn2 middlegame morphysMate short,https://lichess.org/Vevcuw4Q/black#22,Sicilian_Defense Sicilian_Defense_Accelerated_Dragon,
0503q,R7/1p2rpkb/p2N2p1/8/2P5/8/P4PK1/8 b - - 1 31,e7c7 d6e8 g7h6 e8c7,1037,76,100,151,advantage endgame fork short,https://lichess.org/8mCRrd7H/black#62,,
050dC,8/4p3/8/8/5R2/r2k2PK/8/8 b - - 0 45,e7e5 f4f3 d3e4 f3a3,915,77,100,155,crushing endgame master rookEndgame short skewer,https://lichess.org/36JnIA4U/black#90,,
050dT,r1b2rk1/p5qp/2p1p1p1/3p4/7Q/2PB4/P1P2PP1/R2K3R b - - 3 18,g7c3 h4h7,602,97,100,505,kingsideAttack mate mateIn1 middlegame oneMove,https://lichess.org/zKexuwpG/black#36,Indian_Defense Indian_Defense_Other_variations,
050jP,r2q1rk1/1b1p1ppp/p3n3/1p1N4/4Q3/8/PPB2PPP/R4RK1 b - - 0 18,f8e8 e4h7 g8f8 h7h8,909,77,100,163,kingsideAttack mate mateIn2 middlegame short,https://lichess.org/cyhRZZxh/black#36,Sicilian_Defense Sicilian_Defense_Smith-Morra_Gambit_Accepted,
050wQ,r1b2rk1/p4ppp/1n6/1P2q3/4p1n1/1BN1P3/1P1NQPP1/R4R1K w - - 2 19,g2g3 e5h5 h1g1 h5h2,1032,75,100,741,kingsideAttack mate mateIn2 middlegame short,https://lichess.org/iePQV8Y4#37,,
0510c,8/pp1Q1pkp/3p2p1/4p1P1/3nq3/8/P4PP1/5RK1 w - - 0 27,d7d6 d4e2 g1h1 e4h4,1027,84,100,76,endgame mate mateIn2 short,https://lichess.org/zOYnhUzL#53,,
051Fx,7k/p4rp1/8/2R2Bp1/5bP1/2p2K2/P7/8 b - - 1 47,f4d2 c5c8 f7f8 c8f8,406,92,100,93,endgame mate mateIn2 pillsburysMate short,https://lichess.org/SdWW04po/black#94,,
051ka,7k/1q1r2Np/1p4p1/p3n3/4P3/1QP1P2P/PP4P1/5RK1 b - - 0 25,d7g7 f1f8 g7g8 f8g8,743,78,100,301,endgame mate mateIn2 short,https://lichess.org/AQJlYqBb/black#50,,
052Zq,5rk1/4pp2/p2p1bP1/3P2N1/2r2P1Q/8/q6P/5RK1 b - - 0 32,f6g5 h4h7,975,82,100,538,endgame mate mateIn1 oneMove,https://lichess.org/VClsdVfm/black#64,,
054BC,1r1r4/2p2pkp/4pnp1/p3N3/3n3P/P2P4/B1P2PP1/K3R2R w - - 4 25,c2c3 d4c2,754,77,100,307,mate mateIn1 middlegame oneMove,https://lichess.org/VZBXZv0W#49,,
054YA,6k1/1R3pp1/p4n1p/8/PP1bPP2/1N4P1/3r2rP/6RK w - - 0 39,g1g2 d2d1 g2g1 d1g1,629,79,100,208,endgame mate mateIn2 operaMate short,https://lichess.org/ZA7ck6OZ#77,,
0559o,1rb2r2/p3ppkp/1qpp1np1/8/4P2P/2N5/PPPQ1PP1/2KR1B1R w - - 1 13,f2f3 b6b2,578,90,100,73,mate mateIn1 middlegame oneMove queensideAttack,https://lichess.org/UiScteSe#25,Pirc_Defense Pirc_Defense_Classical_Variation,
055H8,2kr3r/ppp2ppp/5n2/3P4/2P1q3/5b2/P4PPP/R1BQR1K1 w - - 0 15,d1f3 e4e1,635,77,100,286,hangingPiece kingsideAttack mate mateIn1 middlegame oneMove,https://lichess.org/q4uTMtPN#29,Scotch_Game Scotch_Game_Scotch_Gambit,
0579n,5k2/p3q3/1p1p1p2/2p2Pp1/4r3/1Q5R/P1P1r1PP/5RK1 b - - 5 38,e2e1 h3h8 f8g7 b3g8,982,75,100,115,endgame mate mateIn2 short,https://lichess.org/pMpydjaj/black#76,,
570,4r1k1/3Q2pp/8/4p2q/5b2/3P4/PPP4P/R4R1K w - - 3 29,a1e1 h5h2,737,90,100,199,endgame mate mateIn1 oneMove,https://lichess.org/kk7yqyvg#57,,
057lB,r1bRqbk1/pp3p1p/2p3p1/4p3/4P3/1B3Q2/P1P2PPP/5RK1 b - - 1 18,e8d8 f3f7 g8h8 f7g8,955,76,100,470,kingsideAttack mate mateIn2 middlegame short,https://lichess.org/a5HuqZZn/black#36,Vienna_Game Vienna_Game_Max_Lange_Defense,
058Jw,4r1k1/q4pp1/b1pR3p/p4B2/2PnQ3/1PN4P/P4PP1/6K1 b - - 1 24,e8e4 d6d8 e4e8 d8e8,903,77,100,139,kingsideAttack mate mateIn2 middlegame short,https://lichess.org/jXBrQwn5/black#48,,
058KH,8/3R4/6pk/8/p1p2KPP/P7/8/2r5 b - - 1 45,c1e1 g4g5 h6h5 d7h7,1195,155,100,11,endgame,https://lichess.org/kEJmI0aQ/black#90,,
058T5,5b2/1pp3kp/p2pQ1p1/3Pp3/2P1P3/1B6/PP2NqPP/7K w - - 1 31,e2g3 f2e1 g3f1 e1f1,985,78,100,72,endgame kingsideAttack mate mateIn2 short,https://lichess.org/xZX3fSyL#61,,
058yx,8/5k2/3b4/8/4R1BP/4p1K1/5r2/8 w - - 1 51,g3h3 f2h2,983,78,100,104,endgame master mate mateIn1 oneMove,https://lichess.org/xoOusy18#101,,
059pi,r2k2r1/1p3p1p/p1qb1p2/8/4N3/1Q2P3/PP3PPP/R2R2K1 w - - 2 18,e4d6 c6g2,665,102,100,201,kingsideAttack mate mateIn1 middlegame oneMove,https://lichess.org/UZHLM3Ma#35,English_Opening English_Opening_Kings_English_Variation,
05ABJ,8/1pk5/2p2p2/2P1pP1p/1P2K2P/6P1/8/8 b - - 2 48,c7c8 g3g4 c8d7 g4g5,1904,131,100,20,endgame master,https://lichess.org/BLNqPowe/black#96,,
05ARU,2kr3r/ppp2ppp/2n5/1B6/1b1pq1P1/1Q2BN2/PP4PP/2KR3R w - - 0 15,b5c6 e4c6 c1b1 c6e4,2179,77,100,211,advantage middlegame short,https://lichess.org/Nohqyuhr#29,English_Opening English_Opening_Anglo-Scandinavian_Defense,
05AUF,5k2/2q2ppp/8/N2p1P2/B7/5P1n/1bP2P2/4QK2 b - - 0 31,b2c3 e1e8,618,83,100,136,endgame mate mateIn1 oneMove,https://lichess.org/bif5SHKa/black#62,,
05AUc,7k/1p6/p5R1/P1pPb2p/2P1B1nP/5rQ1/1P6/5qNK w - - 0 51,g3f3 g4f2 f3f2 f1f2,1031,76,100,544,advantage master masterVsMaster middlegame short,https://lichess.org/Wfs4X4pO#101,,
05AVd,r6k/p3RQbp/2pq2pB/1p5n/8/2N4P/PP3PP1/6K1 b - - 2 23,a8f8 h6g7 h5g7 f7f8,1235,76,100,550,fork mate mateIn2 middlegame short,https://lichess.org/gFIz2Iat/black#46,,
05Apb,4r3/pp1Q1pk1/2p3p1/8/2pP4/2N1qP2/P1K4R/8 w - - 2 34,h2e2 e3d3 c2b2 e8e2,1331,75,100,1530,crushing discoveredAttack endgame master short,https://lichess.org/DdIUk4qz#67,,
05Bly,5rk1/pp1n2p1/2p4p/4p2b/2NpPb2/3P3q/PPP2rB1/RQ2N1RK w - - 0 28,g2h3 f2h2,647,78,100,435,mate mateIn1 middlegame oneMove operaMate,https://lichess.org/9kbzERHR#55,,
05BwL,rnb2rk1/pppp2pp/8/5q2/8/2P5/PP1QP1PP/RN3BKR w - - 2 11,e2e3 f5f1,638,84,100,54,kingsideAttack mate mateIn1 middlegame oneMove,https://lichess.org/1aXemxyM#21,Englund_Gambit Englund_Gambit_Soller_Gambit,
05CX6,rn3rk1/5p1n/3qp1NP/3p4/p2P2Q1/1pP1PP2/1P6/2KR2NR b - - 0 24,f7g6 g4g6 g8h8 g6g7,950,78,100,196,kingsideAttack mate mateIn2 middlegame short,https://lichess.org/QJFWJKxt/black#48,,
05Cbv,rn2k2r/pp2q1pp/2p5/5QB1/4n3/2P2p2/P1PK1PPP/3R1B1R w kq - 2 14,d2c1 e7a3 c1b1 e4c3 b1a1 a3a2,1345,76,100,611,fork long mate mateIn3 middlegame,https://lichess.org/aXiCyuqE#27,Latvian_Gambit_Accepted Latvian_Gambit_Accepted_Other_variations,
05DT1,8/8/3n1R2/2pk4/p3p3/P3K3/1P6/8 w - - 2 49,f6h6 d6f5 e3e2 f5h6,1118,77,100,87,crushing endgame fork master short,https://lichess.org/pNZM95Wc#97,,
05EF3,kr3r2/3nb1p1/1pqNp3/p1p1Pp2/P2P4/2PQB3/1R3PPP/1R4K1 b - - 1 27,e7d6 d3a6,1188,216,100,4,middlegame,https://lichess.org/xr6ooWPx/black#54,,
05EFC,r5k1/2pQ2pp/pp2p3/2q1P2n/2P5/1P4PP/P3NRK1/8 b - - 0 23,c5e5 d7f7 g8h8 f7f8 a8f8 f2f8,1001,81,100,76,backRankMate endgame long mate mateIn3 sacrifice,https://lichess.org/TAVWwy1B/black#46,,
05EXs,2r1Q2k/1br3bp/3p2p1/1p1P1q2/1P6/1B6/1B4PP/1R2R1K1 b - - 1 27,c8e8 e1e8 f5f8 e8f8,617,100,100,76,mate mateIn2 middlegame pin short,https://lichess.org/hWGOJ41R/black#54,,
05Em9,r1b2rk1/ppq2pp1/2p1pb1p/3n2N1/4QP1P/3BB3/PPP3P1/2KR3R b - - 3 15,d5e3 e4h7,641,82,100,186,mate mateIn1 middlegame oneMove,https://lichess.org/uW2xcw4q/black#30,Caro-Kann_Defense Caro-Kann_Defense_Endgame_Offer,
05F0r,r2q1rk1/p4p1p/1p2pPp1/3b4/5QPP/2P5/P1K2P2/R7 b - - 0 22,d8d7 f4h6 d7a4 c2d2 a4f4 h6f4,1589,77,100,769,advantage defensiveMove endgame long,https://lichess.org/lAxfRZr1/black#44,,
05F8f,4r1k1/p5pp/2R1P1p1/1p1p4/3b1P2/PP1P2P1/6KP/8 b - - 4 30,e8e7 c6c8 e7e8 c8e8,622,81,100,167,endgame mate mateIn2 short,https://lichess.org/h8D2HBPR/black#60,,
05FD9,8/p7/2pp4/8/2KPk3/1P6/2P5/8 w - - 1 55,c2c3 a7a5 b3b4 a5a4,2026,74,100,313,crushing defensiveMove endgame master pawnEndgame quietMove short zugzwang,https://lichess.org/GJ5LhNBE#109,,
05FhO,3r4/ppR5/6kp/8/5P1P/1N6/PP1pr2K/3R4 w - - 1 41,h2g3 d8d3 g3g4 h6h5,1412,75,100,1221,endgame mate mateIn2 short,https://lichess.org/SJa2JJIv#81,,
05Fkw,6k1/5pp1/8/Rpr5/1R4P1/4P3/1P1r4/6K1 w - - 5 36,b4b5 c5c1,1072,82,100,72,endgame mate mateIn1 oneMove rookEndgame,https://lichess.org/OYRZuG4l#71,,
05GQF,1R6/6pk/8/Bp6/4p3/P1N1Pn1p/5P1P/5b1K w - - 7 44,c3e4 f1g2,849,80,100,415,endgame mate mateIn1 oneMove,https://lichess.org/1Ypt3nRO#87,,
05GQe,2r2r2/1p4pk/pq4pp/3pP2n/8/P1P4P/1PQ2PP1/RB2R1K1 w - - 3 24,c2g6 b6g6 b1g6 h7g6,848,81,100,194,advantage middlegame short,https://lichess.org/wtKKwj2t#47,,
05Gmm,3r3k/1p4b1/p1p3pp/2PqP3/1PQp1P1P/P2R2PB/7K/8 w - - 2 39,d3d4 d5d4 c4d4 d8d4,970,76,100,109,advantage endgame short,https://lichess.org/KU9vsm2p#77,,
05H5O,3qrR1k/pp1r3p/6bQ/4P3/3p4/2N5/PP4P1/5RK1 b - - 3 36,e8f8 f1f8 d8f8 h6f8,899,85,100,56,fork mate mateIn2 middlegame short,https://lichess.org/YI9Yz3XT/black#72,,
05HG9,r1bq1b1k/pp1nrQBp/2p3p1/1P2P1N1/2pP4/P1N5/2P2PP1/R3K2R b KQ - 6 18,f8g7 h1h7,987,78,100,268,kingsideAttack mate mateIn1 middlegame oneMove,https://lichess.org/1h8c8b5Q/black#36,Horwitz_Defense Horwitz_Defense_Other_variations,
05HoS,r3k1nr/pp2npp1/2p4p/4q2P/6b1/2N1B3/PPPQB1P1/3R2KR b kq - 1 15,g4e2 d2d7 e8f8 d7d8 a8d8 d1d8,1330,75,100,945,backRankMate long mate mateIn3 middlegame sacrifice,https://lichess.org/Ym8eKygO/black#30,Three_Knights_Opening Three_Knights_Opening_Other_variations,
05HvP,8/1ppk4/p2pR3/3P4/1PP1Npnn/3B2pr/P7/6K1 b - - 5 37,g4f2 e4f6 d7d8 e6e8,1055,85,100,67,endgame mate mateIn2 short,https://lichess.org/R52WoXeu/black#74,,
05IeK,8/4n1p1/K6p/2k1PP2/1p6/8/2B4P/8 b - - 0 41,c5c4 f5f6 g7f6 e5f6 e7d5 f6f7,919,152,100,33,advancedPawn crushing endgame long,https://lichess.org/npfcBXWi/black#82,,
05JWm,r1r4k/4pQ1p/3p1bp1/8/1P2P3/5N2/B4PPP/R1q3K1 w - - 0 23,a1c1 c8c1 f3e1 c1e1,519,86,100,234,backRankMate mate mateIn2 middlegame short,https://lichess.org/1muNF9Xh#45,,
05Jkf,8/3R4/6pP/5pP1/5P2/4r1k1/8/6K1 w - - 1 61,h6h7 e3e1,490,101,100,279,endgame mate mateIn1 oneMove rookEndgame,https://lichess.org/0DFzq5lg#121,,
05Jvu,3qk1nr/1b1p1pp1/p2Pp3/1p1P3p/5B2/2rB1QP1/PP3P1P/R3R1K1 w k - 0 17,d5e6 b7f3 e6d7 e8d7,934,77,100,586,advantage hangingPiece middlegame short,https://lichess.org/LlIkzMXX#33,Sicilian_Defense Sicilian_Defense_Old_Sicilian,
05KPy,r4r1k/ppp2p1p/2nq1N2/2b1p1NQ/2b1P3/3P3P/PPP3P1/R3K2R b KQ - 1 14,d6f6 h5h7,780,82,100,62,kingsideAttack mate mateIn1 middlegame oneMove,https://lichess.org/m7pMGtpG/black#28,Vienna_Gambit_with_Max_Lange_Defense Vienna_Gambit_with_Max_Lange_Defense_Other_variations,
05Kna,r3r1k1/6pp/2p3q1/pp6/4b3/4B2P/1PP2PP1/R2QR1K1 w - - 2 24,c2c3 g6g2,568,96,100,395,kingsideAttack mate mateIn1 middlegame oneMove,https://lichess.org/Kd669rmn#47,,
05LI1,5r2/pp2p1kp/3p2p1/3P4/4P3/P1N4n/1P4PP/2Q2RqK w - - 4 24,f1g1 h3f2,899,77,100,199,endgame mate mateIn1 oneMove smotheredMate,https://lichess.org/6WvFlb5T#47,,
05LgI,8/1p3rpk/p2p1qp1/3Q2b1/2P5/1P2p3/P3R1PP/4R1K1 w - - 8 33,d5e4 f6f2 e2f2 e3f2,1279,76,100,607,advancedPawn crushing endgame sacrifice short,https://lichess.org/VSDt8jCw#65,,
05M6A,r4r1k/pp4p1/n1p5/2P1p1R1/1PB1P2n/7P/P1Q1Nq2/7K b - - 1 34,f8f3 g5h5,992,76,100,298,mate mateIn1 middlegame oneMove pillsburysMate,https://lichess.org/fDKkBos5/black#68,,
05MF7,5k2/1p4pB/1p3p2/4p3/7P/2P1nP1n/PP4r1/NR5K w - - 1 30,b1e1 h3f2,1117,78,100,167,endgame master mate mateIn1 oneMove,https://lichess.org/VVAWJBQI#59,,
05NVJ,6n1/1p3pkp/n1p3p1/p3NNQ1/P3P3/7P/1q3PPK/8 b - - 3 25,g7f8 g5d8,1377,74,100,1133,endgame mate mateIn1 oneMove,https://lichess.org/rgSESkVL/black#50,,
05NtB,8/8/3R4/6k1/8/4P2p/r4P2/5K2 w - - 2 51,d6d8 a2a1 f1e2 h3h2,1607,77,100,862,advancedPawn crushing endgame rookEndgame short,https://lichess.org/rDwE5dIp#101,,
05NwY,6k1/5ppp/4pb2/2p5/2P1r3/P2RP2P/6P1/B5K1 b - - 0 29,f6a1 d3d8,618,86,100,79,backRankMate endgame mate mateIn1 oneMove,https://lichess.org/M3b1iZyV/black#58,,
05OR9,6k1/pb3pp1/5n1p/q1p1B3/1pP2N2/1P3P1P/P1B3P1/3R2K1 b - - 2 24,a5a2 d1d8 f6e8 d8e8,711,100,100,20,kingsideAttack mate mateIn2 middlegame short,https://lichess.org/nlIi4vDR/black#48,,
05Oau,r2q1rk1/1pp2p2/p1np3Q/2bnp1N1/4P3/P2P4/1PP2PPP/R3K2R b KQ - 1 13,d8f6 h6h7,917,77,100,244,mate mateIn1 middlegame oneMove,https://lichess.org/FmceHHNJ/black#26,Italian_Game Italian_Game_Giuoco_Pianissimo,
05PRU,6k1/p1q2ppp/1p1bpB2/8/7Q/1P2Pb2/P2N1PPP/6K1 w - - 0 24,d2f3 c7c1 f3e1 c1e1,603,79,100,114,endgame mate mateIn2 short,https://lichess.org/plr9MVGw#47,,
05Qjp,8/8/8/2pK4/1kP5/8/8/3n1B2 w - - 3 56,f1e2 d1c3 d5e6 c3e2,856,75,100,109,crushing endgame fork short,https://lichess.org/6CsPo63t#111,,
05Qqv,4rbk1/5pp1/2P5/p2P4/1q2r3/1P4PP/P2R1P2/2RQ2K1 w - - 1 32,d2c2 e4e1 g1h2 e1d1,907,82,100,51,advantage fork middlegame short,https://lichess.org/gTz0nPbU#63,,
05R0l,rqb2k1r/1p2nppp/3p4/1B2N3/4P3/8/PP2QPPP/R2R2K1 b - - 0 16,d6e5 d1d8,556,99,100,246,backRankMate mate mateIn1 middlegame oneMove,https://lichess.org/el7C0GZT/black#32,Sicilian_Defense Sicilian_Defense_Smith-Morra_Gambit_Accepted,
05R3P,r1bq1rk1/pp3ppp/8/3pP3/6n1/1B6/PPP3PP/RNBQR1K1 w - - 1 12,h2h3 d8b6 g1h1 g4f2 h1h2 f2d1,1169,82,100,54,advantage fork long opening,https://lichess.org/ed1v0bf8#23,Kings_Pawn_Game Kings_Pawn_Game_Busch-Gass_Gambit,
05R5E,8/8/p7/8/2k5/8/1P3K2/8 w - - 1 45,f2e2 c4b3 e2d3 a6a5 d3d2 b3b2,1906,75,100,219,crushing endgame long pawnEndgame quietMove,https://lichess.org/6kLsSwWn#89,,
05RQN,r3r1k1/1b1nqpp1/4p2p/p2pP1NQ/1p5P/2P5/PPB2PP1/R3R1K1 b - - 1 21,h6g5 h5h7 g8f8 h7h8,765,82,100,896,kingsideAttack mate mateIn2 middlegame short,https://lichess.org/LagWXP5z/black#42,,
05RnX,r4rk1/pp3ppp/2bb4/3p3q/8/4PN2/PP3PPP/1BRQ1RK1 w - - 2 17,f3d4 h5h2,1023,77,100,171,kingsideAttack mate mateIn1 middlegame oneMove,https://lichess.org/Qt9Wxmnf#33,Zukertort_Opening Zukertort_Opening_Sicilian_Invitation,
05SRy,2r1r1k1/1p1q1pbp/p2p1np1/P2P2B1/2pQP3/2N2P1P/1P4P1/R3R1K1 b - - 1 19,d7c7 g5f6 g7f6 d4f6,977,79,100,172,advantage middlegame short,https://lichess.org/xlPl2wap/black#38,,
05SaQ,rn2r1k1/1b1n1ppp/ppqPp3/2p5/P1B5/3P1NB1/1PP3PP/R2Q1RK1 w - - 1 16,f3g5 c6g2,520,87,100,236,kingsideAttack mate mateIn1 middlegame oneMove,https://lichess.org/a5GxwTmj#31,Sicilian_Defense Sicilian_Defense_Bowdler_Attack,
05Sf0,6k1/B1p2p1p/2p1q1p1/1p6/5P1Q/2P4P/2b3P1/6K1 b - - 1 28,e6f5 h4d8 g8g7 a7d4 f7f6 d8e7,1403,75,100,584,crushing endgame long,https://lichess.org/2CiQQ3JN/black#56,,
05Sua,3r2k1/pp3pp1/2b4p/7q/4p3/Q3P1P1/PP3PBP/2R3K1 w - - 0 25,a3a7 d8d1 g2f1 d1c1 a7b8 g8h7,1177,76,100,94,crushing endgame long,https://lichess.org/FxpS3pxw#49,,
05Sv2,5q1k/1p4p1/p1p2r1p/6b1/3PQ3/1BP5/P5PP/4R1K1 w - - 12 35,e4e8 f6f1 e1f1 f8e8,1501,77,100,877,crushing deflection endgame short,https://lichess.org/WLNoqonj#69,,
05Syx,6r1/pp3prk/1bpp4/8/1P1Pn1q1/P2B2B1/3Q1PK1/R4R2 b - - 1 28,h7h8 f1h1 g7h7 h1h7 h8h7 a1h1,1636,75,100,588,attraction crushing exposedKing kingsideAttack long middlegame pin,https://lichess.org/LjiwhGWo/black#56,,
05Tkd,1Q6/2K5/k4p2/6pp/8/6P1/3p2P1/8 b - - 0 53,d2d1q b8b6,988,77,100,431,endgame master mate mateIn1 oneMove queenEndgame,https://lichess.org/oPJ21iIr/black#106,,
05UEq,1Q5k/pp3Bp1/7p/2q5/3n2n1/8/P4PPP/6K1 b - - 2 28,h8h7 b8g8,829,83,100,116,endgame mate mateIn1 oneMove,https://lichess.org/GeMIjjy1/black#56,,
05Us4,8/8/6P1/p1p2N2/3bpK2/3k4/P7/8 b - - 1 43,c5c4 f5d4 d3d4 g6g7 c4c3 g7g8q,1219,76,100,144,endgame,https://lichess.org/xSfRlbAa/black#86,,
05V0f,kQ4rr/pp6/N4b2/5P2/3p4/Pq3NP1/1P4KP/1RB4R b - - 8 35,g8b8 a6c7,928,78,100,139,mate mateIn1 middlegame oneMove smotheredMate,https://lichess.org/OSQgK15p/black#70,,
05V6Z,8/6pk/1QN1ppq1/pP1bP2p/P6P/4R3/5P2/6K1 w - - 1 36,e3g3 g6b1 g1h2 b1h1,927,76,100,388,endgame mate mateIn2 short,https://lichess.org/L7FzamEF#71,,
05Vrb,6r1/p1p4k/5P1p/5R1P/2B2RK1/1P4P1/3r4/8 w - - 3 37,g4h4 d2h2,697,82,100,136,endgame master mate mateIn1 oneMove,https://lichess.org/T2HTELuP#73,,
05W1D,1rr3Qk/6pp/7N/q4p2/6bb/P2PP1P1/5P1P/2B2KR1 b - - 7 28,c8g8 h6f7,833,87,100,564,mate mateIn1 middlegame oneMove smotheredMate,https://lichess.org/7h3ODFmD/black#56,,
05WG0,r2q1rk1/pp3ppp/8/5b2/2Pb1Pn1/PNNp3P/1P1P2PK/RQB2R2 w - - 3 18,h3g4 d8h4,722,77,100,233,mate mateIn1 middlegame oneMove,https://lichess.org/YI1PQYLU#35,Scandinavian_Defense Scandinavian_Defense_Panov_Transfer,
05WPb,rn2k2r/pp2ppbp/3p4/4qP2/6n1/3B4/PPP1N1PP/R1BQK2R w KQkq - 5 12,e1g1 e5h2,748,84,100,385,kingsideAttack mate mateIn1 oneMove opening,https://lichess.org/2mhNwNJf#23,Sicilian_Defense Sicilian_Defense_Dragon_Variation,
05XG4,8/5kpp/5p2/BR6/1Ppb4/8/P1Pr2bP/6RK w - - 0 35,g1g2 d2d1 g2g1 d1g1,764,76,100,223,endgame mate mateIn2 operaMate short,https://lichess.org/Zy8QlYOL#69,,
05XPR,5r1k/pp1b2p1/3b2B1/3p4/3Q4/1PB2qP1/P6P/4R1K1 b - - 6 32,d6g3 d4g7,943,86,100,108,mate mateIn1 middlegame oneMove,https://lichess.org/7RxvUoQq/black#64,,
05Xzn,6k1/1pq2pp1/2p1r2p/p2pr3/P7/1BP2Q1P/1PPR1PP1/5RK1 w - - 1 25,f1d1 e5e1 d1e1 e6e1,653,89,100,126,kingsideAttack mate mateIn2 middlegame short,https://lichess.org/1FBbovl9#49,,
05YXU,4r1k1/p4ppp/Q2b1n2/1N1p4/8/7P/PB3PPq/R4K2 w - - 6 21,a6d6 h2h1,980,76,100,229,mate mateIn1 middlegame oneMove,https://lichess.org/4TyldeEj#41,,
05ZNx,7k/1b4p1/1p2Q2p/2p2P2/1P4q1/3R4/5P1P/6K1 w - - 4 37,d3g3 g4d1 e6e1 d1e1,805,80,100,71,endgame mate mateIn2 short,https://lichess.org/ODz7VdZf#73,,
05Zku,r3rk2/pp3bp1/2p5/4NQ2/3P1B1q/b3PP1P/6P1/2R2K2 b - - 1 25,h4f6 e5d7 f8g8 d7f6,1043,75,100,182,advantage fork middlegame short,https://lichess.org/lwHp5Co0/black#50,,
05Zte,6k1/6p1/7p/R6Q/4p3/q5PP/P4r2/6K1 b - - 2 44,a3b2 h5d5 f2f7 a5a8 g8h7 d5f7,2482,75,100,188,crushing deflection endgame long,https://lichess.org/3ujENxPS/black#88,,
05ac2,R1b1r3/1p3k2/2p2Np1/5q2/1PP3p1/2Q1P1Pp/5P1P/6K1 w - - 4 27,f6e8 f5b1 c3c1 b1c1,903,76,100,316,endgame mate mateIn2 short,https://lichess.org/vw4E1RV7#53,,
05b0P,4rk2/pp2rpp1/2p4p/3p4/3PnN2/6PP/PPP1R1PK/5R2 b - - 6 23,e4g3 f4g6 f8g8 g6e7 e8e7 e2e7,1783,75,100,2484,advantage endgame long pin,https://lichess.org/fcGa3frY/black#46,,
05bZ1,5qk1/3r1p1p/4p1p1/p7/5P2/1R6/4KP1P/Q7 b - - 1 38,f8c5 b3b8 c5f8 b8f8,786,80,100,130,advantage endgame short,https://lichess.org/ewDzOaHY/black#76,,
05c4u,2k4r/ppp2Qpp/4p3/8/1bP5/1PN3P1/P3KPq1/3R4 b - - 0 18,b4c3 f7d7 c8b8 d7d8 h8d8 d1d8,1143,76,100,340,backRankMate endgame long mate mateIn3 sacrifice,https://lichess.org/q1AOSyUr/black#36,Scandinavian_Defense Scandinavian_Defense_Portuguese_Gambit,
05cRc,r1b2k1r/Bp3pp1/p6p/8/QPP2P2/3p4/P5PP/qN2R1K1 b - - 0 18,a8a7 e1e8,888,119,100,33,mate mateIn1 middlegame oneMove,https://lichess.org/YjlxR4xZ/black#36,Ruy_Lopez Ruy_Lopez_Bird_Variation,
05dW6,r2k1Q1r/ppp1n1p1/4P2p/4n3/1qB1P3/8/PP1N2PP/R1B2RK1 b - - 2 15,h8f8 f1f8,417,92,100,273,mate mateIn1 middlegame oneMove,https://lichess.org/qZI1w8E2/black#30,Kings_Gambit Kings_Gambit_Other_variations,
500,2r3k1/1R3ppp/p7/2R5/P7/5P1P/5P2/6K1 b - - 0 29,c8c5 b7b8 c5c8 b8c8,899,169,100,40,backRankMate endgame mate mateIn2 rookEndgame short,https://lichess.org/ZuPA2qIW/black#58,,
05ejA,k2r3r/ppp3pp/2R2p2/3q1b2/Q7/4BN2/P4PPP/1R4K1 b - - 0 17,d5c6 a4a7,807,76,100,412,mate mateIn1 middlegame oneMove queensideAttack,https://lichess.org/q2u4wDSY/black#34,Queens_Gambit_Declined Queens_Gambit_Declined_Chigorin_Defense,
05ejd,2r2rk1/pb2bp1p/1p1p2p1/2pP4/4P1q1/1PQ5/PB3PNP/R4R1K b - - 1 21,g4e4 c3g7,484,87,100,173,mate mateIn1 middlegame oneMove,https://lichess.org/HfpyELIs/black#42,,
05fKp,4r1k1/1p3ppp/p2q4/3B2PP/8/4bQ2/8/5K2 b - - 0 40,e3g5 f3f7 g8h8 f7e8 d6f8 e8f8,1041,78,100,357,endgame fork long mate mateIn3,https://lichess.org/m3IvvOzT/black#80,,
05fYZ,br4k1/6pp/4p3/5p2/1B4PP/P3q3/5R1K/5R2 b - - 0 30,f5g4 f2f8 b8f8 f1f8,928,112,100,30,endgame mate mateIn2 short,https://lichess.org/oU64ySem/black#60,,
05flI,8/8/3K2p1/pkP4p/1P6/8/8/8 b - - 1 59,a5b4 c5c6 b4b3 c6c7,407,103,100,183,advancedPawn crushing endgame pawnEndgame short,https://lichess.org/4emwXxLP/black#118,,
05hU2,7k/6p1/6K1/RP2rN2/p7/6P1/r7/8 b - - 2 56,e5f5 a5a8 f5f8 a8f8,1324,75,100,885,endgame mate mateIn2 rookEndgame short,https://lichess.org/H6SaWHep/black#112,,
05hup,r7/1p4pp/2bk4/P2pp3/1Pp5/2P5/2K3PP/3RR3 w - - 0 31,e1f1 c6a4 c2d2 a4d1,804,78,100,375,advantage endgame short skewer,https://lichess.org/XpJvbFpu#61,,
05iFh,r5k1/p1R2pp1/1p1p2np/1P6/3qPP2/3B2P1/Q6P/7K b - - 2 25,d4d3 a2f7 g8h8 f7g7,1037,76,100,233,endgame fork mate mateIn2 short,https://lichess.org/EMTUAeoj/black#50,,
05iRm,8/6p1/2p5/4R3/8/8/kp1K4/8 w - - 0 43,e5a5 a2b3 a5a7 b2b1q a7b7 b3a2,1443,75,100,272,advancedPawn crushing defensiveMove endgame long promotion rookEndgame,https://lichess.org/aafHdCdj#85,,
05imK,3Rq1rk/pb2nppp/1p2pn2/1P2N3/1BP5/4P3/2Q1BPPP/6K1 b - - 5 21,e8d8 e5f7,927,78,100,360,kingsideAttack mate mateIn1 middlegame oneMove smotheredMate,https://lichess.org/sSJGgc9p/black#42,,
05jh1,8/p6p/1rBp2pb/3P1p2/Rk2rP2/3KP3/7P/2R5 b - - 1 35,b4b3 c1b1,1263,76,100,181,endgame mate mateIn1 oneMove,https://lichess.org/nC9Iq28F/black#70,,
05jkW,2Q5/k3r1R1/1pp5/p2p4/P2P4/2P2P2/5K1q/6R1 w - - 22 55,f2f1 h2e2,986,76,100,444,endgame mate mateIn1 oneMove,https://lichess.org/fMg9lsVG#109,,
05jow,8/2R3p1/p2rpk1p/p2pq3/8/P4Q1P/1P4P1/7K b - - 1 31,e5f5 f3g3 f5f1 h1h2 g7g5 g3d6 f1f4 d6f4,2223,75,100,282,crushing endgame veryLong,https://lichess.org/HiQvIbGc/black#62,,
05kax,8/r4pk1/6pp/1p2N3/P2n4/1PR5/5PPP/5K2 w - - 0 35,a4b5 a7a1 c3c1 a1c1,606,81,100,215,endgame mate mateIn2 short,https://lichess.org/qXsmiUSJ#69,,
05kdD,8/P7/8/8/8/5p1k/1KP3pp/7Q w - - 0 55,h1g2 h3g2 a7a8q h2h1q,1300,75,100,143,advancedPawn crushing endgame hangingPiece promotion short,https://lichess.org/lXTr14GW#109,,
05kuI,4q3/6pk/8/1p1Qp2p/p4pbP/2P1B1P1/PP4P1/6K1 w - - 0 40,d5d3 e5e4 d3d2 f4e3,1525,75,100,830,crushing defensiveMove endgame short,https://lichess.org/GiRXdmEK#79,,
05lmw,r5k1/1R5p/5p2/8/1p6/P4N2/1Pn2PPP/6K1 w - - 0 24,a3b4 a8a1 f3e1 a1e1,556,91,100,195,backRankMate endgame mate mateIn2 short,https://lichess.org/gPnrsrbN#47,,
05mYC,r2q1r2/2pbn2k/p2p2B1/1p1P4/2P1pB1P/1P6/P4P2/b2Q1KR1 b - - 0 21,e7g6 d1h5 h7g8 h5g6 a1g7 g6g7,1428,75,100,887,deflection exposedKing long mate mateIn3 middlegame,https://lichess.org/7TYNM4Ax/black#42,,
05mYb,8/8/7p/6p1/4R3/5kP1/r6P/6K1 w - - 2 54,e4e6 a2a1 e6e1 a1e1,949,77,100,222,endgame mate mateIn2 rookEndgame short,https://lichess.org/GvhaEww0#107,,
05mei,2kr1b1r/pp3ppp/2n5/2p4q/Q5b1/2P2N1P/P3BPP1/R1B1K2R b KQ - 0 13,f8d6 a4g4 h5g4 h3g4,1617,75,100,422,advantage middlegame short,https://lichess.org/ujCvm6NO/black#26,Sicilian_Defense Sicilian_Defense_Alapin_Variation,
05nKL,4rk2/ppqn1Npp/2p5/5pB1/2BP2n1/2N2Q2/PPP3P1/R5bK w - - 8 17,h1g1 c7h2 g1f1 h2h1,965,77,100,248,kingsideAttack mate mateIn2 middlegame short,https://lichess.org/gyVNNZvg#33,Blackmar-Diemer_Gambit_Accepted Blackmar-Diemer_Gambit_Accepted_Ziegler_Defense,
05nXK,8/8/8/2R5/k1p3r1/P1K5/8/8 b - - 5 57,a4a3 c5a5,961,78,100,186,endgame mate mateIn1 oneMove rookEndgame,https://lichess.org/4i784PUI/black#114,,
05o2X,r1b1k2r/ppppqppp/5n2/3P4/1bB5/3p1N2/PPPBQPPP/R3K2R w KQkq - 0 10,d2b4 e7e2,1129,76,100,398,master mate mateIn1 middlegame oneMove,https://lichess.org/6T8AUZEu#19,Four_Knights_Game Four_Knights_Game_Scotch_Variation,
05oox,6k1/5pp1/1BQ4p/P2p2q1/8/3b1P2/6PP/6K1 w - - 1 34,b6c7 g5e3 g1h1 e3e1,1072,76,100,391,backRankMate endgame mate mateIn2 short,https://lichess.org/wZjlhNKb#67,,
05pyS,r4rk1/pp3p2/4b1B1/2Ppn1NQ/8/2q5/P1P2PPP/R4RK1 b - - 0 17,e5g6 h5h7,898,76,100,248,mate mateIn1 middlegame oneMove,https://lichess.org/OLTUP9X5/black#34,Sicilian_Defense Sicilian_Defense_Marshall_Counterattack,
05q11,6k1/b4pp1/1qp4p/8/1PQ5/P5NP/5PP1/6K1 w - - 0 33,c4d3 b6f2 g1h2 f2g1,886,85,100,1323,endgame mate mateIn2 short,https://lichess.org/KJ09Twkn#65,,
05q6E,8/1p1R2k1/1p4p1/4r3/5bPK/1B6/P7/8 b - - 1 36,g7f6 d7f7,1171,77,100,119,endgame master mate mateIn1 oneMove,https://lichess.org/IFGloiwF/black#72,,
05qB7,2r1k3/b4p2/4p1p1/8/P2P4/8/6PP/1Bq1R2K w - - 0 43,e1c1 c8c1,462,88,100,220,backRankMate endgame mate mateIn1 oneMove,https://lichess.org/FFwVWNhS#85,,
05qO6,3r3k/6p1/1p1N3p/3qPQ2/8/3n2PK/7P/5R2 b - - 1 47,d8g8 d6f7 d5f7 f5f7,923,78,100,536,crushing endgame short,https://lichess.org/wFUzgk8T/black#94,,
05qg5,2k5/1pp3Bp/p7/5P2/6P1/5P2/PPr3rP/3K3R b - - 0 25,g2h2 h1h2 c2h2 f5f6 h2f2 f6f7,1347,75,100,1177,advancedPawn advantage endgame long,https://lichess.org/0J7COuld/black#50,,
05rKP,4r1k1/2q2pp1/p1r2n1p/4p3/N2P4/5PP1/PP2Q2K/1B2R3 b - - 2 35,e5d4 e2e8 f6e8 e1e8,463,88,100,106,mate mateIn2 middlegame pillsburysMate short,https://lichess.org/lu1nHvUS/black#70,,
05rdh,3q3k/6bp/4B1p1/p1p5/1p6/P6P/1PQ3P1/4R1K1 w - - 0 29,c2c5 g7d4 c5d4 d8d4,930,76,100,336,advantage endgame fork short,https://lichess.org/LKv1718M#57,,
05smX,5rk1/1pp3p1/p2p3p/3q4/4P3/1P4Q1/P1P2rPP/5RK1 w - - 0 24,e4d5 f2f1,653,86,100,45,endgame master mate mateIn1 oneMove queenRookEndgame,https://lichess.org/CBY0kwou#47,,
05soY,r3kb1r/pppbppp1/nq3n1p/1N2Q3/1PP5/8/P2P1PPP/R1B1KBNR b KQkq - 0 9,a6b4 b5c7 e8d8 c7a8 b6f2 e1f2,1151,78,100,803,advantage fork long opening,https://lichess.org/srksbWy2/black#18,Scandinavian_Defense Scandinavian_Defense_Main_Line,
05syF,8/8/2k4K/6P1/8/3nP3/8/8 b - - 0 56,d3e5 g5g6 c6d5 g6g7,684,78,100,139,advancedPawn crushing endgame knightEndgame master short,https://lichess.org/fwDvVpxz/black#112,,
05t7U,2r2k2/1p1R1pbQ/p5p1/4P3/5P2/PN6/1rq3P1/K2R4 w - - 2 31,d7d8 c8d8 d1d8 f8e7 h7h4 f7f6 e5f6 g7f6,1543,76,100,301,crushing middlegame veryLong,https://lichess.org/q85lQbdx#61,,
05uMR,4q3/4r1kp/p2pB1p1/2pQb3/1pP5/1P1P4/P4PPP/4R1K1 w - - 5 32,e6h3 e5h2 g1h2 e7e1,767,77,100,292,advantage discoveredAttack endgame kingsideAttack short,https://lichess.org/7nSvsF1k#63,,
05uc5,r1b1kb1r/pp3pn1/2p1pBpp/4P3/2B3P1/5N2/PPP2P1P/3RK2R b Kkq - 0 15,h8g8 d1d8,587,80,100,199,mate mateIn1 middlegame oneMove operaMate,https://lichess.org/6S5vO7ez/black#30,Pirc_Defense Pirc_Defense_Classical_Variation,
05wPY,3b4/8/6K1/4k1PP/8/8/8/8 b - - 0 65,e5f4 h5h6 d8c7 h6h7 c7e5 g6h6 f4f5 g5g6 f5e4 g6g7,1535,76,100,1494,advancedPawn bishopEndgame crushing endgame veryLong,https://lichess.org/eYQqS7kI/black#130,,
05wTz,r4rk1/1pp2p2/2np1q1p/p1b1p2b/P3P1p1/2PP1N2/1PNBBP2/R2QK1R1 w Q - 0 15,f3h2 f6f2,1012,77,100,91,attackingF2F7 mate mateIn1 middlegame oneMove,https://lichess.org/HFgz3qnz#29,Kings_Pawn_Game Kings_Pawn_Game_Leonardis_Variation,
05wkC,3r3k/p2br1p1/2p2p1p/Pp1p4/1q3P2/3BP2P/1P2Q1P1/2RN2K1 b - - 2 31,b4f4 e3f4 e7e2 d3e2,873,89,100,443,advantage middlegame short,https://lichess.org/lvURZi1A/black#62,,
05wuR,3r4/2k3b1/2p4p/5Qp1/8/PP6/2P3PP/1K1rR3 w - - 3 31,e1d1 d8d1 b1a2 d1a1,527,90,100,844,endgame mate mateIn2 operaMate short,https://lichess.org/0N8w99GW#61,,
05xZV,3r1rk1/pp2b1pp/8/2p5/3Pp3/P3P2P/1P2B1P1/RN2K2R w KQ - 0 17,d4c5 e7h4 g2g3 h4g3,1122,75,100,306,mate mateIn2 middlegame short,https://lichess.org/BbLvJQIi#33,Kings_Pawn_Game Kings_Pawn_Game_Leonardis_Variation,
05xaw,r2q1rkQ/pp2ppb1/6p1/5b2/3B2n1/2N2P2/PPP5/2KR1B1R b - - 4 16,g7h8 h1h8,767,95,100,263,kingsideAttack mate mateIn1 middlegame oneMove,https://lichess.org/ls5J600i/black#32,Sicilian_Defense Sicilian_Defense_Dragon_Variation,
05xgD,2rr3k/1pq1bQ1p/p1b1p1B1/4N3/8/2N1P2P/1P3PP1/2B1R1K1 b - - 0 24,h7g6 e5g6,886,77,100,318,cornerMate kingsideAttack mate mateIn1 middlegame oneMove,https://lichess.org/eqNkefEd/black#48,,
05yVU,8/5R2/p3p1pk/8/5RPP/1p2r3/5K2/r7 b - - 2 42,e3h3 g4g5 h6h5 f7h7,988,76,100,174,endgame mate mateIn2 rookEndgame short,https://lichess.org/EsHjBaKS/black#84,,
05yZP,1k6/8/2K1p1p1/3pPp1p/2p2P1P/P1P3P1/8/8 w - - 10 51,c6d6 d5d4 c3d4 c4c3 d6e6 c3c2,1288,75,100,353,advancedPawn crushing endgame long pawnEndgame sacrifice,https://lichess.org/PZak6NKp#101,,
05yoK,6k1/pb4p1/1p5p/4Np2/3rp3/6P1/PP1NRPP1/5K2 w - - 0 28,d2b3 d4d1 e2e1 b7a6 f1g1 d1e1,1351,75,100,698,crushing deflection endgame long,https://lichess.org/fSYBKrP8#55,,
05zD3,r4rk1/b1p2ppp/p4q2/1p1np1N1/1PPnQ3/1B1P4/P4PPP/RNB3K1 b - - 2 15,d5f4 e4h7,600,87,100,223,kingsideAttack mate mateIn1 middlegame oneMove,https://lichess.org/GCwzRET2/black#30,Italian_Game Italian_Game_Classical_Variation,
05zc8,3R4/p7/3b4/5kp1/P2P4/1P4PK/1r5P/8 w - - 0 42,d8d6 g5g4 h3h4 b2h2,989,78,100,187,deflection endgame mate mateIn2 rookEndgame short,https://lichess.org/klX1eHhl#83,,
05zdL,1k1r3r/p4p1p/1qp5/8/4n1Q1/8/PPP1NbPP/R1B2K1R w - - 4 16,g4e4 d8d1,760,98,100,142,mate mateIn1 middlegame oneMove,https://lichess.org/YEYlvzL6#31,French_Defense French_Defense_Marshall_Gambit,
060cY,r1b1k1nr/ppn4p/5p2/8/8/2P1PN2/PP1B1KPP/RN1q1B1R b kq - 0 11,c8g4 f1b5 c7b5 h1d1,1084,77,100,390,advantage discoveredAttack opening short,https://lichess.org/gfALydf6/black#22,Englund_Gambit Englund_Gambit_Other_variations,
060i8,2rr1nk1/p2q1pp1/1p1Pp2p/1P6/R4P2/6P1/1Q5P/B2R1K2 b - - 2 34,c8c5 b2g7,545,89,100,136,kingsideAttack mate mateIn1 middlegame oneMove,https://lichess.org/44iWyEvy/black#68,,
060ou,8/5k1p/Q5p1/1p2qp2/8/4b3/1P4PP/4RK2 w - - 0 43,a6a3 e5f4 f1e2 f4f2 e2d1 f2d2,1120,78,100,85,endgame long mate mateIn3,https://lichess.org/RUNV2xWf#85,,
062iO,4B2k/2Q4p/p1pp4/4p1b1/4Pq2/2P5/PP2KB2/R4R2 w - - 7 31,a1d1 f4e4 f2e3 e4e3,1228,75,100,298,mate mateIn2 middlegame short,https://lichess.org/HVGWLii5#61,,
063Cg,5k1r/pp1q1p2/5Qp1/3p2N1/1P6/P3PBpr/5PKP/2RR4 w - - 0 27,g5h3 d7h3 g2g1 h3h2 g1f1 h2f2,1353,76,100,258,long mate mateIn3 middlegame,https://lichess.org/kcDWW0Bu#53,,
0646N,7k/7p/pN4p1/2PQ4/1P5q/P7/5rKP/4R3 w - - 5 41,g2g1 h4h2,1156,92,100,46,endgame,https://lichess.org/jjA2xe71#81,,
0649B,r4rk1/2p3pp/p1pbq3/6N1/2p5/4P1P1/PPQ2PP1/R4RK1 b - - 3 18,e6d5 c2h7,412,89,100,154,kingsideAttack mate mateIn1 middlegame oneMove,https://lichess.org/BjMJP9jW/black#36,Queens_Pawn_Game Queens_Pawn_Game_Accelerated_London_System,
064yK,3q2k1/2p2ppp/4p3/2Q5/r1PP4/4PP2/6PP/1R4K1 w - - 0 27,b1b7 a4a1 g1f2 d8h4,1134,77,100,674,crushing endgame short,https://lichess.org/NPN9qwFC#53,,
065VA,8/2kp4/3Rp1b1/p1P5/1K1N1PP1/8/r7/8 w - - 0 49,b4b5 g6d3,1239,79,100,79,endgame,https://lichess.org/v8VWW8W2#97,,
065yh,8/7p/8/PP6/1r6/6k1/R3b3/6K1 w - - 1 72,a2e2 b4b1 e2e1 b1e1,730,91,100,39,endgame mate mateIn2 rookEndgame short,https://lichess.org/AMQWJnOK#143,,
0660Y,3r3k/3P2pp/4Q1p1/1pp5/3p1q2/pP1P3P/P1P3B1/6K1 b - - 0 30,f4c7 e6e8 d8e8 d7e8q,1009,82,100,709,advancedPawn backRankMate endgame mate mateIn2 promotion short,https://lichess.org/KWu9kr6B/black#60,,
066Ja,4r1k1/8/4rp2/P2p3p/2pBqPp1/2Q3Pb/1P2PK1P/4R2R w - - 1 26,h1g1 e4e2 e1e2 e6e2,1134,76,100,419,mate mateIn2 middlegame sacrifice short,https://lichess.org/MPfnCgPw#51,,
066lc,1r1r3k/1R4b1/5pQp/2p2B2/4P2P/8/p2q1PP1/R5K1 b - - 2 30,b8b7 g6h7,795,80,100,103,mate mateIn1 middlegame oneMove,https://lichess.org/wkraOChp/black#60,,
066qU,2r3k1/5p1p/1p2pB2/p2b2q1/8/PP2b1N1/RQ3PPP/2r2BK1 b - - 4 22,g5f4 f2e3 f4e3 b2f2,2304,116,100,46,equality middlegame short,https://lichess.org/eMlCT7ou/black#44,,
067GA,3rR3/5kp1/6p1/2p5/p2Bp3/P4q2/3Q1P2/5K1R b - - 0 36,f7e8 h1h8 e8f7 d2a2 f7e7 d4c5,2045,74,100,286,crushing endgame exposedKing long,https://lichess.org/ppgvEeap/black#72,,
0685f,4r2r/p3n2p/1pp1kpp1/3p4/3P1NN1/2P2PP1/PP1K2P1/7R b - - 3 26,e6f7 g4h6 f7f8 f4e6,923,78,100,150,endgame master mate mateIn2 short,https://lichess.org/yDJE7gbA/black#52,,
0686G,3r4/p7/kpK4n/2p5/7p/8/8/7R b - - 9 70,d8d4 h1a1 d4a4 a1a4,733,78,100,196,endgame mate mateIn2 short,https://lichess.org/1NoiaPE2/black#140,,
068L3,r1bqr1k1/pp3ppp/2nb4/1Bpn2B1/8/3P1N2/PPPK1PPP/R2Q3R w - - 0 11,g5d8 d6f4,953,75,100,787,mate mateIn1 middlegame oneMove,https://lichess.org/PvTib1u7#21,Sicilian_Defense Sicilian_Defense_Old_Sicilian,
068VL,r2qkb1r/pp1np1pp/2p2n2/3p4/3P1B2/3Q1N2/PPP2PPP/RN3RK1 b kq - 1 8,h7h6 d3g6,579,90,100,209,mate mateIn1 oneMove opening,https://lichess.org/wwi4aO0I/black#16,Duras_Gambit Duras_Gambit_Other_variations,
068cj,r1b2b1r/ppp2p1p/n4k2/4Q3/3PPB2/8/PPP4P/R3KB1q b Q - 1 18,f6g6 e5g5,933,76,100,242,mate mateIn1 middlegame oneMove swallowstailMate,https://lichess.org/lzCV2sDQ/black#36,Kings_Gambit_Accepted Kings_Gambit_Accepted_Quaade_Gambit,
069LR,8/5R2/5K1k/3pP3/2pP4/1pP5/1r6/8 w - - 0 71,f7f8 b2f2 f6e7 f2f8 e7f8 b3b2,738,101,100,33,advancedPawn crushing endgame long rookEndgame,https://lichess.org/KeuHiuiM#141,,
069i5,8/6pk/2pBp2p/3PPq2/3P4/8/Q3b1PP/1R5K w - - 2 38,a2e2 f5b1 e2d1 b1d1,703,79,100,391,backRankMate endgame hangingPiece mate mateIn2 short,https://lichess.org/fyVr0ohL#75,,
069jq,4q2k/2Q4p/2p3p1/2p2rN1/3b1P2/3P3P/2P5/5R1K b - - 3 29,h7h6 c7h7,1102,76,100,166,endgame mate mateIn1 oneMove,https://lichess.org/ltf7feQq/black#58,,
06AG5,8/8/PP1b3R/3k4/b7/6p1/6K1/8 b - - 0 51,a4b5 h6h5 d5c4 h5b5 c4b5 a6a7 b5a6 a7a8q,2328,77,100,281,advancedPawn crushing endgame promotion sacrifice veryLong,https://lichess.org/YpT5OfWA/black#102,,
06AH0,4r1k1/pp3p1p/3p2p1/8/3n4/P2RN2q/1P6/1B1Q2K1 b - - 0 33,h3g3 e3g2 d4e2 d1e2 e8e2 d3g3,1259,76,100,657,advantage defensiveMove long middlegame,https://lichess.org/yPd41jI3/black#66,,
06AHQ,r3q1k1/1pp1n2p/p2bN1pB/2nPpr2/4N3/3Q4/PPP2PPP/R3R1K1 w - - 8 17,e4f6 f5f6 e6c5 d6c5,1102,77,100,315,advantage hangingPiece middlegame short,https://lichess.org/0owLrAyq#33,Elephant_Gambit Elephant_Gambit_Maroczy_Gambit,
06ATO,1r3r1k/1p4p1/p3Q2p/8/NP5P/P5q1/8/2R1R2K w - - 1 32,e1g1 g3h4 e6h3 h4h3,1548,77,100,821,mate mateIn2 middlegame short,https://lichess.org/p4QWuxpg#63,,
06Amy,8/p4k2/1p6/4P3/1P5Q/P1n1Bq2/5P2/6K1 w - - 1 49,h4f4 f3f4 e3f4 c3e2 g1g2 e2f4,841,80,100,515,advantage endgame fork long master,https://lichess.org/JnZxTqS1#97,,
06BMo,8/pq6/1p2Q2P/8/2P5/3k4/P3p1P1/7K w - - 0 41,e6f5 b7e4 f5e4 d3e4,1006,75,100,158,crushing defensiveMove endgame master queenEndgame short,https://lichess.org/yVE3ZUqI#81,,
06Bzb,1k5r/pp4pp/2q1P3/8/N5Q1/1P6/P1r3PP/4R2K b - - 0 26,c2c1 g4f4 c6c7 f4c1 c7c1 e1c1,1716,79,100,336,advantage endgame long,https://lichess.org/e0H5xGrK/black#52,,
06Bzf,8/1p2k3/p6R/6p1/1r6/2N5/3K4/8 b - - 4 50,g5g4 c3d5 e7f7 d5b4,976,77,100,486,crushing endgame fork short,https://lichess.org/NrJZ9ubv/black#100,,
06CFU,r2qk2r/pppn1ppp/4p3/3pPb2/4nB2/2P1P2P/PP3PP1/RN1QKB1R w KQkq - 1 9,f2f3 d8h4 g2g3 e4g3 f4g3 h4g3,1322,75,100,308,advantage long opening,https://lichess.org/hPlOZOWB#17,Queens_Pawn_Game Queens_Pawn_Game_Accelerated_London_System,
06CXU,r7/1b1qR3/pp3kr1/2p2p1Q/2p5/1P6/P4PP1/5RK1 w - - 0 29,e7d7 g6g2 g1h1 g2g5 d7b7 g5h5,1342,75,100,1632,advantage discoveredAttack endgame long,https://lichess.org/y3zRdKr0#57,,
06EAK,5rk1/1p3qpp/1P6/4Pb1r/4Q3/4B3/5PPP/1R1R3K w - - 1 32,e5e6 h5h2 h1h2 f7h5 h2g1 f5e4,1856,76,100,78,attraction crushing long middlegame sacrifice,https://lichess.org/fTWLLOTb#63,,
06FA7,6k1/5pp1/4p2p/p2p4/1n1q4/1P5P/4BPP1/2Q3K1 b - - 0 29,b4d3 c1c8 g8h7 c8c2,2013,141,100,31,endgame equality short,https://lichess.org/sS1ufd06/black#58,,
06FGD,5rk1/1b2rBpp/2p5/p3q3/4P3/P1P2Q2/5RPP/3R3K b - - 0 26,e7f7 f3f7 f8f7 d1d8 e5e8 d8e8 f7f8 f2f8,1277,75,100,381,mate mateIn4 middlegame sacrifice veryLong,https://lichess.org/mRwn8imW/black#52,,
06FTb,6k1/5ppp/4pn2/8/P7/2r2N2/5PPP/3R2K1 b - - 0 32,c3a3 d1d8 f6e8 d8e8,470,108,100,143,backRankMate endgame mate mateIn2 short,https://lichess.org/yE1io0ov/black#64,,
06FnM,R2r2k1/5ppp/4r3/8/1P3P2/5KP1/3p1P1P/8 b - - 1 33,d8b8 a8b8 e6e8 b8e8,464,88,100,224,backRankMate endgame hangingPiece mate mateIn2 rookEndgame short,https://lichess.org/yDX4CEvx/black#66,,
06G2U,r3r1k1/ppp2pp1/2n2n1p/4P3/8/2N2NqP/PPPQ1RP1/2K1R3 b - - 0 18,a8d8 e5f6 d8d2 e1e8 g8h7 f2d2,1928,74,100,792,advantage capturingDefender discoveredAttack intermezzo kingsideAttack long middlegame,https://lichess.org/b0SMet2F/black#36,Italian_Game Italian_Game_Anti-Fried_Liver_Defense,
06GFd,r4rk1/p2p1qp1/1p6/4p3/6Q1/8/PP3PPP/R3R1K1 w - - 0 21,e1e5 f7f2 g1h1 f2f1 a1f1 f8f1,729,79,100,240,backRankMate endgame long mate mateIn3 sacrifice,https://lichess.org/9PLSkdwl#41,,
06GcV,3r3k/ppp3pp/6r1/2P5/1n1P1p2/1Q3P1q/P3R2P/4RN1K b - - 5 31,h7h6 e2e8 d8e8 e1e8 h8h7 b3g8,846,93,100,41,kingsideAttack long mate mateIn3 middlegame,https://lichess.org/P0WYk2VE/black#62,,
06H5L,7R/8/2r5/1k6/3K4/8/8/8 b - - 9 55,c6c5 h8b8 b5c6 b8c8 c6d7 c8c5,919,77,100,544,crushing deflection endgame long master rookEndgame skewer,https://lichess.org/HMtE8v1k/black#110,,
06HFe,r4rk1/pp2Rq1p/2p2B1Q/5p2/2p5/7P/PP3PP1/3R2K1 b - - 2 20,f7f6 h6h7,1135,75,100,1104,endgame mate mateIn1 oneMove,https://lichess.org/Puh70EbV/black#40,,
06HwA,6k1/5p2/8/P3p3/4P1P1/8/2NprqPK/R2Q4 w - - 3 42,d1g1 f2h4,1204,75,100,192,endgame mate mateIn1 oneMove,https://lichess.org/iQeA4l78#83,,
06I4b,4r1k1/1b3p1p/p2p4/Pp1Pr1p1/8/2P4N/1P1R2PP/3R2K1 w - - 0 26,h3f2 e5e1 d1e1 e8e1,1666,326,100,14,endgame master,https://lichess.org/3mjCFAHV#51,,
06IKf,8/3Q3p/6pk/2b5/8/P5PP/5qBK/8 w - - 3 46,d7g4 f2g1,721,84,100,183,endgame master mate mateIn1 oneMove,https://lichess.org/mZ5zLIcL#91,,
06IPr,5rk1/6p1/p2qP1Bp/1p6/8/2P3nP/6PK/1QR5 w - - 3 30,c1e1 g3f1 h2g1 d6h2,1272,84,100,74,endgame,https://lichess.org/JRXwIrIp#59,,
06IQw,8/8/p3k2p/5R1b/5K2/8/8/8 b - - 0 46,h5e2 f5e5 e6d6 e5e2,889,77,100,376,crushing endgame fork short,https://lichess.org/obwBu5QY/black#92,,
06IWX,r4rk1/ppp2ppp/1B1p2q1/8/4P3/1BP2P1b/PP3P2/R2QR1K1 w - - 1 18,g1h2 g6g2,505,102,100,385,mate mateIn1 middlegame oneMove,https://lichess.org/iTvZat9L#35,Italian_Game Italian_Game_Giuoco_Piano,
06IuL,1r4k1/p1p2ppp/3p4/2pRR3/8/1P6/PqP2PPP/3Q2K1 b - - 0 20,d6e5 d5d8 b8d8 d1d8,456,91,100,338,backRankMate endgame mate mateIn2 short,https://lichess.org/LafoQwJv/black#40,,
06J1J,1k1r3r/pppqp3/3P3b/7p/2Q1p2B/7P/PPP2Pp1/1K1R2R1 w - - 2 22,d6e7 d7d1 g1d1 d8d1,603,83,100,195,backRankMate mate mateIn2 middlegame short,https://lichess.org/JeHBXu7Q#43,,
06KDC,8/2rk4/p5Q1/1p1q2b1/3P4/6P1/PPP4P/1K2R3 w - - 3 35,e1e5 d5h1 e5e1 h1e1,931,79,100,376,endgame mate mateIn2 short,https://lichess.org/XUYEj3fx#69,,
06KIl,r2q1rk1/pb3ppp/4pP2/2p1P3/2p2P2/1P1p1R2/P2P2QP/R1B3K1 b - - 0 19,b7f3 g2g7,1059,76,100,158,kingsideAttack master mate mateIn1 middlegame oneMove,https://lichess.org/XmAVCxBf/black#38,,
06LpI,7r/Rpp2kp1/1r2p3/6P1/1PpPnP2/2P1P3/8/1NK1R3 w - - 1 36,e1e2 h8h1 c1c2 h1b1 c2b1 e4c3 b1c2 c3e2,1331,78,100,136,endgame,https://lichess.org/e3dUmh1s#71,,
06NRH,2Q2nk1/1p3q1p/5p1B/8/3p4/PBP5/6PP/4b2K b - - 3 30,f7b3 c8f8,746,78,100,166,endgame master mate mateIn1 oneMove,https://lichess.org/tkyQVMYu/black#60,,
06NTJ,8/8/r1p5/2K3pR/6P1/6kP/8/8 w - - 9 56,h5g5 a6a5 c5c6 a5g5,887,76,100,193,crushing endgame rookEndgame short skewer,https://lichess.org/jPv2or7R#111,,
06NeY,8/8/r4k2/P2Kp3/8/R7/4bP2/8 b - - 1 52,e2f3 a3f3 f6e7 f3a3,1746,75,100,280,crushing defensiveMove endgame hangingPiece master short,https://lichess.org/iAtCLZ7H/black#104,,
06Oin,2k5/1pp4p/3q1pb1/P7/5Q2/3r2B1/5PPP/R5K1 w - - 3 32,f4h6 d3d1 a1d1 d6d1,611,79,100,92,backRankMate endgame mate mateIn2 short,https://lichess.org/Bn2rNzNK#63,,
06PHz,8/8/P1p5/2P5/2P1Pk1p/7p/6p1/6K1 w - - 1 43,a6a7 f4g3 e4e5 h3h2,1503,75,100,1849,advancedPawn endgame mate mateIn2 pawnEndgame short,https://lichess.org/TRKE6TxS#85,,
06PIm,r5k1/ppp2ppp/3P2r1/8/8/PBP1q2P/1PP3P1/R2Q1RK1 w - - 1 21,g1h2 e3g3 h2g1 g3g2,1072,77,100,245,mate mateIn2 middlegame short,https://lichess.org/i4qOKgFs#41,,
06PQC,r5k1/pp3pp1/r1n1P2p/1qp2Q2/6PP/PP1pP3/1B1P4/1K1R3R b - - 0 23,b5b3 f5f7 g8h8 f7g7,1033,76,100,281,kingsideAttack mate mateIn2 middlegame short,https://lichess.org/UMnUHS1K/black#46,,
06Pb8,8/4k3/1p1p2K1/3P4/3n1N1P/8/8/8 b - - 3 58,e7f8 f4e6 d4e6 d5e6 f8e7 h4h5,1775,75,100,428,crushing defensiveMove endgame knightEndgame long master,https://lichess.org/NezqMtKE/black#116,,
06Pbu,8/3Q3k/6bp/2qp1pp1/8/5BP1/2p1P2P/5K2 b - - 1 44,h7g8 f3d5 c5d5 d7d5,1260,76,100,373,crushing endgame short,https://lichess.org/mVbSESwU/black#88,,
06QVP,rnb2r1k/pp2nNp1/1bpp1q1p/6NQ/3P4/3BB3/PP3PPP/R4RK1 b - - 3 17,h8g8 d3h7,1334,170,100,7,middlegame,https://lichess.org/VUNTA3gD/black#34,Kings_Pawn_Game Kings_Pawn_Game_McConnell_Defense,
06QjG,3k4/3np3/3P1pP1/3qpQ2/8/2p4P/5P1K/8 b - - 2 45,d5d6 g6g7 d8c7 g7g8q,910,76,100,110,advancedPawn crushing endgame promotion short,https://lichess.org/WPD5ejzL/black#90,,
06RPl,8/8/6K1/7P/1p6/1k6/8/8 b - - 0 58,b3b2 h5h6 b2c2 h6h7 b4b3 h7h8q,400,113,100,417,advancedPawn crushing endgame long master pawnEndgame promotion,https://lichess.org/vKCARRxP/black#116,,
06Rsk,8/R7/p3p3/4kp2/2b5/4PK2/8/8 w - - 6 50,a7a8 c4d5 f3e2 d5a8,970,76,100,183,crushing endgame fork short,https://lichess.org/YgW9EKA1#99,,
06S3i,4r1k1/4rb2/p5p1/1p1p3p/2pR3P/2P2Pq1/PPB3P1/2QR2K1 w - - 14 38,c1g5 e7e1 d1e1 e8e1,876,79,100,342,kingsideAttack mate mateIn2 middlegame short,https://lichess.org/fl3AA6D1#75,,
06SCY,8/1p3k2/p1p5/2Pp4/PP2p3/2K1Qq2/4N3/8 w - - 1 51,c3d4 f3f6,1201,75,100,424,endgame master mate mateIn1 oneMove,https://lichess.org/mjpKaCN0#101,,
06Ss1,1k2r3/1p5p/n2pN3/3P4/1P6/P4RP1/6KP/2b5 b - - 0 37,a6c7 e6c7 b8c7 f3c3 c7d8 c3c1,1689,75,100,574,advantage attraction endgame fork long,https://lichess.org/jvcG9drp/black#74,,
06Swt,2rqk2r/Q4ppp/2pb4/2P1pb2/8/1B1n1P2/PP4PP/R1B2KNR b k - 1 16,d6c5 a7f7,933,77,100,796,attackingF2F7 mate mateIn1 oneMove opening,https://lichess.org/wZ8nYk1a/black#32,Scandinavian_Defense Scandinavian_Defense_Modern_Variation,
06TaJ,1R6/R6p/8/2pB4/3b4/2k5/Pr1r2PP/7K w - - 3 34,b8b2 d2d1,817,77,100,560,backRankMate endgame mate mateIn1 oneMove,https://lichess.org/PSVZlt8s#67,,
06V0l,3r1b2/7p/1p3p2/5R2/4P1k1/6N1/PPP3PP/2K5 w - - 2 28,b2b3 f8a3 c1b1 d8d1,907,77,100,266,endgame mate mateIn2 pillsburysMate short,https://lichess.org/MfO2qY0Y#55,,
06V1F,4r1k1/pb5q/2p3pB/2Pp3B/1P1np3/P5Q1/6P1/5RK1 w - - 2 31,h5g6 d4e2 g1f2 e2g3 g6h7 g8h7,1122,75,100,204,crushing fork long middlegame,https://lichess.org/6uiI4e4R#61,,
06VPM,6k1/1qr2pp1/1p2p2p/4P2P/7Q/5P2/5P2/R5K1 b - - 3 39,b6b5 h4d8 g8h7 a1a8 b7a8 d8a8,1305,74,100,1442,advantage endgame long quietMove,https://lichess.org/3GUdlKsv/black#78,,
06WKQ,2r5/7R/p1p5/1kN5/1Pp3b1/P4n2/1K6/8 b - - 2 42,c8a8 h7b7,833,77,100,188,endgame mate mateIn1 oneMove,https://lichess.org/1xKj9WTd/black#84,,
06X2K,r2k1n2/4bQ2/q2p1p2/3Rp2p/1p6/1B5P/1KP3P1/7R w - - 1 31,b2c1 a6a1 c1d2 a1h1 d5d6 e7d6,1013,82,100,151,crushing long middlegame skewer,https://lichess.org/PH6ws8ah#61,,
06X3m,4n3/1ppqNQpk/7p/pP6/P2b4/B6P/5PP1/6K1 b - - 0 31,d4f6 f7g8,1195,76,100,375,endgame mate mateIn1 oneMove,https://lichess.org/4t1kBQeQ/black#62,,
06X3v,7r/1r2pk2/3p1n2/p1pP1P2/2B3p1/1P5R/P5K1/7R b - - 0 42,b7b8 h3h8 b8h8 h1h8,855,75,100,164,crushing endgame short,https://lichess.org/ML1YdZwY/black#84,,
06X4V,3k1n2/6K1/5P2/5P2/8/8/8/8 b - - 6 53,d8e8 f6f7 e8e7 f5f6 e7e6 g7f8,731,84,100,222,advancedPawn crushing deflection endgame exposedKing knightEndgame long,https://lichess.org/GqqjBV55/black#106,,
06XTF,r4r1k/1p1R2pn/p3Q3/8/8/1P6/P5PP/4Rq1K w - - 2 26,e1f1 f8f1,427,90,100,389,backRankMate endgame mate mateIn1 oneMove,https://lichess.org/ZIsIMujX#51,,
06Xkp,4r1k1/R5b1/6pp/3p4/5N1P/8/Pr4P1/5RK1 w - - 2 32,f4g6 g7d4 g1h2 d4a7,1432,77,100,295,advantage endgame fork short,https://lichess.org/1XcUQxoh#63,,
06YSa,2kr1b1r/QbppN1p1/1p3n2/q3p2p/2P4P/4B1P1/PP2PPB1/R4RK1 b - - 4 15,f8e7 a7b7,1141,130,100,43,mate mateIn1 middlegame oneMove queensideAttack,https://lichess.org/R6fQyiuu/black#30,English_Defense English_Defense_Other_variations,
06Ycl,6k1/1p4p1/1P1N4/2Pp3Q/3P2nP/4P1Pq/5P2/6K1 w - - 1 39,d6f5 h3h2 g1f1 h2f2,1061,76,100,394,endgame mate mateIn2 short,https://lichess.org/ulqzmik0#77,,
06YlU,4r1k1/1p6/p1p2Rp1/3p4/PP1P2pP/4r1P1/6K1/5R2 b - - 1 37,e8e6 f6f8 g8h7 f1f7 h7h6 f8h8,1103,76,100,361,endgame exposedKing long mate mateIn3 rookEndgame,https://lichess.org/JBEcur1p/black#74,,
06YzQ,2r1r3/1p3p1k/p1p4p/3p1Np1/5b2/2N2P2/PP4K1/3RR3 b - - 3 28,h7g6 f5e7 g6f6 e7c8,1663,75,100,338,advantage fork master middlegame short,https://lichess.org/1PE3mvvG/black#56,,
06Z8B,3r4/1b2kp1p/2q1pp2/1pb5/8/1B3N2/1PP1QPrP/4R1RK w - - 0 20,g1g2 c6f3 e2f3 b7f3,983,76,100,674,advantage middlegame pin short,https://lichess.org/mwdc8SMt#39,,
06ZOL,7k/4qp2/p4n2/1p3QP1/4p2P/P1PrP3/2Rn1PB1/6K1 b - - 0 29,f6h5 c2d2 d3d2 g2e4,2099,123,100,33,equality middlegame short,https://lichess.org/iUt4Tp6F/black#58,,
06a9D,4k3/4q3/7Q/1P1pp1pK/4p1B1/4P1P1/P4n1P/8 w - - 1 43,h6g5 e7h7 g5h6 h7h6 h5h6 f2g4,1406,75,100,3675,advantage attraction endgame long,https://lichess.org/vydL3xX6#85,,
06aAU,8/3rk1p1/4p3/6Q1/1P3K2/r7/8/8 b - - 2 56,e7d6 g5c5,1323,75,100,1757,endgame mate mateIn1 oneMove queenRookEndgame,https://lichess.org/1QP4k5jX/black#112,,
06aCm,1Rb3k1/7p/2r5/4P3/5p2/3Pn1pP/1P2N1P1/6KN w - - 2 42,e2f4 c6c1,526,84,100,95,endgame mate mateIn1 oneMove,https://lichess.org/6Hi0QJSO#83,,
06aFx,r1bq1r2/1p2n1p1/p1n1p3/b2pPpNk/3P4/2P4Q/5PPP/RNB2RK1 b - - 3 15,h5g6 h3h7,958,86,100,70,mate mateIn1 oneMove opening,https://lichess.org/FrACGh5s/black#30,French_Defense French_Defense_Wing_Gambit,
06akN,8/4N3/5k2/4p3/4PbK1/8/8/8 w - - 4 58,e7g8 f6f7 g4h5 f7g8,1798,77,100,68,endgame,https://lichess.org/WLW8oITz#115,,
06ala,8/1p5p/p5p1/4kp2/7r/P1N1K3/1P1R3P/8 w - - 0 31,c3d5 h4h3 e3f2 h3h2,1946,75,100,258,crushing endgame interference short,https://lichess.org/JRLLW2bi#61,,
06awF,2r3k1/1R3Rpp/p3p3/3pP3/P2P4/8/5KPP/2r5 b - - 2 26,c8c2 f2g3 c1g1 f7g7,1534,76,100,741,crushing defensiveMove endgame rookEndgame short,https://lichess.org/PJ20uRzG/black#52,,
06ayb,r3q2k/pp2rpp1/1n6/6p1/3P4/2PB4/PP6/2KR3Q b - - 1 23,h8g8 h1h7 g8f8 h7h8,910,79,100,63,mate mateIn2 middlegame short,https://lichess.org/pLmHridC/black#46,,
06bLx,1r2r1k1/p4pbp/b1p2np1/1qBp4/3P4/6P1/3NNPBP/R2Q1RK1 w - - 1 19,a1b1 b5e2 b1b8 e8b8 d1e2 a6e2,1684,102,100,18,middlegame,https://lichess.org/M72CdpTn#37,,
06cPu,8/5R1p/2p3k1/6p1/2B2pK1/1N2r3/P1P5/8 w - - 1 40,f7c7 e3g3,678,88,100,307,endgame mate mateIn1 oneMove,https://lichess.org/qvGH5r80#79,,
06cjx,1B4k1/R1pr2pp/1p3p2/4p3/4n3/1P6/1PP3PP/6K1 w - - 0 26,b8c7 d7d1,723,80,100,135,endgame master mate mateIn1 oneMove,https://lichess.org/x1iNguiw#51,,
06crO,r4rk1/1p2q1p1/p4nQ1/3PB3/8/PP2P3/3P3P/2KR2R1 b - - 0 24,e7e5 g6g7,767,97,100,66,master mate mateIn1 middlegame oneMove,https://lichess.org/lvpsTCpr/black#48,,
06dj7,2r1r1k1/p1q2ppp/4p1b1/2pP4/2P5/P3QB1P/5PP1/3RR1K1 b - - 0 24,e6d5 e3e8 c8e8 e1e8,604,87,100,289,backRankMate mate mateIn2 middlegame short,https://lichess.org/rHUv3Go8/black#48,,
6E+087,3q1rk1/rb4p1/4pn1R/pp3B2/3P4/5N1P/PPQ2P2/2K3R1 b - - 0 20,b7f3 f5e6 f8f7 g1g7,2134,76,100,349,crushing kingsideAttack middlegame pin short,https://lichess.org/gF4myuFi/black#40,,
06eMg,8/1p1k2r1/p4K2/8/2N3P1/1P6/P7/8 b - - 8 57,g7g4 c4e5 d7d6 e5g4,978,164,100,21,crushing endgame fork short,https://lichess.org/YctLBT10/black#114,,
06eQu,r3r3/p1pk1p2/4qppQ/8/2N4R/1P5P/1PP3P1/6K1 b - - 2 27,e8h8 h6d2 d7e7 d2b4,1899,78,100,47,advantage endgame short,https://lichess.org/Zbbt80MU/black#54,,
06eZh,2r3k1/p4p2/1p3p1p/3r4/8/P3P3/1P3PPP/3R2K1 w - - 0 24,d1d5 c8c1 d5d1 c1d1,401,100,100,416,backRankMate endgame mate mateIn2 rookEndgame short,https://lichess.org/6WHilksW#47,,
06eep,8/8/1K2p3/5p2/P2P1k2/8/8/8 b - - 1 43,f4e4 a4a5 e4d4 a5a6 f5f4 a6a7 f4f3 a7a8q,1193,76,100,817,advancedPawn crushing endgame pawnEndgame promotion quietMove veryLong,https://lichess.org/Bqot2rS1/black#86,,
06ejT,2r3k1/6b1/b3p2N/p6Q/1p1q4/3p1P1P/P3B3/6RK b - - 3 37,g8f8 h5f7,805,80,100,132,mate mateIn1 middlegame oneMove,https://lichess.org/g81RSm3H/black#74,,
06ep2,r5k1/pp3p2/3N1bp1/3q1b2/2pp2r1/5N2/PPP2P1Q/3R1K1R b - - 7 23,d5f3 h2h7 g8f8 h7f7,1349,75,100,335,kingsideAttack mate mateIn2 middlegame short,https://lichess.org/E9XkFsS5/black#46,,
06fUn,1r5k/1Q4pp/p2p2q1/1p2p3/4P2b/1P6/P4PPP/2R2RK1 b - - 5 25,b8b7 c1c8 h4d8 c8d8 g6e8 d8e8,412,103,100,779,backRankMate endgame long mate mateIn3,https://lichess.org/vu9LZl5R/black#50,,
06fWI,8/8/p5K1/1p6/1k5P/8/8/8 b - - 1 57,a6a5 h4h5 b4a4 h5h6 b5b4 h6h7 b4b3 h7h8q,400,108,100,782,advancedPawn crushing endgame pawnEndgame promotion quietMove veryLong,https://lichess.org/IOkIvKo8/black#114,,
06fZJ,r1b2rk1/p6p/2n1p1p1/1p6/2p1N3/5P2/PPPR2P1/2K4R b - - 1 18,c8b7 d2d7 h7h5 d7b7,1910,117,100,43,equality middlegame short,https://lichess.org/Nt65Q2xz/black#36,,
06fhB,8/r7/5kP1/8/3K3P/8/2p5/4R3 w - - 2 57,h4h5 a7d7 d4c3 d7d1 e1e6 f6e6,1752,75,100,452,crushing endgame long rookEndgame,https://lichess.org/DN68ob1J#113,,
06gix,r3r1k1/pp1qnppp/2p5/6N1/3PQ3/1P6/P4PPP/R3R1K1 b - - 2 17,h7h6 e4h7 g8f8 h7h8 e7g8 g5h7,1222,75,100,274,kingsideAttack long mate mateIn3 middlegame,https://lichess.org/PpsnBB6N/black#34,Zukertort_Opening Zukertort_Opening_Black_Mustang_Defense,
06gjC,rnb4k/pp3prp/2p2Q1p/b2pP3/3P3N/2PB3q/PP1N1PP1/R4RK1 w - - 2 20,h4f5 h3g2,845,76,100,505,kingsideAttack mate mateIn1 middlegame oneMove,https://lichess.org/o2Xkx7fH#39,,
06guq,5b1k/7p/bp3pp1/4p3/4P3/2PP1BP1/7P/1R4K1 w - - 0 39,b1b6 f8c5 g1g2 c5b6,804,78,100,349,advantage endgame fork master short,https://lichess.org/tmcE1V6g#77,,
06h0o,3r1rk1/p3nppp/1ppq2b1/8/2P5/2Q2PP1/PB2P1BP/R4RK1 b - - 2 17,d6d2 c3g7,652,80,100,234,kingsideAttack mate mateIn1 middlegame oneMove,https://lichess.org/v8Vy4Qgh/black#34,English_Opening English_Opening_Kings_English_Variation,
06hXj,7q/1p3Q2/1kp5/7r/3P4/1PP5/1P4P1/4R1K1 w - - 1 27,f7f3 h5h1 g1f2 h8h4 f3g3 h4g3 f2g3 h1e1,1469,75,100,876,crushing endgame veryLong,https://lichess.org/KRnCeN0P#53,,
06hgj,8/pp5k/7n/2b4Q/7P/6Pq/PPP2r2/R4NK1 w - - 4 27,h5c5 h3g2,1180,77,100,134,endgame master mate mateIn1 oneMove,https://lichess.org/FNEB6kaw#53,,
06hti,2kr2r1/p2p1p1p/1p2p3/4qp2/2P2P2/P1N4b/1PQ1Bb1P/3R3K w - - 0 25,f4e5 h3g2,1119,76,100,819,master mate mateIn1 middlegame oneMove,https://lichess.org/S2wiRmRz#49,,
06jBT,6k1/3q1pb1/p5pp/1p1p3r/5Q2/P2BPbP1/1P3PP1/2R3K1 w - - 0 25,g2f3 d7h3 f4h4 h5h4,1181,75,100,252,crushing endgame short,https://lichess.org/Ot6nWRmB#49,,
06kMR,6rk/p6p/q4b2/5p2/1P2pP2/P3P1B1/2RQ3P/7K w - - 4 38,d2d5 a6f1,507,104,100,292,endgame mate mateIn1 oneMove,https://lichess.org/TsaCHMZx#75,,
06kMW,3rk2r/1b1nbppp/1qp1p3/pp2N2Q/3P1B2/2PB4/PP3PPP/R3R1K1 b k - 0 16,d7f6 h5f7,660,82,100,145,attackingF2F7 mate mateIn1 middlegame oneMove,https://lichess.org/moxaGm8L/black#32,Scandinavian_Defense Scandinavian_Defense_Main_Line,
06kgB,2Q5/8/2p2p2/2P2q2/3K2kp/4P3/6P1/8 w - - 2 42,c8f5 g4f5 d4d3 f5e5 e3e4 e5f4,2311,79,100,78,crushing endgame long,https://lichess.org/gupGnZAi#83,,
06lDi,3rk1nr/p1p2ppp/1p6/8/2Q1P3/4PRP1/PqP3BP/RN5K b k - 0 17,b2a1 c4f7,601,81,100,401,attackingF2F7 mate mateIn1 middlegame oneMove,https://lichess.org/EW9UEN0E/black#34,Philidor_Defense Philidor_Defense_Other_variations,
06lwV,r2q1rk1/1p1nbp2/p2p2p1/3P2P1/3B4/3Q1P2/PPP5/R3KB1R b KQ - 0 18,e7g5 h1h8,949,78,100,169,mate mateIn1 middlegame oneMove,https://lichess.org/qfIl7BpC/black#36,Sicilian_Defense Sicilian_Defense_Najdorf_Variation,
06mV3,5k2/5Rr1/1p1N2Qp/3nP3/p2q4/8/6PP/7K b - - 0 43,g7f7 g6f7,713,88,100,277,endgame mate mateIn1 oneMove,https://lichess.org/VORIfAIo/black#86,,
06msP,1r4k1/5pp1/1rpq3p/p2b4/1P1N4/P1Q2PP1/2P4P/K2R1R2 w - - 0 28,c3c5 d6c5 b4c5 b6b2 d4b3 b2c2,2095,74,100,222,advantage long middlegame,https://lichess.org/1ODPu2hM#55,,
06mwE,r4b1r/pp1k2p1/3q3p/2p5/3n2n1/5N2/PPP1QPPP/RNBR2K1 w - - 4 14,f3d4 d6h2 g1f1 h2h1,892,79,100,385,kingsideAttack mate mateIn2 middlegame short,https://lichess.org/aYuat79B#27,Benoni_Defense Benoni_Defense_Old_Benoni,
06nNG,r1b1nqk1/pp1p1p1p/6p1/3Np3/3nP3/1B3P2/PPPQ2PP/2KR3R w - - 4 17,d2c3 d4e2 c1b1 e2c3,855,76,100,308,advantage fork middlegame short,https://lichess.org/1ACN9K9r#33,Sicilian_Defense Sicilian_Defense_Accelerated_Dragon,
06nk9,k3r3/P5R1/1K6/8/8/8/8/8 w - - 3 60,g7b7 e8e6 b6c7 e6e7 c7c6 e7b7,974,79,100,208,crushing endgame long rookEndgame,https://lichess.org/UeP6tM2W#119,,
06oy2,1nkr2n1/1pp4p/3PB1b1/8/8/7p/P1P2QPP/qN4KR b - - 1 23,d8d7 f2f8 g6e8 f8e8,894,75,100,479,fork mate mateIn2 middlegame pin short,https://lichess.org/uvN8c6sI/black#46,,
06pJP,r7/pp1n1kp1/2p5/3pp1B1/8/2PP3b/PP2PPBq/R2Q1K2 w - - 3 18,g2h3 h2h1,1484,75,100,588,mate mateIn1 middlegame oneMove,https://lichess.org/mTmVmgMq#35,Mieses_Opening Mieses_Opening_Other_variations,
06pfS,1rb2r1k/1p4qp/1p1p2B1/7Q/1P3R2/2P5/P5PP/4R2K b - - 0 22,f8f4 e1e8 f4f8 e8f8 g7f8 h5h7,1083,76,100,258,long mate mateIn3 middlegame pin,https://lichess.org/aQ0ULloP/black#44,,
06pu4,2r2rk1/1b1nqpp1/p1p1p2p/1p2P3/3PQ3/3B1N2/PP3PPP/2R2RK1 b - - 0 18,d7b6 e4h7,626,93,100,311,mate mateIn1 middlegame oneMove,https://lichess.org/WsWc2Mf7/black#36,Queens_Gambit_Declined Queens_Gambit_Declined_Orthodox_Defense,
06pvW,3r2k1/pp1P1ppp/8/2p5/P1n5/2P5/1P2R1PP/4B1K1 b - - 0 25,f7f6 e2e8 g8f7 e8d8,961,140,100,13,crushing endgame short,https://lichess.org/34GObRJi/black#50,,
06q6Y,7Q/p2P4/5rk1/5q1p/8/2P5/P4PPP/3R2K1 w - - 2 34,d7d8q f5f2 g1h1 f2f1 d1f1 f6f1,647,78,100,520,backRankMate endgame long mate mateIn3 sacrifice,https://lichess.org/ajHxHon0#67,,
06qkY,8/6p1/p3bp2/P6P/2p2k1K/2B4P/1P6/8 w - - 1 45,h5h6 g7g5 h4h5 e6f7,1631,76,100,250,bishopEndgame endgame mate mateIn2 short,https://lichess.org/hyeTPlRW#89,,
06r2x,3rr1k1/pp3p2/5PB1/8/6nq/1PP3R1/2Q3PP/5RK1 w - - 1 29,g6f5 h4h2,833,78,100,1268,mate mateIn1 middlegame oneMove,https://lichess.org/LMGDkUMq#57,,
06s4a,rn2k2r/ppp2ppp/4b3/3N4/3bq3/1Q4P1/PP2NP1P/R3KB1R b KQkq - 1 11,e4h1 d5c7 e8d8 c7e6,1855,104,100,58,equality fork middlegame short,https://lichess.org/f4jFoUaN/black#22,,
06sCu,7r/1pp1kp1p/rbq1p1p1/PN1p4/Q2P4/4P1P1/2P2PP1/R4RK1 b - - 6 20,a6a5 a4b4 e7d7 a1a5 b6a5 b4a5,1287,75,100,603,advantage discoveredAttack long middlegame,https://lichess.org/5fqim2r5/black#40,,
06sGP,1br2rk1/ppq2ppp/2n1p3/6N1/3P2b1/3QPN2/PP2B1PP/R4RK1 b - - 6 15,g4f3 d3h7,791,77,100,353,kingsideAttack mate mateIn1 middlegame oneMove,https://lichess.org/ZgZsnY1K/black#30,Caro-Kann_Defense Caro-Kann_Defense_Panov_Attack,
06skk,4k3/r1p5/5Kpp/2N2b2/2BR4/1Pr4P/8/8 b - - 2 32,c3f3 c4f7 e8f8 d4d8,1217,75,100,2017,endgame mate mateIn2 short,https://lichess.org/NEmZ3LEz/black#64,,
06soA,3r2k1/2q2pp1/1p6/4P3/1Pr1Q2b/P4R1P/1B4PK/1R6 w - - 7 31,e4f5 g7g6 f5f7 c7f7 f3f7 g8f7,1755,75,100,354,advantage long middlegame,https://lichess.org/5LMrsaG9#61,,
06uW3,r1bq3r/ppnp1p2/3kp3/2p1QR1p/8/3P4/PPP3PP/RNb3K1 b - - 1 14,d6c6 e5c5,993,75,100,646,mate mateIn1 middlegame oneMove,https://lichess.org/lyqzAgxs/black#28,Sicilian_Defense Sicilian_Defense_Other_variations,
06uy0,r3kb1r/2q1p1p1/p2pPn1p/1p2Q3/8/3B4/PP3PPP/R1BR2K1 b kq - 0 15,d6e5 d3g6,837,78,100,265,mate mateIn1 middlegame oneMove,https://lichess.org/5okk0CzT/black#30,Sicilian_Defense Sicilian_Defense_Smith-Morra_Gambit_Accepted,
06vKW,r2q1r2/2pb1pk1/p1np3p/2bBp1pQ/1p2P1N1/3P2BP/PPP2PP1/R3K2R b KQ - 4 15,f8h8 h5f7,1076,84,100,62,mate mateIn1 middlegame oneMove,https://lichess.org/QTGyxnTJ/black#30,Italian_Game Italian_Game_Giuoco_Piano,
06vaG,5rk1/5pp1/7p/2p2q2/4B3/5PP1/4Q2P/6K1 b - - 2 43,f5e5 e4h7 g8h8 e2e5,791,86,100,99,advantage discoveredAttack endgame short,https://lichess.org/PcaC1iMx/black#86,,
06vzw,4r3/1p4k1/p6p/3R2b1/P2N4/1KP5/8/8 b - - 4 53,e8e7 d4f5 g7f7 f5e7,923,76,100,220,advantage endgame fork short,https://lichess.org/5J4CBHD4/black#106,,
06wOT,r2q3r/1p1n2pk/p1n3p1/4P3/3P4/1Q2NR2/PP4PP/R5K1 b - - 2 20,c6d4 f3h3 d8h4 h3h4,853,76,100,205,mate mateIn2 middlegame short,https://lichess.org/bN2Cao5z/black#40,,
06wjM,r5r1/p4pnk/4P3/1pp2pR1/2p4P/2K1PN2/PP6/6R1 b - - 0 32,g7e6 g5h5,1072,76,100,788,endgame master mate mateIn1 oneMove,https://lichess.org/GGmnfCNe/black#64,,
06wsY,6rk/1p2b1q1/p1n1Q3/5p2/2Pp1p2/3P1N1p/PP3PbK/4RBR1 w - - 0 33,e6f5 g7g3 f2g3 f4g3,1487,75,100,363,mate mateIn2 middlegame sacrifice short,https://lichess.org/3iEz4Rwd#65,,
06yZ3,5k2/1r3p2/6p1/q4p2/P1BQ4/1P5R/1KP5/8 w - - 4 45,d4d8 a5d8 h3h8 f8e7 h8d8 e7d8,1118,76,100,908,advantage endgame hangingPiece long,https://lichess.org/Hj6HUFw5#89,,
06yh9,6k1/2n3pp/1pp2r2/p3Rp2/3r4/P7/1P3PPP/2N1R1K1 b - - 1 29,g8f7 e5e7 f7f8 e7c7,1158,75,100,1058,advantage endgame fork short,https://lichess.org/ySVi6aNF/black#58,,
06yqO,b3r3/5R2/p6p/2P1k1p1/1P1p4/PBpP3P/5PP1/6K1 w - - 1 36,g1f1 a8d5 b3d5 c3c2 d5c4 c2c1q,1918,186,100,6,endgame,https://lichess.org/FIsekBW2#71,,
070Lu,4r2k/2Rb3p/1n1q2pQ/pp3p2/7P/1B3N2/PP3PP1/6K1 w - - 0 29,f3g5 e8e1,1121,76,100,163,mate mateIn1 middlegame oneMove,https://lichess.org/6wsLff59#57,,
070UR,4r1k1/pq2npbp/6p1/2P5/1P6/P3B2P/3Q1P2/2R3K1 b - - 0 25,e7d5 c5c6 b7c7 d2d5 e8e3 f2e3,1465,75,100,807,advantage interference long master middlegame,https://lichess.org/lu2WcDam/black#50,,
070Zi,8/4q1p1/3k1p1p/5Q1P/4PKP1/8/8/8 b - - 0 63,e7e5 f5e5 f6e5 f4f5,829,85,100,626,crushing endgame master queenEndgame short,https://lichess.org/IdR97l99/black#126,,
072gc,6k1/p4ppp/2p4q/5Q2/3Pp3/P7/1r6/R4R1K w - - 3 33,h1g1 h6h2,906,78,100,194,endgame mate mateIn1 oneMove,https://lichess.org/USDFACNX#65,,
072uQ,r5k1/5p1p/1q1p2p1/1P6/2QPp3/1B5P/5PPK/8 b - - 2 34,b6b8 c4f7 g8h8 f7f6,1185,75,100,650,endgame mate mateIn2 short,https://lichess.org/9OtVSQEf/black#68,,
073Py,8/p4pkp/8/4pbp1/2P1p3/1PNr4/P3RPPP/5K2 w - - 4 26,c3e4 d3d1 e2e1 d1e1 f1e1 f5e4,1140,90,100,62,advantage endgame long,https://lichess.org/jkx2pe8l#51,,
073lP,r1bq1k1r/ppp5/2n2bQ1/3B1P2/3Pp3/8/PPP2PPP/RN2K2R b KQ - 0 12,c6d4 g6f7,799,78,100,335,mate mateIn1 oneMove opening,https://lichess.org/Lst6fBuS/black#24,Latvian_Gambit_Accepted Latvian_Gambit_Accepted_Other_variations,
073vR,7k/4q2p/pb3p2/1p5Q/1P3P2/P7/2P3PP/3Rr2K w - - 1 28,d1e1 e7e1,600,87,100,70,backRankMate endgame mate mateIn1 oneMove,https://lichess.org/vBccy3M0#55,,
0744V,8/p7/1pQ5/6b1/3P1pkr/2P5/PP4K1/5N1r b - - 1 46,f4f3 c6f3,1170,121,100,21,endgame master mate mateIn1 oneMove,https://lichess.org/M9f8UkCu/black#92,,
074Ux,r1b1kr2/pp1n2pp/1q6/3pn3/8/5N2/PP1B1PPP/R2QKB1R w KQq - 0 14,f3e5 b6f2,1252,76,100,737,attackingF2F7 mate mateIn1 oneMove opening,https://lichess.org/q7ixuAbk#27,French_Defense French_Defense_Classical_Variation,
074aY,4r3/7k/2ppn1p1/6qp/1P1bP3/3N3P/P2Q2BP/3R1r1K w - - 0 32,g2f1 g5g1,577,107,100,611,master mate mateIn1 middlegame oneMove,https://lichess.org/ggfX1ahm#63,,
075sh,3r2k1/R4ppp/3Qn3/1N2p3/2P1P3/6Pq/1P3P1P/6K1 w - - 1 27,d6e7 d8d1,882,80,100,90,endgame mate mateIn1 oneMove,https://lichess.org/t1GK4RPO#53,,
076Lz,2rR2k1/5bpp/5p2/p7/1pr1PPP1/2BQ4/PPK4P/6q1 b - - 1 30,c8d8 d3d8 f7e8 d8e8,446,93,100,138,endgame mate mateIn2 short,https://lichess.org/6aNACW1l/black#60,,
076Pq,3r3k/4qrp1/b6p/p1PBn3/Pp6/1P4P1/2Q2P1P/3RR1K1 w - - 0 28,d5f7 e5f3 g1h1 f3e1 d1d8 e7d8,1534,75,100,863,advantage fork long middlegame,https://lichess.org/ZaZ1FMot#55,,
077V4,1k3r2/ppb3pp/2p1B3/6Q1/8/7P/RPP3PK/3r4 w - - 8 24,g2g3 f8f2,924,78,100,194,endgame mate mateIn1 oneMove,https://lichess.org/dtDTvlh2#47,,
077ho,r4k2/3q1ppp/p1p3b1/1P1pQ3/8/1BP5/1P3PPP/4R1K1 b - - 0 26,a8e8 e5e8 d7e8 e1e8,657,79,100,397,crushing endgame short,https://lichess.org/ZteiQHqc/black#52,,
078Sf,r3r1k1/1p3p1p/5qp1/1b1p4/pR1P4/R1P1p1P1/2Q1P2P/5BK1 w - - 6 31,b4b5 f6f2 g1h1 f2f1,984,76,100,247,deflection kingsideAttack mate mateIn2 middlegame short,https://lichess.org/g6OlKGlO#61,,
078kF,r7/5ppp/8/1pk5/2b5/5P2/P2R2PP/K1R5 w - - 2 32,a1b2 a8a2 b2b1 a2d2,778,80,100,3042,crushing endgame short skewer,https://lichess.org/0mfaNFVP#63,,
078sG,8/8/3k3P/pp1Np3/2n1Pp1P/1KP2P2/P2r4/1R6 w - - 2 34,a2a4 d2h2 a4b5 c4d2 b3a4 d2b1,2183,102,100,26,endgame master,https://lichess.org/j4RawlBH#67,,
0793N,r7/1b2kppp/4p3/1p1rP3/8/1N2R3/2P2PPP/R5K1 w - - 0 23,a1a8 d5d1 e3e1 d1e1,1135,140,100,19,endgame,https://lichess.org/nBUrCmNz#45,,
07A0J,r3rnk1/pp3pp1/2pb1p2/7p/3P1P1N/2PBB2q/PPQ5/4RRK1 w - - 0 17,c2h2 e8e3 h2h3 e3h3,1683,74,100,555,advantage middlegame short,https://lichess.org/qhXvAkKz#33,Caro-Kann_Defense Caro-Kann_Defense_Tartakower_Variation,
07BIL,1k3r2/p1p5/1P6/8/1P2N3/3P2P1/P2Q3P/q6K w - - 1 29,h1g2 a1f1,916,79,100,99,endgame mate mateIn1 oneMove,https://lichess.org/V4ozO4W6#57,,
07BRp,r7/1p3pk1/p7/3p2p1/P4nP1/4b3/BP1R4/5R1K w - - 2 31,d2d1 a8h8,834,77,100,269,endgame master mate mateIn1 oneMove pillsburysMate,https://lichess.org/D0CCCpv1#61,,
07Bae,8/8/p7/1p2kppp/1P1p4/3P1PK1/P5PP/8 w - - 0 35,h2h4 g5h4 g3h4 e5f4 h4h5 f4e3,2268,78,100,170,crushing endgame long pawnEndgame,https://lichess.org/ft1niagG#69,,
07CmO,3q1rk1/pp2bppp/2rp1n2/1N2n3/2P2B2/1P3PP1/P5BP/R2Q1RK1 w - - 1 16,b5a7 d8b6 g1h1 b6a7,1200,75,100,2922,advantage fork middlegame short,https://lichess.org/vfYlN85G#31,English_Opening English_Opening_Symmetrical_Variation,
07Dh8,8/8/1K6/2p3p1/2P4k/1P6/P7/8 w - - 0 42,b6c5 g5g4 c5b5 g4g3 c4c5 g3g2 c5c6 g2g1q,609,97,100,97,advancedPawn crushing endgame pawnEndgame promotion quietMove veryLong,https://lichess.org/ecHCY9N2#83,,
07Dp4,1r2k2r/1bqpbppp/p3p3/1p4B1/1P1P2n1/P2Q4/B4PPP/RN3RK1 w k - 3 15,g5e7 c7h2,910,79,100,236,kingsideAttack mate mateIn1 middlegame oneMove,https://lichess.org/QGo18K0Z#29,Sicilian_Defense Sicilian_Defense_Bowdler_Attack,
07DxM,r1bq1rk1/p1n1b1pp/2p1p2B/2p5/2P3N1/1PQP4/P4PPP/4RRK1 b - - 0 17,g7h6 g4h6,913,77,100,571,kingsideAttack mate mateIn1 middlegame oneMove,https://lichess.org/iDkD7hju/black#34,Sicilian_Defense Sicilian_Defense_Nyezhmetdinov-Rossolimo_Attack,
07Dxf,8/2p5/p2k1n2/1pp5/5P2/P4K2/1PPN4/8 b - - 5 33,c5c4 d2e4 f6e4 f3e4,863,84,100,654,crushing endgame knightEndgame master short,https://lichess.org/AhrkCapf/black#66,,
07ECg,8/1R3p1k/8/1P6/4N2p/5n1P/1r4PK/8 w - - 1 38,h2h1 b2b1,899,130,100,33,endgame mate mateIn1 oneMove,https://lichess.org/nt6aM49w#75,,
07Eee,8/1p2k3/8/4p3/2PpNpK1/pr3P2/R7/8 b - - 3 55,e7e6 e4c5 e6d6 c5b3,1160,116,100,20,crushing endgame fork short,https://lichess.org/5dUh5BZ0/black#110,,
07Enb,r4rk1/1ppq1ppp/1p1p4/3Np3/3nPnR1/P2P1P1P/1PP1BP1K/R2Q4 b - - 8 15,f4e2 d5f6 g8h8 f6d7,1014,77,100,188,advantage middlegame pin short,https://lichess.org/cCiPbYdq/black#30,Mieses_Opening Mieses_Opening_Other_variations,
07FxW,1r6/1P6/pRPk4/3P1p2/P3r3/3K4/6PP/8 b - - 8 41,e4e7 b6a6 d6d5 a6a8 d5c6 a8b8,1945,76,100,117,crushing endgame long rookEndgame,https://lichess.org/VZVMZjZi/black#82,,
07G0o,2r4k/pb3Qp1/1p5p/n7/3P2nq/P1N5/1P1B1PP1/3RR1K1 w - - 3 23,e1e8 c8e8 f7e8 h8h7 d2e1 h4h2,985,78,100,78,advantage long middlegame,https://lichess.org/6eb9p13v#45,,
07GSL,1k2N3/p4r2/1p3p2/3R1P1p/7P/1P5b/1K6/8 b - - 2 50,f7f8 d5d8 b8b7 e8d6 b7c6 d8f8,990,75,100,405,advantage discoveredAttack endgame long,https://lichess.org/4Xpmc90c/black#100,,
07GYN,6k1/6pp/pqn2p2/3p3Q/1P1n4/P7/2r4P/RK2R3 b - - 5 32,b6d8 e1e8 d8e8 h5e8,865,75,100,452,fork mate mateIn2 middlegame short,https://lichess.org/9tN2uhYU/black#64,,
07Gnp,2r3k1/6b1/R3p1r1/3p4/3P4/2PQ1Ppq/1P3P2/4R1K1 w - - 0 32,d3g6 h3h2 g1f1 h2f2,1181,76,100,163,endgame mate mateIn2 short,https://lichess.org/TnChAOQE#63,,
07H2x,r1bq1rk1/pppp1ppp/1nn5/2b1P1NQ/8/1BN5/PP3PPP/R1B1K2R b KQ - 4 10,c6e5 h5h7,802,79,100,164,kingsideAttack mate mateIn1 oneMove opening,https://lichess.org/XgmL7mLQ/black#20,Ponziani_Opening Ponziani_Opening_Jaenisch_Counterattack,
07H42,r1b1r1k1/p1p2ppp/2p2q2/3pP3/8/5N2/PPP1QKPP/RNB5 b - - 0 14,e8e5 e2e5 f6e5 f3e5,590,81,100,126,advantage middlegame short,https://lichess.org/XDDVWJGa/black#28,Italian_Game Italian_Game_Two_Knights_Defense,
07HA0,8/6kp/6p1/3n4/4q1PP/2p5/B7/5QK1 b - - 2 34,d5e3 f1f7 g7h8 f7f8,755,82,100,61,endgame mate mateIn2 short,https://lichess.org/LAmJenK3/black#68,,
07HFP,4Rqk1/pp3p1p/2p2PpQ/2P2b2/1P1r4/P2B3P/6P1/6K1 b - - 13 35,f8e8 h6g7,950,83,100,58,endgame mate mateIn1 oneMove,https://lichess.org/TeWv53Xf/black#70,,
07JTo,r4r2/p2p1ppk/1p2n2p/4PN1R/6R1/2P3P1/P1PK4/8 b - - 10 28,a8d8 g4g7 e6g7 h5h6 h7g8 f5e7,1444,76,100,1306,endgame long master mate mateIn3 sacrifice,https://lichess.org/SfMathLl/black#56,,
07KDd,1k6/pp6/6n1/PP2p1p1/2R1PpP1/B4P2/4K1Br/3r4 b - - 1 32,d1a1 a3d6 b8a8 c4c8,896,77,100,378,backRankMate endgame mate mateIn2 short,https://lichess.org/E3nqDMNL/black#64,,
07KFG,1k5r/ppp3p1/3bQ3/3pB2r/3P4/2P2RP1/P1P1q1B1/R5K1 w - - 0 22,a1f1 h5h1 g2h1 e2h2,1260,75,100,3647,kingsideAttack mate mateIn2 middlegame sacrifice short,https://lichess.org/qrEPuKVR#43,,
07KPd,Q7/1rr2qpk/2P1pp2/3p4/3P2P1/p2R1P1p/P6P/2R3K1 w - - 2 40,c6b7 c7c1 g1f2 f7c7 b7b8q c7c2 f2g3 c1g1 g3h4 c2f2,2443,79,100,350,crushing endgame fork hangingPiece veryLong,https://lichess.org/LNYTheoF#79,,
07KaV,8/5pk1/6p1/1PNp1r2/3Pp3/2P2nRP/1R2KP2/r7 w - - 11 53,b5b6 a1e1,919,81,100,303,endgame hookMate mate mateIn1 oneMove,https://lichess.org/0JuULUFB#105,,
07Kf8,r2r2k1/ppp2ppp/8/2P5/2b5/2P5/P4PPP/R1B1R1K1 w - - 0 18,e1e7 d8d1 e7e1 d1e1,533,84,100,114,backRankMate endgame mate mateIn2 short,https://lichess.org/EC8HuMKK#35,Alekhine_Defense Alekhine_Defense_Two_Pawns_Attack,
07Km1,rnbq1rk1/1p3pp1/p6p/3Nb3/4Q3/3B4/PPP2PPP/R3K2R b KQ - 1 15,f8e8 e4h7 g8f8 h7h8,707,78,100,576,kingsideAttack mate mateIn2 middlegame short,https://lichess.org/V0tPgamo/black#30,French_Defense French_Defense_Exchange_Variation,
07LCh,6k1/1b2rpp1/p3qR1p/1p6/8/P4NP1/1PQ2PP1/1B3K2 b - - 0 31,e6f6 c2h7 g8f8 h7h8,866,76,100,141,endgame mate mateIn2 short,https://lichess.org/Xz1kxYp3/black#62,,
07LLu,4r3/6k1/6p1/3p1p2/1p4n1/1P1BbK2/2P1R1P1/5R2 w - - 0 35,f1a1 g4h2 f3g3 f5f4 g3h4 e8h8 h4g5 h8h5,2200,76,100,472,endgame exposedKing mate mateIn4 veryLong,https://lichess.org/J7DULoou#69,,
07LQE,rnb2rk1/pp4bp/5qp1/2p5/3pn3/1P2PP2/P2BN1PP/2RQKBNR w K - 1 14,f3e4 f6f1,478,100,100,291,master mate mateIn1 oneMove opening,https://lichess.org/a6U0ZWqe#27,Indian_Defense Indian_Defense_Other_variations,
07Lk1,6k1/7p/pp2p1p1/3b1p2/PQ6/8/2q3PP/5R1K w - - 0 35,b4b6 c2g2,679,77,100,198,endgame master mate mateIn1 oneMove,https://lichess.org/RygHYXny#69,,
07M8L,r5k1/3q2p1/np2p1Np/2p1P2P/p2r2P1/Q2B4/PP6/1K3R2 w - - 2 29,d3a6 d4d1 f1d1 d7d1,724,79,100,588,mate mateIn2 middlegame queensideAttack short,https://lichess.org/ZzyRAi3P#57,,
07MCm,2r1R2k/1pp2Qp1/pn5p/q4B2/8/P6P/1P3PP1/6K1 b - - 6 31,c8e8 f7e8,603,86,100,66,endgame mate mateIn1 oneMove,https://lichess.org/yoVXNBo5/black#62,,
07MLW,rnb1k2r/pppp1ppp/8/1Bb1p3/4P2q/8/PPPP2PP/RNBQ1KNR w kq - 3 6,g1f3 h4f2,751,80,100,436,mate mateIn1 oneMove opening,https://lichess.org/JM2CZcs6#11,Kings_Pawn_Game Kings_Pawn_Game_Kings_Head_Opening,
07MQU,8/6p1/2QPk3/2P1q2p/8/4p3/6P1/6K1 b - - 2 59,e3e2 c6e8 e6d5 e8e5,1054,167,100,10,endgame,https://lichess.org/r7TiVYaL/black#118,,
07MSA,r1b2Bk1/p4pbp/6p1/3pp1q1/8/8/PPP2PPP/R2Q1RK1 b - - 0 14,g8f8 d1d5 c8b7 d5b7,826,80,100,454,advantage middlegame short,https://lichess.org/m0PA1h02/black#28,Sicilian_Defense Sicilian_Defense_Accelerated_Dragon,
07MUp,1r4k1/2q2pp1/4R2p/p2p4/2pP4/2P3QP/Pr3PP1/1B2R1K1 b - - 0 28,c7g3 e6e8 b8e8 e1e8,791,76,100,330,endgame kingsideAttack mate mateIn2 pillsburysMate short,https://lichess.org/SMYcF8TQ/black#56,,
07MWZ,r1b2rk1/pp2bppp/2p1pn2/q5B1/3P3Q/P4NP1/2P2PBP/R4RK1 b - - 4 15,f6d5 g5e7 d5e7 h4e7,1027,76,100,345,advantage middlegame short,https://lichess.org/1e0iF0bG/black#30,Scandinavian_Defense Scandinavian_Defense_Mieses-Kotroc_Variation,
07MiZ,5rk1/ppp2qbp/3p1np1/3Pp3/1PP5/4P2Q/P5PP/3R1RK1 b - - 0 22,f7d7 f1f6 d7h3 f6f8 g8f8 g2h3,1502,75,100,735,advantage kingsideAttack long middlegame,https://lichess.org/uVtYwAW8/black#44,,
07NWP,r4rk1/p4pp1/2p1bb1p/2n1p3/1pB1P1P1/1P3N1P/q1P1QP2/1NKR3R b - - 1 18,c5b3 c2b3 a2e2 c4e2,1895,137,100,22,equality middlegame short,https://lichess.org/wOBoFryq/black#36,,
07OAB,2r3k1/p4ppp/3Qb3/8/2qPN3/P3P1P1/1r3RPP/R6K w - - 9 28,f2b2 c4c1 a1c1 c8c1,775,78,100,545,backRankMate mate mateIn2 middlegame sacrifice short,https://lichess.org/6dRyUgiL#55,,
07OpV,3r2k1/pp3ppp/2r2n2/Q4b2/8/KPN5/P1q3PP/R4B1R b - - 1 19,c2c3 a5d8 f6e8 d8e8,577,82,100,264,hangingPiece kingsideAttack mate mateIn2 middlegame short,https://lichess.org/lwxkASHn/black#38,,
07P1f,8/8/1p5p/p5p1/P1pk2P1/5P1P/1P1K4/8 w - - 0 47,d2c2 b6b5 a4b5 d4c5 c2d2 a5a4 b5b6 c5b6,2604,85,100,66,endgame,https://lichess.org/rNTpTBwX#93,,
07Pay,rn2k2r/ppp2ppp/8/2PB4/4P2q/2N1p2b/PPP3PP/R2Q1K1R w kq - 0 11,g2h3 h4f2,1112,76,100,246,mate mateIn1 middlegame oneMove,https://lichess.org/h0GSi3Uz#21,Kings_Gambit_Accepted Kings_Gambit_Accepted_Bishops_Gambit,
07QCf,q3k2r/p1p2ppp/Q7/1p2p3/1bpn2n1/2N3P1/PP2PP1P/R1B2RK1 w k - 2 13,c3b5 d4e2,903,78,100,547,kingsideAttack mate mateIn1 middlegame oneMove,https://lichess.org/Gf9vhlPB#25,Queens_Pawn_Game Queens_Pawn_Game_Chigorin_Variation,
07QPL,3q4/1p4pk/2p3pp/2B2n2/2Q5/2P2B1P/PP1r2P1/4R1K1 w - - 19 35,e1e2 d2d1 g1f2 d8g5,2375,79,100,74,advantage middlegame short,https://lichess.org/I5FkKbI6#69,,
07Qlo,6k1/5pp1/7p/1p1pB3/1P2n3/2P5/2r2PPP/3R2K1 w - - 3 24,d1d5 c2c1 d5d1 c1d1,400,106,100,573,endgame mate mateIn2 short,https://lichess.org/1l82xolo#47,,
07QzZ,2k3nr/ppp2Npp/2n3q1/8/1bB5/1P2P3/P2r2PP/1R1Q1RK1 w - - 0 14,f7h8 g6g2,884,79,100,417,kingsideAttack mate mateIn1 middlegame oneMove,https://lichess.org/YP13mmzY#27,Queens_Gambit_Declined Queens_Gambit_Declined_Baltic_Defense,
07R33,8/5p2/2p1kP2/p7/3K2P1/8/P7/8 w - - 1 54,g4g5 e6f5 d4c5 f5g5 a2a4 g5f6,945,79,100,183,crushing endgame long pawnEndgame,https://lichess.org/paDQ8hQ0#107,,
07RTG,r2r2k1/2p3p1/1pn1p1Np/p3Pp2/q2P1P2/2P2Q1P/6P1/1R3RK1 b - - 0 22,a4c4 f3c6 c4c6 g6e7 g8h7 e7c6,1415,74,100,1281,advantage attraction fork long middlegame sacrifice,https://lichess.org/ULQgWmwn/black#44,,
07Sg1,1R3nk1/5ppp/2N5/8/2P1P3/r1N2P1b/5r2/3B3K b - - 0 27,a3c3 c6e7 g8h8 b8f8,855,77,100,612,backRankMate deflection mate mateIn2 middlegame short,https://lichess.org/mNQfu9UR/black#54,,
07Sk0,2r2k1r/pQp2ppp/3q4/3P4/4R1b1/3P2P1/PPP2b1P/2K2B1R b - - 2 18,g4f3 b7c8 d6d8 c8d8,797,77,100,291,hangingPiece mate mateIn2 middlegame short,https://lichess.org/y8ovRiSb/black#36,Petrovs_Defense Petrovs_Defense_Three_Knights_Game,
07T43,8/5Qpk/p6p/1p1Pp3/1qn1P3/4BP2/P5PP/2R3K1 w - - 1 29,c1c4 b4e1,1159,75,100,1086,endgame mate mateIn1 oneMove,https://lichess.org/iO96aZmw#57,,
07Tni,5rk1/pp3q2/n1p3pp/8/1PP5/2Q1R1Pb/P2N1P1P/4R1K1 w - - 4 24,e3e7 f7f2 g1h1 f2g2,1137,76,100,495,kingsideAttack mate mateIn2 middlegame short,https://lichess.org/yb5kRxxs#47,,
07UIr,2kr3r/pbp4p/1p2p1p1/2qnb3/8/P1P3PP/1PQ1N1BK/R1B2R2 b - - 3 18,d5e3 g2b7 c8b7 c2e4 c5d5 e4e3,1821,100,100,20,middlegame,https://lichess.org/8xBnt0fQ/black#36,Hungarian_Opening Hungarian_Opening_Catalan_Formation,
07UT2,rn3rk1/pppq1ppp/8/3p1Q2/3P4/2NBP3/PPPn1PPP/R4RK1 b - - 0 12,d2f1 f5h7,868,99,100,279,kingsideAttack mate mateIn1 middlegame oneMove,https://lichess.org/LarmcX3i/black#24,Queens_Pawn_Game Queens_Pawn_Game_London_System,
07Uaj,8/6pp/1p3r1k/4p3/4Q3/2q1p2P/4B1K1/8 b - - 9 37,c3d2 e4h4 h6g6 h4h5,1061,75,100,739,endgame mate mateIn2 short,https://lichess.org/jyeC10F4/black#74,,
07VBr,8/5k2/2pN1p2/P3p2p/2P4p/pK4n1/P7/8 b - - 1 44,f7g6 a5a6 g6g5 a6a7,1139,75,100,151,advancedPawn advantage endgame knightEndgame master short,https://lichess.org/EwzQmYIc/black#88,,
07VlN,r3r1Qk/1bp3pp/pbq2N2/np2p1N1/8/1BPP3P/PP3PP1/R1B1R1K1 b - - 2 18,e8g8 g5f7,975,77,100,974,mate mateIn1 middlegame oneMove smotheredMate,https://lichess.org/VuKu74GZ/black#36,Ruy_Lopez Ruy_Lopez_Morphy_Defense,
07Vya,2b5/p1p2p1p/6p1/8/2P5/1P1N2Pk/P6P/6K1 b - - 8 36,g6g5 d3f2,1008,79,100,174,endgame mate mateIn1 oneMove,https://lichess.org/WeZsJi2O/black#72,,
07W9q,3q4/6k1/4Qp2/4p1p1/4P3/4nPP1/6BK/8 w - - 3 46,e6b3 d8d2 b3e3 d2e3,1802,75,100,86,crushing endgame master short,https://lichess.org/v4FbBY2I#91,,
07WNx,rnbq1bkr/pp5p/3pPnpB/2pP2P1/2B5/2P2Q2/PP3P1P/RN2K2R b KQ - 0 15,f6h5 f3f7,1052,78,100,408,mate mateIn1 middlegame oneMove,https://lichess.org/Oy5StSVE/black#30,Petrovs_Defense Petrovs_Defense_Cochrane_Gambit,
07WSb,5K2/7p/5k2/7P/8/8/8/8 w - - 1 63,f8g8 h7h6 g8f8 f6g5 f8e7 g5h5,1091,76,100,514,crushing endgame long pawnEndgame quietMove,https://lichess.org/2M3q1Xbj#125,,
07Wub,4Q2k/p1p3pp/2p2n2/2B5/8/5P1b/PqP4P/RN2R1K1 b - - 0 17,f6e8 e1e8,419,98,100,509,backRankMate mate mateIn1 middlegame oneMove,https://lichess.org/Q54iLS7R/black#34,Kings_Pawn_Game Kings_Pawn_Game_Beyer_Gambit,
07X4I,6k1/2p2r2/1p5p/6p1/1P2Rr2/2P3NP/3n1PP1/5RK1 w - - 1 36,e4f4 g5f4 f1d1 f7d7 g3e4 d2f3 g1f1 d7d1,2213,76,100,146,advantage discoveredAttack endgame quietMove veryLong,https://lichess.org/QMgR7cm1#71,,
07XNT,7k/pp4pp/2p5/5b2/5K2/4r3/PPPR2PP/8 b - - 6 27,e3e6 d2d8 e6e8 d8e8,452,103,100,100,backRankMate endgame mate mateIn2 short,https://lichess.org/kBs2tIeP/black#54,,
07XXn,8/2p4p/2p1pQpk/p7/3PN3/1KP1n1P1/PP6/6q1 w - - 2 27,f6e6 g1d1 b3a3 e3c2 a3a4 c2d4,1576,76,100,1246,crushing discoveredAttack discoveredCheck endgame long,https://lichess.org/5OsQXTiD#53,,
07YSy,8/1K3p1p/3P1kp1/4P3/3b4/2pB4/6PP/8 b - - 0 43,d4e5 d6d7 f6e7 b7c8,1159,76,100,770,advancedPawn bishopEndgame crushing defensiveMove endgame short,https://lichess.org/cmxzRAWi/black#86,,
07ZNT,r4rk1/2p1nppN/p7/1p2p3/2pqP1Q1/1BN4R/PP3PPP/6K1 b - - 0 17,c4b3 h7f6,1084,74,100,340,mate mateIn1 middlegame oneMove pin,https://lichess.org/P98biy1b/black#34,Three_Knights_Opening Three_Knights_Opening_Other_variations,
07ZsC,4r1k1/pQ4bp/6q1/2p1n3/8/7P/PP4P1/3R1RK1 b - - 0 28,e5c4 b7d5 g8h8 d5c4,1364,76,100,1365,advantage fork middlegame short,https://lichess.org/I47mAsPc/black#56,,
07aXF,1r3rk1/1b2bpnp/q3p3/3pP1P1/2nN1P2/P2QB3/1PP1B3/1K1R3R b - - 2 26,b7a8 d3h7,957,79,100,109,kingsideAttack master mate mateIn1 middlegame oneMove,https://lichess.org/0cCCE3p7/black#52,,
07ae2,r1n3k1/5r1p/p2pN1p1/2pPnp2/1pP1pN1q/1P2P3/P1Q2PPP/BR3RK1 w - - 4 25,g2g3 e5f3 g1h1 h4h2,1002,76,100,250,kingsideAttack mate mateIn2 middlegame short,https://lichess.org/VjzPIppj#49,,
07aiv,4r1k1/1p4p1/2p2p1p/4p3/1BBP4/2P1R1P1/5PKP/1q6 b - - 1 28,g8h7 c4d3 b1d3 e3d3,1028,76,100,422,advantage endgame fork short,https://lichess.org/qMtB10tM/black#56,,
07b65,6k1/3R4/p7/1p2p1p1/1Pb1Pn1b/P3RP2/7P/6K1 w - - 0 40,e3c3 f4e2 g1g2 e2c3,852,78,100,275,advantage endgame fork master short,https://lichess.org/bFDOGxIl#79,,
07bGU,5bk1/5p1p/p5p1/1qpRp1Pn/4P2P/1Q3P2/PPP5/1K6 w - - 4 29,d5e5 b5f1,1500,500,100,11,endgame,https://lichess.org/odAQhTLn#57,,
07cQ0,5r2/r5k1/4q2p/1p1pP1p1/p1pP1p1P/P1P2R2/1P3QP1/5RK1 b - - 0 30,g5g4 f3f4 f8f4 f2f4,714,82,100,117,advantage endgame short,https://lichess.org/Ldtjs2Qr/black#60,,
07d67,8/8/p7/1p1k3p/1P3KpP/P5P1/8/8 b - - 2 53,d5c4 f4g5 c4b3 g5h5,862,79,100,177,crushing endgame master pawnEndgame short,https://lichess.org/odGPTli0/black#106,,
07d8I,6k1/p4pp1/1r3q1p/4p3/4P3/QP6/PPr2PPP/R3R1K1 w - - 1 24,a3a7 f6f2 g1h1 f2g2,968,77,100,141,endgame mate mateIn2 short,https://lichess.org/tOgZewd5#47,,
07dE1,6k1/1bp3p1/1p1p1q1p/p2P1P2/8/1P2r2P/P4PPQ/4R1K1 w - - 0 32,e1e3 f6a1 e3e1 a1e1,553,79,100,114,endgame mate mateIn2 short,https://lichess.org/B5ubCDwZ#63,,
07dGS,r2b2k1/1pp5/3p2p1/p1nPp1p1/2P1P1Pq/1NN5/PPQ1BrK1/R6R w - - 5 24,g2g1 h4g3,1029,79,100,49,master middlegame,https://lichess.org/enuvqtp2#47,,
07dR6,4k1n1/6p1/4N1p1/1p1pPp2/1PbP1P2/2B1K1P1/1Q5P/5q2 w - - 1 38,b2f2 f1d3,1363,75,100,492,endgame mate mateIn1 oneMove,https://lichess.org/m3sp2uNQ#75,,
07dk5,rnbqk2r/ppp2ppp/3p4/2b1p3/2B1P3/4NQ1P/PPPP1nP1/R1B1K1NR b KQkq - 1 7,c5e3 f3f7,844,79,100,146,attackingF2F7 mate mateIn1 oneMove opening,https://lichess.org/3BAjbB1w/black#14,Kings_Pawn_Game Kings_Pawn_Game_Napoleon_Attack,
07dsN,4rk2/p3r1p1/2p3B1/1p1n2Pp/3P4/2P3KP/PP2Rp2/4R3 w - - 0 31,g3f2 e7e2 e1e2 e8e2 f2e2 d5f4 e2d1 f4g6,1174,75,100,207,advantage attraction endgame exposedKing fork veryLong,https://lichess.org/cwqxJ0gj#61,,
07eNj,2Q5/8/4pp2/1k1p1p1p/3P3P/pqP1P1P1/5P2/6K1 w - - 6 52,c8b7 b5c4 b7c8 c4d3,1145,76,100,1189,crushing defensiveMove endgame master masterVsMaster queenEndgame short,https://lichess.org/6NoNw7EO#103,,
07eNy,5Qk1/p1qr1p1p/p1p3p1/8/3P4/2P4P/PP3PPb/R1B1R2K b - - 0 20,g8f8 c1h6 f8g8 e1e8,883,76,100,161,endgame mate mateIn2 short,https://lichess.org/yLU1Nqt9/black#40,,
07eSN,2b5/p4k2/1p2pp2/6p1/3Q2n1/3P2q1/PP2PRB1/5RKr w - - 1 30,g1h1 g3h2,796,77,100,251,mate mateIn1 middlegame oneMove,https://lichess.org/zseilPki#59,,
07ep3,r3n1k1/1r3ppp/qNp1p3/p1bpP3/8/1P2Q3/PB3PPP/2R2R1K w - - 0 21,c1c5 a6f1,602,80,100,188,hangingPiece kingsideAttack master mate mateIn1 middlegame oneMove,https://lichess.org/XMbvJUlx#41,,
07fRV,8/6k1/3p1p2/p2B1Kn1/1p1P2P1/1P2P3/P3R3/2r5 w - - 1 39,e3e4 c1f1 e2f2 f1f2,636,79,100,1518,endgame mate mateIn2 short,https://lichess.org/51D2bhp0#77,,
07ff1,2kr3r/1pp2ppp/p6q/P7/8/2N1P1b1/1PPBQPP1/R2R3K w - - 3 18,h1g1 h6h2 g1f1 h2h1,916,77,100,404,kingsideAttack mate mateIn2 middlegame short,https://lichess.org/9N8EqYnl#35,Englund_Gambit Englund_Gambit_Hartlaub-Charlick_Gambit,
07fpN,r3k1r1/p1p2p1p/2p4q/8/8/1PNPPN2/P1b1Q2P/R3K3 b Qq - 0 16,h6h5 e1d2 c2d3 d2d3,2167,107,100,56,equality middlegame short trappedPiece,https://lichess.org/BSWMBPqL/black#32,,
07fya,2r3k1/pp3ppp/2n2q2/1B1Qr3/8/5P2/PPP3PP/2KR2NR w - - 1 16,d5b3 c6d4 d1d4 e5e1 c1d2 e1g1 b3d5 g1h1,2179,154,100,8,middlegame,https://lichess.org/WX1ytm4K#31,French_Defense French_Defense_Classical_Variation,
07gGF,8/2R3pk/B5p1/p7/3P2P1/2P1nr2/P6P/7K w - - 0 34,c3c4 f3f1,479,92,100,228,endgame mate mateIn1 oneMove,https://lichess.org/516hFmWM#67,,
07gJP,r4rk1/pb1N1pb1/2q1p1pp/8/5P2/3P4/PP4PP/R1BQ1R1K w - - 0 23,d7f8 c6g2,906,102,100,39,kingsideAttack mate mateIn1 middlegame oneMove,https://lichess.org/4JftHZxx#45,,
07hih,3r1rk1/ppp1qp1p/6p1/4P3/1P1n4/P4B2/1Q2RPP1/RN4K1 w - - 1 22,e2e3 d4f3 e3f3 d8d1,1077,75,100,623,advantage clearance kingsideAttack middlegame short,https://lichess.org/KngnAGPl#43,,
07iKJ,r4rk1/ppq2pbp/2p1p1p1/2P3B1/1PBP2n1/4Q3/P4PPP/R4RK1 w - - 3 17,e3e4 c7h2,619,84,100,208,kingsideAttack mate mateIn1 middlegame oneMove,https://lichess.org/N8gcnCHU#33,Slav_Defense Slav_Defense_Diemer_Gambit,
07jP3,3r3r/ppp1kp2/4bp1p/1B2p3/3nP2N/1P3P2/P1PR2PP/2KR4 w - - 1 18,c2c3 d4b5 d2d8 h8d8 d1d8 e7d8,1649,75,100,65,middlegame,https://lichess.org/WvxeqmZA#35,Pirc_Defense Pirc_Defense_Other_variations,
07juY,6k1/pp3pp1/3r3p/r3p3/4P3/1PP5/1P3PPP/3R2K1 w - - 0 25,d1d6 a5a1 d6d1 a1d1,421,90,100,93,backRankMate endgame mate mateIn2 rookEndgame short,https://lichess.org/PJCgqD80#49,,
07kRV,3r4/5pkn/4q3/1R4p1/1Q6/4P1Pp/PPr4P/4R1KB w - - 3 35,h1e4 c2c4 e4d5 c4b4 d5e6 b4b5,2116,75,100,121,crushing long middlegame,https://lichess.org/GqddjpYU#69,,
07l35,4r1k1/2b2pp1/ppp1q2p/8/3P4/2N2Q1P/PP3PP1/3R2K1 w - - 0 25,d4d5 e6e1 d1e1 e8e1,778,76,100,323,endgame kingsideAttack mate mateIn2 pillsburysMate sacrifice short,https://lichess.org/LzOZ2qOy#49,,
07lUP,6k1/p4pp1/1p2p2p/3nB3/2qPP3/1Q6/P4PPP/1Rr3K1 w - - 3 26,b1c1 c4c1 b3d1 c1d1,592,81,100,156,backRankMate endgame mate mateIn2 short,https://lichess.org/d92FvGQn#51,,
07lbv,5rk1/p2r1ppp/2Q2n2/8/3Pp3/P1P1R3/P4PPP/R1Bq2K1 w - - 1 18,e3e1 d1e1,478,86,100,352,hangingPiece kingsideAttack mate mateIn1 middlegame oneMove,https://lichess.org/795PO0HL#35,Scandinavian_Defense Scandinavian_Defense_Kloosterboer_Gambit,
07lu5,6k1/p4r2/1p6/8/4RpP1/8/Pq5P/4Q1K1 b - - 0 40,b2b5 e4e8 b5e8 e1e8,559,87,100,196,crushing endgame master short,https://lichess.org/SZKcLRIn/black#80,,
07nQt,8/5k2/1R3p2/1P2n3/5p1p/4N2P/1r4PK/8 w - - 0 47,e3d5 e5f3 h2h1 b2b1,1148,76,100,548,endgame mate mateIn2 pin short,https://lichess.org/4xwJq9Ss#93,,
07nap,4Q3/1pqr2kp/p7/8/7P/6N1/PP4PK/8 b - - 0 33,d7e7 e8e7 c7e7 g3f5 g7f6 f5e7,915,77,100,374,attraction crushing endgame fork long sacrifice,https://lichess.org/Mpng6sPz/black#66,,
07o1N,r1b3k1/pp3p2/1n5p/3pN1q1/2pP4/2P3nP/PP3QP1/1K1R3R b - - 1 22,g3h1 f2f7 g8h8 e5g6 g5g6 f7g6,1227,75,100,391,crushing kingsideAttack long middlegame,https://lichess.org/kXpXqFMF/black#44,,
07o7b,8/5k1p/1p4p1/1r2P3/1P2K1P1/3N3P/8/8 b - - 0 42,f7e6 d3f4 e6d7 f4d5,2150,87,100,44,endgame,https://lichess.org/LkRO3o7x/black#84,,
07oTu,8/7p/5kp1/p1N2p2/Ppp5/5P1P/1P3P2/6K1 w - - 0 36,c5b7 c4c3 b2c3 b4b3 b7a5 b3b2,1631,75,100,794,advancedPawn crushing endgame knightEndgame long sacrifice,https://lichess.org/LEvky19X#71,,
07ocJ,1k6/ppp2Rpp/8/3n1Q2/3Pr2K/7B/2P1q3/3R4 w - - 12 31,h3g4 e2h2 h4g5 h2h6,1623,75,100,275,mate mateIn2 middlegame short,https://lichess.org/BsvKZa8k#61,,
07odK,r3k1r1/2p2b2/1p1pN2p/p2P1p2/2P1n3/1P2P2Q/PB5P/2R2RqK w q - 5 24,f1g1 e4f2,858,81,100,151,mate mateIn1 middlegame oneMove,https://lichess.org/dCz7Dp1J#47,,
07odm,6r1/pN3k2/2p2p2/3p4/3P4/2P5/PP1Q1KP1/1q6 b - - 2 38,b1e4 b7d6 f7g6 d6e4,909,87,100,105,crushing endgame fork short,https://lichess.org/2LTmZ9Ux/black#76,,
07otO,1Q6/p3q1kp/1bp4p/3p4/5N2/P1P3P1/1P5P/7K w - - 1 31,b8c8 e7e4 f4g2 e4b1,1841,74,100,537,crushing endgame short,https://lichess.org/FD9PbQFG#61,,
07pY9,r3k2r/ppp2pp1/2n4p/3Np3/1P1b3q/P2B1P1P/2PB3P/R2QK2R w KQkq - 1 14,e1e2 h4f2,704,81,100,314,mate mateIn1 middlegame oneMove,https://lichess.org/Pm19gJRu#27,Zukertort_Opening Zukertort_Opening_Tennison_Gambit,
07pcR,r1b3r1/ppqk2pB/2p1pn2/3p2Q1/P7/B1P5/5PPP/RN3RK1 b - - 0 16,f6h7 g5e7,788,86,100,372,mate mateIn1 middlegame oneMove,https://lichess.org/WMdn3Q9T/black#32,French_Defense French_Defense_Knight_Variation,
07pj8,b4rk1/p4p1p/1b4p1/8/2pq4/6Q1/PP1NRPPP/3R2K1 w - - 0 26,g3e3 d4g4 d2e4 f7f5 h2h3 g4e4,2423,75,100,83,advantage long middlegame,https://lichess.org/TFc8cl4z#51,,
07pwg,8/2q2p2/1p6/4rNk1/2bQ1bP1/2P2B2/1P4K1/4R3 b - - 1 48,e5e1 d4g7,956,75,100,267,master mate mateIn1 middlegame oneMove,https://lichess.org/HyDfyeaR/black#96,,
07pyP,8/1r3p2/2R5/1p6/k1n5/p2R1P2/2r3PP/4BK2 b - - 9 55,a3a2 c6a6 c4a5 a6a5,1183,76,100,268,endgame mate mateIn2 short,https://lichess.org/PxbLcXgI/black#110,,
07q1J,4r3/5kb1/p5p1/1pN2p1p/5P2/1QP3P1/PP3KNq/8 b - - 1 36,f7e7 b3e6 e7f8 c5d7,983,77,100,665,cornerMate endgame mate mateIn2 short,https://lichess.org/ih2qhdaG/black#72,,
07rM5,r1b2k1r/ppP1bpp1/4p3/2p1q3/Q1P1B1p1/2P5/P2N1PPP/R3K2R w KQ - 4 17,e1g1 e5h2,1134,78,100,1352,kingsideAttack mate mateIn1 middlegame oneMove,https://lichess.org/r10IdVDV#33,English_Opening English_Opening_Mikenas-Carls_Variation,
07rZu,7k/p1pq1prp/2pb1Q2/4p3/8/3P1N1b/PPP2PP1/R4R1K w - - 0 19,g2h3 d7h3 f3h2 h3g2,1139,76,100,570,kingsideAttack mate mateIn2 middlegame short,https://lichess.org/Ni54BTJO#37,,
07ri2,r4rk1/1pp3pp/p1n1pq2/3p2N1/5P2/2PQP1P1/PP5P/R4RK1 b - - 1 18,h7h6 d3h7,541,84,100,96,mate mateIn1 middlegame oneMove,https://lichess.org/L56KvWaN/black#36,Queens_Pawn_Game Queens_Pawn_Game_Torre_Attack,
07rtK,4r1k1/p5pp/1p4q1/2p1pr2/4QB2/6P1/PP1R2KP/R7 w - - 0 28,f4e3 f5f2 g2f2 g6e4,978,77,100,173,advantage discoveredAttack middlegame short,https://lichess.org/P3n8FozA#55,,
07sKR,2kr4/ppp2N2/4pb1p/2n2b2/6p1/1nN1B1P1/PP2PP1P/2KR1B1R w - - 3 18,a2b3 c5b3,879,87,100,322,mate mateIn1 middlegame oneMove queensideAttack,https://lichess.org/UcIqckuw#35,Reti_Opening Reti_Opening_Reti_Accepted,
07teI,4r1k1/pp3pp1/5R2/q2p2N1/2r2Pb1/P1NQ4/1P4P1/1B1n2K1 b - - 2 24,g7f6 d3h7 g8f8 h7f7,1089,75,100,394,kingsideAttack mate mateIn2 middlegame short,https://lichess.org/t6qVYj5n/black#48,,
07tpU,r5k1/1pR3Rr/p5Qp/6q1/6b1/8/PP3P1P/6K1 b - - 0 29,h7g7 c7g7 g8h8 g6h7,1331,74,100,931,endgame mate mateIn2 short,https://lichess.org/qcgmXVhk/black#58,,
07uzv,4Rrk1/p1qb1ppp/1p6/2p5/2PpQ3/3P2P1/PP3PBP/4R1K1 b - - 0 19,f8e8 e4e8 d7e8 e1e8,678,85,100,121,backRankMate endgame mate mateIn2 short,https://lichess.org/XnN7FUgS/black#38,,
07v3U,3r1rk1/2q1R2p/pp4p1/3p1p2/1PPQ1Pn1/3B2P1/P6P/4R1K1 b - - 1 28,d8d7 d4g7,895,78,100,208,mate mateIn1 middlegame oneMove,https://lichess.org/DDTGTAaQ/black#56,,
07vL0,1r1q1rk1/4bppp/b2p1n2/p4N2/3QP3/7P/P1B2PP1/R1B1R1K1 b - - 2 20,f6d7 d4g7,811,90,100,41,kingsideAttack master mate mateIn1 oneMove opening,https://lichess.org/zVqu3bEd/black#40,,
07wZw,8/8/p5p1/1pkp1P2/3p3P/P5p1/2P1K3/8 b - - 1 48,a6a5 f5g6 g3g2 e2f2,1435,76,100,1762,crushing endgame pawnEndgame short,https://lichess.org/PtKODoWm/black#96,,
07wZy,3r4/1pr5/p4p2/4pRk1/6pN/2B5/PP3PP1/6K1 b - - 3 37,g5h4 g2g3 h4h3 f5h5,966,164,100,13,endgame,https://lichess.org/VkBwecks/black#74,,
07whH,6k1/2Q2pp1/4p2p/pB2Pq2/2P5/P3R1P1/1r1r1P1P/5RK1 w - - 3 29,c7c8 g8h7 e3e2 d2e2,1160,75,100,90,advantage middlegame short,https://lichess.org/DYF25CDG#57,,
07wl3,5r2/p3p1kp/3p2p1/2p2r2/1nq5/5PQ1/2BR2PP/5R1K w - - 4 29,c2f5 c4f1,661,81,100,340,hangingPiece mate mateIn1 middlegame oneMove,https://lichess.org/PI28xOIR#57,,
07xMH,r2r1nk1/ppp1qppp/5P2/4N3/3n2Q1/8/PPP3PP/R1B2R1K b - - 0 18,e7e5 g4g7,905,76,100,125,kingsideAttack mate mateIn1 middlegame oneMove,https://lichess.org/l5IUGr2z/black#36,Center_Game Center_Game_Other_variations,
07y6y,r1bq1rk1/1p2bpp1/2p1p2p/p2n4/P2PN3/3QPN2/1PB2PPP/3R1RK1 b - - 3 15,d5b4 e4f6 g7f6 d3h7,964,79,100,164,clearance kingsideAttack mate mateIn2 middlegame sacrifice short,https://lichess.org/71m0zmJe/black#30,Slav_Defense Slav_Defense_Other_variations,
07z9t,6k1/pp3ppp/2p5/6q1/5nb1/B1P2PR1/P1Q1r1PP/R5K1 w - - 0 21,c2d1 f4h3 g3h3 g4f3 d1e2 f3e2,2519,85,100,47,advantage kingsideAttack long middlegame pin sacrifice,https://lichess.org/jdNv2LnX#41,,
07zHR,8/Q7/6pk/3p1n2/3P2Np/4P2P/5PPK/1rq5 b - - 3 49,h6h5 a7h7 f5h6 h7h6,1284,76,100,690,endgame mate mateIn2 short,https://lichess.org/wFAthsPH/black#98,,
080jt,8/5K2/3bP3/3P2p1/5kP1/p7/B7/8 b - - 16 70,f4g4 e6e7 d6e7 f7e7 g4f3 d5d6,922,85,100,53,advancedPawn bishopEndgame crushing endgame long,https://lichess.org/l5HJGg2L/black#140,,
080wN,r2q1rk1/p2n2bp/5pP1/1ppn2B1/3p3Q/3P1N2/PPP1N1PP/R4RK1 b - - 0 15,f6g5 h4h7,702,80,100,232,kingsideAttack mate mateIn1 middlegame oneMove,https://lichess.org/bUhLz0VG/black#30,Sicilian_Defense Sicilian_Defense_Closed,
081HF,6k1/7p/p1q1p1p1/3p4/3P4/2r1PP2/PQ6/KR6 b - - 3 30,c3e3 b2b8 g8g7 b1b7 c6b7 b8b7,991,77,100,261,advantage endgame long,https://lichess.org/SDz4DK4Z/black#60,,
0822d,6k1/2q2p2/4p2p/pB1pP1p1/P2P2Pn/7P/2pQ1P2/2N3K1 w - - 1 42,b5d3 h4f3 g1g2 f3d2,842,77,100,245,crushing endgame fork short,https://lichess.org/xBBdbAYD#83,,
082Iv,4r1k1/ppp2pp1/2p4p/8/3B1Pn1/1P4Pb/P1PP3P/RN1Q2K1 w - - 0 15,d1f3 e8e1 f3f1 e1f1,555,85,100,136,kingsideAttack mate mateIn2 middlegame operaMate short,https://lichess.org/aYnHoxDR#29,Vant_Kruijs_Opening Vant_Kruijs_Opening_Other_variations,
083ET,1k5r/1p3p2/2b2r2/n3N2p/7P/1PPB4/P1K5/4R3 b - - 3 38,h8e8 e5c6 b8c7 e1e8,1199,76,100,1163,advantage discoveredAttack middlegame short,https://lichess.org/O7DeqXVO/black#76,,
083nr,3rr1k1/pbq1bppp/1p3B2/2pp4/5N2/1P1P1BP1/P1P1QP1P/R3R1K1 b - - 0 16,e7f6 e2e8 d8e8 e1e8,598,93,100,551,backRankMate mate mateIn2 middlegame short,https://lichess.org/M9gAxFMg/black#32,Hungarian_Opening Hungarian_Opening_Indian_Defense,
0842V,8/8/8/1p5k/1P2K3/1P2bp2/8/8 w - - 0 63,e4e3 h5g4 e3f2 g4f4,975,76,100,1090,crushing defensiveMove endgame master pawnEndgame short,https://lichess.org/z2wfObzk#125,,
084Ej,r3r1k1/pbp2p1Q/1pnq1Bp1/4p3/3P1R2/2PB4/PP4PP/R5K1 b - - 0 18,g8h7 f4h4 h7g8 h4h8,598,83,100,196,mate mateIn2 middlegame operaMate short,https://lichess.org/OON2VtwO/black#36,French_Defense French_Defense_Henneberger_Variation,
0857U,r2qk2r/ppp2p2/3p3p/4p3/1bB1P1n1/2NP1QBb/PPP2P2/R3R1K1 b kq - 1 14,b4c5 f3f7,505,87,100,326,attackingF2F7 mate mateIn1 middlegame oneMove,https://lichess.org/A77xRbwn/black#28,Three_Knights_Opening Three_Knights_Opening_Other_variations,
85,2r5/8/8/3k4/8/1R6/1K6/8 b - - 6 77,d5c5 b3c3 c5d6 c3c8,791,89,100,282,crushing endgame rookEndgame short skewer,https://lichess.org/ktajzT6r/black#154,,
8627,r2q1rk1/1pp2ppp/p2p4/3n4/4P3/1BN1PP1b/PP6/R2QR1K1 w - - 0 17,c3d5 d8g5 g1h2 g5g2,846,77,100,571,kingsideAttack mate mateIn2 middlegame short,https://lichess.org/VofXL6g0#33,Ruy_Lopez Ruy_Lopez_Berlin_Defense,
0868Q,2r5/p1P1R2p/5ppk/1p3b2/5B2/7P/1r1p4/3R1K2 b - - 5 38,h6h5 e7h7,683,81,100,128,endgame master mate mateIn1 oneMove pillsburysMate,https://lichess.org/Xa2b0bdY/black#76,,
086CA,8/1p6/p7/P1pPK1kp/2P3p1/8/1P6/8 b - - 1 48,g4g3 d5d6 g5g4 d6d7 g4f3 d7d8q,852,80,100,386,advancedPawn crushing endgame long master pawnEndgame promotion,https://lichess.org/9oy2emCR/black#96,,
086g1,1qrk2r1/pb1n1p2/1p1PB1pp/2p5/2P2P1P/1P3NP1/PB2Q2K/3R4 b - - 0 26,f7e6 e2e6 g8e8 b2f6 d7f6 e6f6,1501,76,100,844,crushing exposedKing long middlegame,https://lichess.org/q17oSTNs/black#52,,
087Yq,2r3k1/6p1/p1r1p3/3N2bP/8/8/PP2R3/1K3R2 w - - 1 41,d5b4 c6c1 f1c1 c8c1,571,83,100,101,endgame mate mateIn2 operaMate short,https://lichess.org/otBY2zC8#81,,
087ii,rq4k1/2R1Qp1p/1p1B1npb/8/P7/4pPK1/6PP/8 b - - 7 32,h6g7 e7f7 g8h8 f7g7,1206,75,100,604,mate mateIn2 middlegame short,https://lichess.org/qLYItq5W/black#64,,
087jX,6k1/1Rp2ppp/5n2/2BP4/6P1/7P/P4PB1/b3r1K1 w - - 1 24,g1h2 a1e5 f2f4 e5f4,903,77,100,379,endgame mate mateIn2 short,https://lichess.org/wHweIcUH#47,,
8852,2kr1b1r/pbp2pp1/5n1p/3qN3/5B2/3p4/PPP2PPP/RN1QR1K1 w - - 0 14,b1c3 d5g2,1474,78,100,97,master opening,https://lichess.org/auGIWLuH#27,Italian_Game Italian_Game_Two_Knights_Defense,
088Dn,r1b2r1k/2R3pp/p2p4/4p3/4Pnq1/P1P1B3/B1Q2PPP/4RNK1 w - - 1 25,g2g3 f4h3 g1h1 g4f3,1166,75,100,388,kingsideAttack mate mateIn2 middlegame short,https://lichess.org/dMgmHNKu#49,,
088lU,8/5p1k/6p1/3Q3p/8/Pr5q/5rP1/6RK w - - 0 46,g2h3 b3h3,890,76,100,483,endgame mate mateIn1 oneMove queenRookEndgame,https://lichess.org/MXzDQUX0#91,,
088yl,1rk1q3/1p1n3p/p2Prnp1/2p5/P4B2/1Q3B1P/1P3PP1/R4RK1 w - - 2 25,f1e1 e6e1 a1e1 e8e1,430,91,100,319,advantage kingsideAttack middlegame short,https://lichess.org/9Xxla6jO#49,,
088zv,2r3k1/1pp3b1/p5p1/2Pq1p1p/5P2/P3P2P/6P1/2Q2B1K b - - 1 40,c8e8 f1c4 d5c4 c1c4,887,77,100,508,advantage endgame pin short,https://lichess.org/243UO0HG/black#80,,
089rt,1n4rk/4R3/2p2q1p/p2p1P2/5P2/1P6/8/2R2Q1K w - - 7 40,e7e6 f6h4 f1h3 h4h3,821,76,100,419,endgame mate mateIn2 short,https://lichess.org/cUWmRxQp#79,,
08AbQ,8/8/1p2K3/p1p3pk/P1P5/1P6/5P2/8 w - - 1 52,e6d6 h5g4 d6c7 g4f3,1407,77,100,450,crushing endgame pawnEndgame short,https://lichess.org/wqrSU8Yq#103,,
08Ag8,r4rk1/4npp1/p2p4/2p1p1R1/4P3/1BPPQNPq/P3K2N/8 w - - 5 28,g5g7 g8g7 e3g5 e7g6,1007,77,100,240,advantage defensiveMove hangingPiece middlegame short,https://lichess.org/CYR8EW66#55,,
08BKi,2r3k1/p4pp1/2p2np1/2Np4/3P4/q3PB1P/r4PP1/1R1Q2K1 b - - 9 27,a7a5 b1b3 a3c5 d4c5,1606,78,100,168,advantage middlegame short trappedPiece,https://lichess.org/WBU5VSb8/black#54,,
08CSo,6k1/p7/1pp1r3/6P1/2n1BP2/2P5/P1P4R/2K5 w - - 5 31,e4d3 e6e1,453,92,100,298,endgame mate mateIn1 oneMove,https://lichess.org/4gcb9uzR#61,,
08Cms,r4rk1/ppqbbp1p/8/8/3PQPn1/P1P3P1/1P5P/1BR1NRK1 b - - 0 21,d7c6 e4h7,969,162,100,20,kingsideAttack mate mateIn1 middlegame oneMove,https://lichess.org/Htbn6HKO/black#42,,
08CzB,2r3k1/3R1p1p/2q1p1p1/2r5/p1PQ1P2/P1R3PP/2P4K/8 b - - 7 35,c5c4 c3c4 c6c4 d7d8 c8d8 d4c4,1690,75,100,318,crushing deflection endgame long,https://lichess.org/TyaFBrC8/black#70,,
08DPS,8/1k6/1pp1p2p/4P1p1/KPP3P1/7P/8/8 w - - 8 43,c4c5 b7a6 a4b3 b6c5,1839,302,100,4,endgame,https://lichess.org/5ZljbyWE#85,,
08DYP,2r2r2/p4kb1/2N3pp/1BN5/8/P3n3/1P4PP/4R1K1 b - - 2 29,e3f5 b5c4 f7f6 c5e4,2196,76,100,217,mate mateIn2 middlegame short,https://lichess.org/vNpf3Hbb/black#58,,
08Df4,8/8/1p6/p3k3/Pr6/1PN2P2/2K5/8 b - - 0 52,e5f4 c3d5 f4e5 d5b4,765,80,100,290,crushing endgame fork master short,https://lichess.org/b7OLDaop/black#104,,
08Dk6,r1b2rk1/pp1B1pbp/6p1/3QP3/5PPq/8/PPP4P/2KR2NR b - - 0 14,c8d7 d5d7 a8d8 g1f3,2147,122,100,34,equality middlegame short,https://lichess.org/HgeUcO82/black#28,,
08EON,2r1k2r/1p2bpp1/p1n1p3/3NP1Np/1P1q1P2/P3Q2P/6P1/2R2RK1 b k - 0 20,e6d5 e3d4 c6d4 c1c8 e8d7 c8h8,1240,75,100,266,crushing long middlegame skewer,https://lichess.org/trdn6oAE/black#40,,
08FYT,1B6/8/8/1p1k4/6K1/8/2n3P1/8 w - - 0 53,g4f4 b5b4 b8e5 c2d4 f4e3 d5e5,2315,78,100,103,crushing endgame long quietMove,https://lichess.org/FPMYMENf#105,,
08Fl7,2n1r1rk/5R2/2b1n1PP/pp1pP3/3P4/bP2B3/4K3/3N2R1 b - - 1 36,g8f8 g6g7 e6g7 h6g7 h8g8 g7f8q,1947,192,100,4,middlegame,https://lichess.org/AiyHHeAS/black#72,,
08GOE,8/R1p2pkp/1p4p1/3P4/2nP4/2P3P1/P6q/2KQ4 w - - 0 26,a7c7 h2b2,950,75,100,255,endgame mate mateIn1 oneMove,https://lichess.org/JlCILZH1#51,,
08Gmj,R7/5p2/6kp/P1p3p1/6n1/2BP2P1/1Pr3P1/6K1 w - - 0 39,a5a6 c2c1 c3e1 c1e1,599,81,100,215,endgame mate mateIn2 short,https://lichess.org/0ws4GrcO#77,,
08Hl2,r1b2rk1/ppp2ppp/3b2q1/3NB3/3P4/5Q2/PPP3PP/R4RK1 b - - 4 15,d6e5 d5e7 g8h8 e7g6,1094,75,100,376,advantage fork middlegame short,https://lichess.org/6LrS3tIv/black#30,Kings_Gambit_Accepted Kings_Gambit_Accepted_Schallopp_Defense,
08Jl5,6k1/2p2p2/7p/3Q4/P2P3q/2r3p1/2R5/6K1 w - - 0 35,c2c3 h4h2 g1f1 h2f2,1085,79,100,394,endgame mate mateIn2 short,https://lichess.org/NJRP9mVu#69,,
08KDw,2r4k/6p1/3p3p/p2qpQ2/8/P1P3PK/1r3R1P/5R2 b - - 3 33,b2f2 f5c8 d5g8 c8g8 h8g8 f1f2,1596,74,100,926,crushing endgame hangingPiece long,https://lichess.org/m8ZoEI2D/black#66,,
08LwR,3r4/1p1q3Q/4bk2/p3p1B1/P2nB3/3P2PP/1P5K/1R2q3 b - - 1 30,f6g5 h7h4,981,75,100,445,mate mateIn1 middlegame oneMove,https://lichess.org/9gJO2mpE/black#60,,
08M8v,6k1/p6p/4p3/3p2pQ/1PbP1r2/P7/6PP/6qK w - - 0 34,h1g1 f4f1,554,84,100,153,endgame mate mateIn1 oneMove operaMate,https://lichess.org/FiSMFXiA#67,,
08MJl,8/4kpp1/4p2p/1p6/3q4/3P1Q2/P4PPP/RR4K1 w - - 6 21,b1b5 d4a1 b5b1 a1b1 f3d1 b1d1,823,79,100,169,backRankMate endgame hangingPiece long mate mateIn3,https://lichess.org/8mcEBOSh#41,,
08Mml,5rk1/1p4p1/3p1p1p/3P4/1P1Q1Pn1/4r1Pq/PB2R2P/4R1K1 w - - 2 25,e2e3 h3h2 g1f1 h2f2,1150,76,100,248,kingsideAttack mate mateIn2 middlegame short,https://lichess.org/Zlcxwq7u#49,,
08Ngy,3r2k1/5ppp/1R6/8/PP2n3/4BN2/5PPP/2Rq2K1 w - - 0 27,c1d1 d8d1 f3e1 d1e1,563,101,100,188,endgame mate mateIn2 short,https://lichess.org/mbGZfGQ4#53,,
08Nkz,r1b3kr/pp1p2pp/2nBp3/1N3Q2/8/8/P1PK1PPP/q4B1R b - - 0 17,a1a2 f5f8,1003,177,100,5,middlegame,https://lichess.org/Oy6GNsh9/black#34,Sicilian_Defense Sicilian_Defense_Four_Knights_Variation,
08NnI,5rk1/p5p1/2B4p/1P3p2/4p3/r2bN1P1/5P1P/4R1K1 b - - 0 31,a3b3 c6d5 g8h8 d5b3,853,85,100,114,advantage endgame fork short,https://lichess.org/bQLAZ1bp/black#62,,
08O8g,8/pp6/5N2/3k4/5p2/1PPKbP2/8/8 b - - 10 46,d5e5 f6g4 e5f5 g4e3 f4e3 d3e3,1122,80,100,880,crushing endgame long master,https://lichess.org/pbAMoPqh/black#92,,
08Paa,r4rk1/p4ppp/2Q2n2/2p1p3/4P1b1/2Pq4/P2N1PPP/R1B1K2R w KQ - 0 14,c6c5 d3e2,953,134,100,29,mate mateIn1 middlegame oneMove,https://lichess.org/e1ojIbk0#27,Italian_Game Italian_Game_Classical_Variation,
08PgK,6R1/8/7p/3p2k1/2b5/2b3P1/1P4PK/1r6 b - - 12 45,g5h5 g3g4 h5h4 g2g3,1071,86,100,422,endgame mate mateIn2 short,https://lichess.org/2AzfRJnh/black#90,,
08PpV,2R5/kp5p/6q1/p2p4/P2Pn3/1P1Q4/6KP/3R4 w - - 1 44,g2h1 e4f2,889,77,100,374,cornerMate endgame mate mateIn1 oneMove,https://lichess.org/pwNY6E22#87,,
08QH6,r4rk1/p4ppp/4p3/q7/1P2Q3/6P1/P4PP1/R3K2R b KQ - 0 18,a5b5 e4h7,639,96,100,69,endgame mate mateIn1 oneMove,https://lichess.org/amAqJqfJ/black#36,English_Opening English_Opening_Caro-Kann_Defensive_System,
08Qj0,r4rk1/p1p1b1pp/2pp4/3np1Nq/3P2bP/2PQ1NP1/PP3PK1/R1B2R2 b - - 2 18,h7h6 d3h7,763,88,100,56,mate mateIn1 middlegame oneMove,https://lichess.org/UzUMCuC4/black#36,Dutch_Defense Dutch_Defense_Fianchetto_Attack,
08RYA,R3nr2/6pk/8/4Nq1p/3P4/1Q2PpP1/1P3P1P/5bK1 w - - 0 29,g1f1 f5b1 b3d1 b1d1,944,84,100,38,endgame mate mateIn2 short,https://lichess.org/H0tjkhBC#57,,
08RnE,r5k1/1pp3bp/p2q2p1/4p3/1PP1R1B1/1Q4P1/P5PP/6K1 b - - 3 29,h7h5 c4c5 g8h8 c5d6,1190,253,100,14,endgame master,https://lichess.org/woXiqNFz/black#58,,
08SaK,r4rk1/pp1qbppp/4pn2/3p2B1/4P3/P1NQ4/1PP2PPP/R4RK1 b - - 0 14,d5e4 d3d7 f6d7 g5e7,1278,76,100,376,advantage capturingDefender middlegame short,https://lichess.org/fKuteVyL/black#28,Queens_Pawn_Game Queens_Pawn_Game_Veresov_Attack,
08SvM,6Qk/3q2pp/pp1B2b1/2p5/6P1/3P3r/PPP5/2K1RR2 b - - 0 30,h8g8 f1f8,797,88,100,331,endgame mate mateIn1 oneMove operaMate,https://lichess.org/2avkhSsk/black#60,,
08TXc,6k1/1b2rp1R/5Q2/p1pPr3/2P3P1/8/P4PK1/1Bq5 b - - 4 39,c1g5 h7h8,1074,76,100,589,killBoxMate mate mateIn1 middlegame oneMove,https://lichess.org/H6n9P8lY/black#78,,
08Tsx,5r1k/3Q1pp1/p6p/8/1p2P1Pn/2bB3b/2P2P1P/6KR w - - 1 30,d7e7 h4f3,758,90,100,400,mate mateIn1 middlegame oneMove,https://lichess.org/uuzLC1WR#59,,
08UdG,8/6bp/6p1/1pK3P1/1Pp4P/2P3B1/8/5k2 b - - 8 49,g7c3 c5b5 c3d2 b5c4 d2b4 c4b4,939,76,100,399,bishopEndgame crushing endgame long,https://lichess.org/WVxPT9GV/black#98,,
08VCP,8/8/1B2b1k1/p6p/PbP5/1P4K1/8/3B4 w - - 4 42,g3h4 b4e1 b6f2 e1f2,1144,77,100,139,bishopEndgame endgame mate mateIn2 short,https://lichess.org/C40J2bll#83,,
08VVF,r3k2r/ppq2p2/2p1b1p1/3pP3/3Pn2b/2P2Q2/PP2B3/RN3KNR b kq - 1 17,e4g3 f3g3 h4g3 h1h8 e8e7 h8a8,2028,131,100,33,equality long middlegame skewer,https://lichess.org/o2uaLgbo/black#34,,
08VcP,6k1/6pp/2p1Q3/3p3b/3P4/2q2N2/P4KPP/8 b - - 0 30,h5f7 e6c8 f7e8 c8e8,1005,84,100,201,endgame mate mateIn2 short,https://lichess.org/VM2rsX68/black#60,,
08WLk,k2r4/pp3ppp/3Qp3/8/8/8/P4PPP/2R3K1 b - - 0 26,d8d6 c1c8,484,99,100,58,backRankMate endgame mate mateIn1 oneMove rookEndgame,https://lichess.org/SPwOluet/black#52,,
08Wi7,3r2k1/p6p/2p3n1/5R2/5P2/2Q1PBp1/PPK3P1/5q2 w - - 0 30,f3c6 f1d1,1345,75,100,527,endgame master mate mateIn1 oneMove,https://lichess.org/dGKdVtwj#59,,
08X41,rn2kb1r/p1q1ppp1/b7/2Pp4/1P1P2np/N2BP2P/1B2NPP1/R2Q1RK1 w kq - 1 18,b4b5 c7h2,549,84,100,194,mate mateIn1 middlegame oneMove,https://lichess.org/4rxz8N4j#35,Queens_Pawn_Game Queens_Pawn_Game_Other_variations,
08XJl,8/p7/1p1Q4/5k1p/4q2P/8/PPP5/3K4 w - - 1 31,d6d3 e4d3 c2d3 f5g4,1324,75,100,324,crushing endgame queenEndgame short,https://lichess.org/5axaemV7#61,,
08XZX,4r2k/1pp2rp1/2n4p/p3P2q/P1P2p2/2Q4P/1BP2P2/1R2R1K1 b - - 0 25,e8e5 e1e5 h5e5 c3e5 c6e5 b2e5,935,76,100,611,advantage long middlegame,https://lichess.org/QTcKHHpG/black#50,,
08YEg,r3kb1r/pp3ppp/1q2p3/3Pn2P/8/2P5/PP6/RNBQKB1R w KQkq - 1 15,d1d4 e5f3 e1e2 f3d4,1053,77,100,310,crushing fork opening short,https://lichess.org/X9PNIqOV#29,Indian_Defense Indian_Defense_Spielmann-Indian,
08YdG,r2k3r/3b1p1p/6pb/3N4/p4P2/8/PPPR2PP/2K1R3 b - - 0 19,h8e8 e1e8 d7e8 d5b6,1412,76,100,263,advantage discoveredAttack discoveredCheck middlegame short,https://lichess.org/DjC3G8sJ/black#38,,
08Zb7,5rk1/b1p2rpp/p1nq4/1p2p1N1/1P2Q3/2PP3P/P4PP1/R1BR2K1 b - - 6 19,f7f2 e4h7,551,84,100,125,kingsideAttack mate mateIn1 middlegame oneMove,https://lichess.org/0a9XFIHd/black#38,,
08aWH,r2q1rk1/2b1nppp/p3p3/1p1bP1N1/3P4/4B1P1/5PBP/RQ1R2K1 b - - 1 18,h7h6 b1h7,946,98,100,28,mate mateIn1 middlegame oneMove,https://lichess.org/Nb6xjpS6/black#36,Queens_Gambit_Declined Queens_Gambit_Declined_Other_variations,
08agz,1k5r/p6r/Qpnp4/1P1qp3/6B1/5N1P/2R3K1/8 b - - 0 37,c6d4 c2c8 h8c8 a6c8,1172,76,100,738,mate mateIn2 middlegame short,https://lichess.org/48V2z424/black#74,,
08bpJ,2r2r2/pp3pk1/4p2p/3p2p1/3P4/P3PQ1P/1P1q1PP1/2R2RK1 w - - 3 21,b2b4 c8c1 f1c1 d2c1,860,80,100,59,crushing endgame short,https://lichess.org/MFzqLa6r#41,,
08cVo,3r4/1p3p1k/p4Ppp/4p2P/8/5Q2/Pq4P1/5R1K b - - 0 35,d8d4 h5g6 f7g6 f6f7 d4h4 h1g1,1191,75,100,727,advancedPawn crushing endgame long,https://lichess.org/vISQmfv6/black#70,,
08dVM,8/pp6/4k2p/3p2p1/2pP2K1/P1P4P/1P6/8 b - - 0 38,b7b5 g4h5 e6f5 h5h6,1718,119,100,52,endgame equality pawnEndgame short,https://lichess.org/eAWip96Q/black#76,,
08dao,2k3nb/1b6/p1nppq2/8/2P1PNp1/3p2P1/P2Q1PB1/2KR4 w - - 0 26,d2d3 f6b2,1539,78,100,1097,master mate mateIn1 middlegame oneMove,https://lichess.org/PZzKQpAr#51,,
08dio,5R2/p2rp1k1/7p/1p3Qp1/3P1p2/1BP5/P1Pq1KPP/8 w - - 7 33,f2f3 d2e3 f3g4 e3e2 g4h3 e2h5,1728,74,100,756,endgame exposedKing long mate mateIn3,https://lichess.org/k6QBnzgk#65,,
08eGr,8/1p2k1p1/2q1bbBp/p2p4/5Q2/4P1B1/6PK/8 b - - 3 35,a5a4 f4b4 e7d7 b4f8 f6d8 g6e8 d7c8 e8c6,1670,246,100,2,endgame master masterVsMaster,https://lichess.org/XvFehKSV/black#70,,
08fit,r1b2rk1/ppp2ppp/2nq4/3p4/3P2n1/2NB1N2/PPP2PPP/R2Q1RK1 w - - 6 10,f3g5 d6h2,417,112,100,477,kingsideAttack mate mateIn1 oneMove opening,https://lichess.org/xY4AeLpW#19,French_Defense French_Defense_Exchange_Variation,
08gpo,r3q2k/1bPp2p1/pQp3pp/4r3/7B/8/PP3PPP/RN2R1K1 w - - 0 21,b1c3 e5e1 a1e1 e8e1,505,85,100,106,kingsideAttack mate mateIn2 middlegame short,https://lichess.org/J7ez7act#41,,
08hR1,4Q3/2q2p1k/1bNp2pp/1P1b4/2p5/6BP/5PPK/8 b - - 4 34,c4c3 c6e7 c7d8 e7d5 d8e8 d5f6 h7h8 f6e8 c3c2 g3f4,2483,77,100,163,advantage endgame fork sacrifice veryLong,https://lichess.org/XwOTXDZn/black#68,,
08i9G,8/4k3/4p3/3nP3/2N2P1K/1p6/8/8 w - - 0 55,h4g4 d5e3 c4e3 b3b2 e3c4 b2b1q,927,78,100,397,advancedPawn crushing endgame knightEndgame long promotion sacrifice,https://lichess.org/frTYTiMw#109,,
08igm,r5k1/1b2rppp/1p3n2/1B1qp3/3p4/P6P/NPP1QPP1/3R1RK1 w - - 2 18,c2c4 d5g2,517,84,100,373,kingsideAttack mate mateIn1 middlegame oneMove,https://lichess.org/A5C3BkqL#35,Sicilian_Defense Sicilian_Defense_Lowenthal_Variation,
08ihA,1rR1kb1r/pQ1npppp/3q4/3pN2b/3P1B2/8/PP2PPPP/4KB1R b Kk - 2 12,b8c8 b7c8,544,84,100,257,mate mateIn1 middlegame oneMove,https://lichess.org/vbmeEpIl/black#24,Slav_Defense Slav_Defense_Three_Knights_Variation,
08lTd,2nqr1k1/R4p2/3p2p1/5p2/3b4/1Q2P3/5PP1/R5K1 b - - 0 28,d4a1 b3f7 g8h8 f7h7,1295,78,100,109,endgame,https://lichess.org/1mUe5NPn/black#56,,
08liU,5Qk1/R4pp1/2p3bp/8/5q2/2P3NP/P1r2PP1/4R1K1 b - - 0 23,g8f8 a7a8 f4b8 a8b8,905,75,100,230,endgame mate mateIn2 short,https://lichess.org/SDuiD0wI/black#46,,
08lqs,5k2/4bpp1/p4n1p/1p2N3/1P5q/P2Q3P/5PP1/6K1 b - - 1 30,h4e4 e5d7 f6d7 d3e4,1321,74,100,594,crushing deflection endgame short,https://lichess.org/Ywy3Rfho/black#60,,
08lx4,2R5/5q1k/2NQ4/p2p2b1/P2Pp1p1/4P1Pp/1r3P1P/5RKB w - - 3 33,c6e5 f7f2 f1f2 b2b1 c8c1 b1c1 f2f1 g5e3,1796,75,100,103,middlegame,https://lichess.org/momM2JbI#65,,
08mPy,3rr1k1/pb3R1p/1p4p1/2p5/2Pq4/3B3Q/P5PP/2B4K b - - 0 24,d4d3 h3h7,823,89,100,649,mate mateIn1 middlegame oneMove,https://lichess.org/799pTlNI/black#48,,
08mWX,1r1q1rk1/1p1bppbp/3p1np1/p2N4/2PQ4/1P2P1P1/PB3PBP/R4RK1 b - - 2 13,f6d5 d4g7,545,89,100,255,kingsideAttack mate mateIn1 middlegame oneMove,https://lichess.org/CI6HViBb/black#26,English_Opening English_Opening_Symmetrical_Variation,
08n7m,r1bR1knr/ppq1ppbp/6p1/1B6/4P3/4B3/P1PQ1PPP/4K2R b K - 4 16,c7d8 d2d8,510,95,100,188,hangingPiece mate mateIn1 middlegame oneMove,https://lichess.org/0o8AZ0nt/black#32,Modern_Defense Modern_Defense_Other_variations,
08oLT,6rr/1k6/2n5/1p3P2/3pPq1p/1QPP4/1P4PP/R4NK1 b - - 1 28,f4f3 b3b5 b7c7 a1a7,1892,139,100,38,equality middlegame short,https://lichess.org/x1dh7F0v/black#56,,
08obd,8/4b3/4p2k/pp1pP1pP/2pP4/P1P2q2/1PQ1N2K/8 b - - 0 42,g5g4 c2g6,770,77,100,322,endgame mate mateIn1 oneMove,https://lichess.org/3n0S0Pqy/black#84,,
08rBb,8/1p4pk/p1p2r1p/q2pR3/3P4/5P1P/6P1/1Q5K b - - 1 51,f6g6 e5e6 a5a1 b1a1,1466,75,100,418,crushing endgame pin short,https://lichess.org/gHtHi5m8/black#102,,
08sWB,2r2r2/1R5p/3R2pk/N1p1p3/2P5/4b3/P5Q1/4KBq1 b - - 0 35,f8f1 g2f1 e3f2 e1e2,950,77,100,836,advantage master middlegame short,https://lichess.org/JkeiEFTJ/black#70,,
08sh9,4bR2/4r1pk/1p4q1/5Q1p/P7/6P1/1P5P/6K1 b - - 1 33,e8a4 f8h8 h7h8 f5g6,1136,178,100,14,advantage deflection endgame short,https://lichess.org/qQSouQ4B/black#66,,
08tfg,r2qkb1r/pp1n3p/4p1N1/2p4Q/8/2n5/PPP2PPP/R1B1K2R b KQkq - 0 12,h7g6 h5g6 e8e7 c1g5,1137,77,100,349,advantage middlegame short,https://lichess.org/hIiMwkHQ/black#24,Benoni_Defense Benoni_Defense_French_Benoni,
08tzj,8/6p1/4k3/3p2PP/R4K2/5P2/8/7r w - - 1 47,h5h6 h1h4 f4g3 h4a4,1182,107,100,14,endgame,https://lichess.org/elgac28x#93,,
08uwL,4Rq1k/nr4p1/pp1p3p/2pP1BbQ/1PP5/P7/5P1P/6K1 b - - 1 31,f8e8 h5e8,488,84,100,314,endgame hangingPiece kingsideAttack mate mateIn1 oneMove,https://lichess.org/PDZjFp1D/black#62,,
08vP8,1r4k1/q6p/4p1p1/3N1n2/6n1/1P6/PBPQ2PP/5R1K w - - 1 28,h2h3 f5g3,1124,76,100,290,master mate mateIn1 middlegame oneMove,https://lichess.org/M2oJBPKx#55,,
08vX3,6k1/Q5pp/4b3/4p3/5p2/5P2/P2rqBPP/r3R1K1 w - - 0 31,e1a1 d2d1 a1d1 e2d1 f2e1 d1e1,1130,75,100,824,endgame long mate mateIn3,https://lichess.org/XM5YiDLk#61,,
08vYm,2r2r1k/7p/p2p4/2p1p3/1PP1Pp2/P2P1K1P/6R1/6R1 b - - 1 28,f8g8 g2g8 c8g8 g1g8 h8g8 b4b5 a6b5 c4b5 g8f7 b5b6 f7e8 b6b7,1898,75,100,480,advancedPawn crushing endgame rookEndgame veryLong,https://lichess.org/Pnmmuwnx/black#56,,
08vbP,8/2R3pk/4Q2q/3nN2p/3Pb2P/P5P1/1P3P2/2R3K1 w - - 1 38,c7f7 h6c1 g1h2 c1h1,1043,77,100,141,hangingPiece mate mateIn2 middlegame short,https://lichess.org/iN0LF4eK#75,,
08vmA,8/8/8/6p1/3k2P1/2p4P/2K2P2/8 w - - 1 52,c2d1 d4d3 d1c1 c3c2 c1b2 d3d2,1138,77,100,821,advancedPawn crushing defensiveMove endgame long pawnEndgame,https://lichess.org/mSlCWcEH#103,,
08vyE,r3kr2/7p/p1qp1Bpn/4P3/5N2/1Q4PP/P1P4K/3R4 b q - 2 29,a8c8 b3e6,937,86,100,303,mate mateIn1 middlegame oneMove,https://lichess.org/WOO8QUIQ/black#58,,
08wBc,2rq1rk1/1b3pp1/p1nb1n1p/1p1Np1N1/1P1P3P/P3P3/2Q2PP1/R1B1K2R b KQ - 0 17,f6d5 c2h7,624,86,100,201,mate mateIn1 middlegame oneMove,https://lichess.org/UYCMrXNl/black#34,Vant_Kruijs_Opening Vant_Kruijs_Opening_Other_variations,
08wWv,2k5/ppp2ppp/1r6/8/2P3q1/N3Q1Pb/PP3P1P/R5K1 b - - 0 20,b6b2 e3e8,467,88,100,521,endgame mate mateIn1 oneMove,https://lichess.org/ikPGy6UV/black#40,,
08xP8,r6r/2qb2k1/p1p1p2p/1nPpPp1Q/3N1P2/2B4P/PP3R2/R5K1 b - - 3 28,g7h7 h5f7,830,77,100,356,epauletteMate mate mateIn1 middlegame oneMove,https://lichess.org/tWaJNMaj/black#56,,
08y6B,8/6pp/4bp2/p7/8/2k5/P3N1PP/3K4 b - - 1 49,c3d3 e2f4 d3e4 f4e6,676,83,100,253,advantage endgame fork short,https://lichess.org/jhUzyLMZ/black#98,,
08yJ4,4r1k1/1q4pp/1nn1p3/1Q1pP3/1p1P4/1P4PB/7P/R2N2K1 b - - 1 28,c6d4 b5e8,610,82,100,148,hangingPiece master mate mateIn1 middlegame oneMove,https://lichess.org/t2irxO44/black#56,,
08ycT,8/8/5p2/6pK/1R3kPP/7r/8/8 b - - 6 59,f4g3 b4b3 g3g2 b3h3 g2h3 h4g5 f6g5 h5g5,1166,90,100,90,crushing endgame rookEndgame veryLong,https://lichess.org/7b6VKFf1/black#118,,
08zi1,8/7k/4R2b/3pPp2/2pPb2P/8/R4K2/2r5 b - - 6 51,h6f4 a2a7 h7h8 e6e8,1107,75,100,309,endgame master mate mateIn2 short,https://lichess.org/pOP230KJ/black#102,,
08zmy,4r1k1/ppq2p2/2p2Qp1/6Np/2P5/6RP/PP3PP1/6K1 w - - 4 27,g3f3 e8e1,830,77,100,91,endgame mate mateIn1 oneMove,https://lichess.org/V0GFw2yP#53,,
08zpl,2rr2k1/p1R3bp/1p4p1/1P1q4/P4Q2/6P1/3R1P1P/6K1 b - - 0 38,d5d2 f4f7 g8h8 f7g7,1130,77,100,366,endgame mate mateIn2 short,https://lichess.org/meyJ8v1A/black#76,,
090Fl,r2r2k1/1pq2ppp/p3b3/5p2/1b1B1P2/2N3Q1/PPP3PP/3R1RK1 b - - 3 20,b4c5 g3g7,635,85,100,293,kingsideAttack master mate mateIn1 middlegame oneMove,https://lichess.org/ZyqGOzjv/black#40,,
090Nr,6k1/1b3qb1/3p1r2/2pPp3/1pP1P1Q1/5PRP/1P4P1/6K1 b - - 0 31,f7e8 g4g7,511,87,100,287,endgame master mate mateIn1 oneMove,https://lichess.org/mnAoYgSV/black#62,,
0918R,r3r2k/5p1p/p7/2p5/P4P2/3pp1R1/1PR4P/4B1K1 w - - 0 37,c2c5 d3d2 e1d2 e3d2,1065,78,100,127,advancedPawn crushing endgame master short trappedPiece,https://lichess.org/zoginFc4#73,,
091Hn,6k1/R5pp/5p2/8/1rpPNn2/7P/5PP1/5K2 w - - 0 31,g2g3 b4b1,598,83,100,292,endgame master mate mateIn1 oneMove,https://lichess.org/PVao5ngf#61,,
091JW,6k1/5p1p/2n3q1/pQp5/8/2P3pP/PP3P1K/3R4 w - - 0 30,f2g3 g6c2 h2g1 c2d1,909,77,100,237,advantage endgame fork short,https://lichess.org/mEUSoa0S#59,,
092Rm,q4rk1/p3ppbp/1p1p1np1/2p1n1B1/2P5/1QNP1NPb/PP2PP1P/R3R1K1 w - - 4 14,f3e5 a8g2,851,85,100,75,middlegame,https://lichess.org/c9t3BvrR#27,English_Opening English_Opening_Great_Snake_Variation,
0934U,8/3k4/3p2R1/pp1p4/3P3r/P1P3P1/1P4r1/2K1R3 w - - 0 31,e1e6 h4h1 e6e1 h1e1,1043,79,100,344,endgame mate mateIn2 rookEndgame short,https://lichess.org/a4F1heL5#61,,
0935i,r4rk1/pb3p1p/5p2/3qp3/8/3B4/PP1Q1PPP/2R2RK1 w - - 0 17,d3h7 g8h7 d2d5 b7d5,725,78,100,411,advantage hangingPiece middlegame short,https://lichess.org/DgsYQZgr#33,Sicilian_Defense Sicilian_Defense_Lowenthal_Variation,
093T4,8/5bp1/3k4/1r3N1p/4PK1P/5P2/6P1/8 b - - 3 43,d6e6 f5d4 e6f6 d4b5,1144,76,100,183,crushing endgame fork master short,https://lichess.org/4F1CQkZy/black#86,,
093y7,8/1k1q1ppp/2r2n2/3p4/5P2/R6P/1P2Q1P1/6K1 b - - 6 34,f6e4 e2b5 b7c7 a3a7 c7d8 a7d7,1421,80,100,65,endgame,https://lichess.org/apzGVCTz/black#68,,
093zu,3r2k1/1p1r1p1p/1Rq3p1/p1P1b3/2R1P3/P4Q1P/5PP1/6K1 w - - 2 27,b6c6 d7d1 f3d1 d8d1,453,103,100,114,endgame mate mateIn2 short,https://lichess.org/NnAvj22y#53,,
094Ce,2k4r/1pp3b1/p2qPnQ1/6B1/P3p3/2PP4/1P3PP1/R4RK1 w - - 0 25,g6g7 d6h2,616,94,100,305,mate mateIn1 middlegame oneMove,https://lichess.org/nWjuQwZo#49,,
0955R,8/1r2k3/R3p3/4Kp1p/3pbBpP/P3P1P1/8/8 w - - 0 76,e3d4 b7b5 d4d5 b5d5,559,85,100,385,endgame epauletteMate mate mateIn2 operaMate short,https://lichess.org/riXcJEAW#151,,
095Ky,2r5/1rpbqpbk/3p4/1p1P2p1/pP1NPPPp/P6P/2RQ2BK/2R5 w - - 0 30,f4g5 e7e5 h2h1 e5d4,1476,76,100,333,advantage master middlegame short,https://lichess.org/cHcJTJAU#59,,
095ue,r7/7k/6qp/p2Q4/N7/P7/1B2n1PP/7K w - - 5 37,d5a8 g6b1 b2c1 b1c1,869,80,100,228,backRankMate endgame mate mateIn2 short,https://lichess.org/ua0pz8aZ#73,,
097S5,5rQk/pp1R2pp/2n2b1N/2p5/4r3/6P1/Pq2PP1P/5RK1 b - - 1 22,f8g8 h6f7,917,77,100,621,mate mateIn1 middlegame oneMove smotheredMate,https://lichess.org/E2FzZox3/black#44,,
097U6,8/2Q5/4prkq/3p4/5P2/8/6R1/6K1 b - - 12 42,g6f5 c7e5,1153,75,100,320,endgame mate mateIn1 oneMove,https://lichess.org/IUOxwUyA/black#84,,
097uQ,5R2/3R4/1p4k1/p6p/P2P4/3rp3/6PP/6K1 w - - 0 34,f8e8 d3d1,557,84,100,170,endgame mate mateIn1 oneMove rookEndgame,https://lichess.org/kcDxwPTY#67,,
097uv,5r1k/7p/1pp1n3/p3Pp2/2q4P/3p1Q2/P3RP1K/3N2R1 w - - 0 36,e2d2 c4h4 f3h3 h4f4 g1g3 f4d2,1599,75,100,277,advantage exposedKing fork long middlegame,https://lichess.org/WG6LxxSJ#71,,
098RM,rnbqkbnr/ppppp2p/6p1/5P2/8/8/PPPPBPPP/RNBQK1NR b KQkq - 1 3,g6f5 e2h5,634,84,100,424,bodenMate mate mateIn1 oneMove opening,https://lichess.org/tHnfMjEC/black#6,Duras_Gambit Duras_Gambit_Other_variations,
098lY,r2q1rk1/p2n1b1p/3pN1p1/2pP1p2/1pP1p3/1P2P1P1/PQ1R1PBP/3R2K1 b - - 9 21,d8e7 b2g7,903,106,100,45,mate mateIn1 middlegame oneMove,https://lichess.org/mvuYHgQe/black#42,,
0990l,6k1/2R5/p2r1pKp/1pp2P2/6P1/1P5P/r7/8 b - - 1 42,a2h2 c7c8 d6d8 c8d8,1062,76,100,413,endgame mate mateIn2 rookEndgame short,https://lichess.org/q97y1J5G/black#84,,
099Zd,2k4r/ppp1n3/4Np2/4n1q1/4P2p/6P1/PPPR1P2/3R2K1 b - - 1 24,g5g4 d2d8 h8d8 d1d8,538,95,100,289,mate mateIn2 middlegame queensideAttack short,https://lichess.org/ES7EkJKj/black#48,,
099hE,r1b1nr2/5k1p/2qppbpP/pN6/1pn1P3/1B2B2Q/PPP1NP2/2KR3R w - - 2 21,b3c4 c6c4 b5d6 e8d6,1152,75,100,456,advantage fork middlegame short,https://lichess.org/cKqaTQ9f#41,,
099n7,r6k/7P/pq1p2pP/1p1bn3/4p2b/P3B3/1PPQ2B1/5K1R b - - 0 25,e5c4 d2c3 c4e5 e3b6,1754,75,100,389,advantage master middlegame short,https://lichess.org/Cq8Hi4Iu/black#50,,
099qI,rn5k/pbp3pp/1p1r2q1/5p2/8/1QP1PN2/P3BPPP/R4RK1 w - - 0 16,f3e5 g6g2,937,93,100,58,kingsideAttack mate mateIn1 middlegame oneMove,https://lichess.org/pHM6behK#31,Dutch_Defense Dutch_Defense_Queens_Knight_Variation,
09A0E,5r2/4Rpk1/3p2p1/1Q1P3p/4P3/5P1P/PP1q1PK1/8 w - - 1 33,b5b3 d2g5 g2h2 g5e7,1047,76,100,220,advantage endgame fork short,https://lichess.org/nvmjxoYG#65,,
09Ah4,2rr4/6kb/p1B2p1p/1p2p3/1P1PPpP1/2P2K1P/4RP2/R7 w - - 1 36,d4d5 c8c6 d5c6 d8d3 e2e3 f4e3,1881,99,100,63,endgame equality long sacrifice,https://lichess.org/ENceVNk4#71,,
09B5B,5rk1/p3R1pp/1pq5/2p5/8/P1P2PQ1/1P4KP/8 b - - 14 38,a7a5 g3g7,756,84,100,231,endgame mate mateIn1 oneMove,https://lichess.org/MnsjIOvu/black#76,,
09BPn,8/8/p2k4/1p1p1p1p/1P2p2P/P2KPPP1/8/8 w - - 0 35,f3e4 f5e4 d3d4 d6e6 d4c5 e6e5,2252,77,100,327,crushing defensiveMove endgame long pawnEndgame,https://lichess.org/iNkQWn0l#69,,
09BUS,2qr1k2/p4p2/bp3b2/2pp1p1Q/2nP4/2P1P1P1/PP3RBP/R6K b - - 1 22,c4e3 h5h6 f6g7 h6e3,1363,77,100,266,advantage fork middlegame short,https://lichess.org/SI3FPVfs/black#44,,
09Bft,8/7p/8/8/5p1k/5P2/6PK/8 w - - 3 51,h2h1 h4g3 h1g1 h7h5,1035,76,100,241,crushing defensiveMove endgame master masterVsMaster pawnEndgame short zugzwang,https://lichess.org/h5gumOzu#101,,
09Bh9,8/8/3k3p/p2N4/2p5/2P4P/P5P1/2b3K1 w - - 2 38,d5b6 c1e3 g1h2 e3b6,1051,140,100,15,crushing endgame fork short,https://lichess.org/hTjHKd1d#75,,
09Bs6,r3r1k1/pp3pp1/7p/2pN4/3pP1b1/PB1P1q2/1PPQ1P2/R3K1R1 w Q - 1 19,d5c7 e8e4 d3e4 f3e4 d2e3 d4e3,1445,75,100,1546,crushing long middlegame sacrifice,https://lichess.org/r0VIpFF0#37,,
09Btc,1R4nr/p2k1pp1/3p3p/8/4n3/B1p1KN2/P4PPP/8 w - - 0 22,e3e4 g8f6 e4d3 h8b8,1113,76,100,164,advantage discoveredAttack endgame short,https://lichess.org/MpkI4G6Y#43,,
09CoQ,1r1q1rk1/4bp1p/b3p1p1/p1BpP2N/P4PQ1/1P5R/1P4PP/R6K b - - 0 22,e7c5 h5f6 d8f6 e5f6,982,76,100,367,advantage kingsideAttack master middlegame short,https://lichess.org/dtN7P3zN/black#44,,
09EHY,r1b2rkR/1p4p1/1q2p1P1/3pn3/1p1P4/P7/6P1/R1BQK3 b Q - 1 21,g8h8 d1h5 h8g8 h5h7,1012,75,100,278,fork mate mateIn2 middlegame short,https://lichess.org/7B7U8PqG/black#42,,
09EXl,r7/pp1Q2pk/2p4p/2Pp1rq1/4p3/1P2PbP1/PB3P1P/2R2RK1 b - - 10 23,g5h5 d7g7,898,77,100,89,mate mateIn1 middlegame oneMove,https://lichess.org/cfezKTks/black#46,,
09Eh7,1r2r1kb/2q1Bp1p/3R2B1/p7/5P2/1Pp4P/P1Q3R1/1K6 b - - 0 33,h7g6 d6g6 f7g6 c2g6 h8g7 g6g7,2112,79,100,538,long mate mateIn3 middlegame sacrifice,https://lichess.org/xEQfCzOh/black#66,,
09FOG,1q3rk1/4rppp/2R1p3/1B1p4/P2P2n1/4Pb1P/4QPP1/2R3K1 w - - 0 26,g2f3 b8h2 g1f1 h2h1,918,81,100,207,kingsideAttack mate mateIn2 middlegame short,https://lichess.org/17HxFS9Z#51,,
09Ff3,7r/p1Rk3P/4p3/4P3/1b3P2/4p3/P2nq3/K1R5 b - - 2 40,d7d8 c7c8 d8e7 c1c7,1616,75,100,574,endgame mate mateIn2 short,https://lichess.org/nKbg7WmE/black#80,,
09Fpl,r2q1rk1/ppp3b1/2npbNQ1/4p1Np/3P3P/2P1P3/PP2BPP1/R3K2R b KQ - 0 14,d8f6 g6h7,806,77,100,145,mate mateIn1 middlegame oneMove,https://lichess.org/VeT0bZY6/black#28,Indian_Defense Indian_Defense_Other_variations,
09FtK,r3k2r/1pQ2p2/p1b1pPp1/Bq3nNp/3p1P2/1P1P4/P5PP/R4RK1 b kq - 6 23,b5d5 c7f7,1285,75,100,1463,attackingF2F7 mate mateIn1 middlegame oneMove,https://lichess.org/2ukOueD3/black#46,,
09GVA,7r/5pk1/3R2p1/3P4/2P1P3/2q3p1/6P1/r2N1RK1 w - - 0 35,d1c3 h8h1 g1h1 a1f1,1417,76,100,939,attraction deflection endgame mate mateIn2 short,https://lichess.org/vSjxTynt#69,,
09GfS,rnbqk2r/pp3p1p/4pp2/8/1bBp3B/2N5/PP3PPP/R2QK1NR b KQkq - 0 9,d4c3 d1d8 e8d8 h4f6,1673,75,100,115,opening,https://lichess.org/s9rEyvwJ/black#18,Queens_Gambit_Declined Queens_Gambit_Declined_Modern_Variation,
09HTT,3r3k/pb4p1/1pq3np/4Pp2/2BP1P2/4n2P/PP2Q1P1/2R2RK1 w - - 0 25,e2e3 c6g2,962,101,100,34,kingsideAttack master mate mateIn1 middlegame oneMove,https://lichess.org/boG52uHf#49,,
09HWB,5rk1/p5p1/6Rp/3p2qP/2bP2r1/2P2P2/P4RQ1/6K1 w - - 0 32,f3g4 g5e3 g6e6 e3e6 f2f8 g8f8,2285,80,100,61,crushing endgame long,https://lichess.org/sfSZ59KY#63,,
09I5K,4r1k1/1pb2ppp/p1n5/3Bp3/5P2/2P3B1/PP4PP/2K1R3 b - - 0 23,e5f4 e1e8,837,88,100,214,endgame hangingPiece mate mateIn1 oneMove,https://lichess.org/kzLfWWCB/black#46,,
09IGa,r3kb1r/ppp1pppp/2n5/4q3/6P1/3P1B1P/PPP2P2/R1BQK1R1 w Qkq - 1 12,d1e2 c6d4 e2e5 d4f3 e1e2 f3e5,2045,75,100,901,advantage fork long middlegame sacrifice,https://lichess.org/ScA5mGBP#23,Scandinavian_Defense Scandinavian_Defense_Modern_Variation,
09IUP,1r1r2k1/pp3pp1/3q4/3BP1p1/b3P2P/8/P4QP1/RR4K1 b - - 0 21,d6e5 f2f7 g8h8 f7h5,1140,75,100,225,master mate mateIn2 middlegame short,https://lichess.org/70MM4BUb/black#42,,
09IbS,8/8/R6p/7k/6p1/2r4P/6PK/3R4 w - - 0 34,d1d6 g4g3 h2g1 c3c1 d6d1 c1d1,1237,76,100,289,endgame long mate mateIn3 rookEndgame,https://lichess.org/7GiJMWyV#67,,
09IyZ,2b5/5k1p/p4P2/1p6/2n5/P6r/1P3R2/4R1K1 b - - 1 34,c8b7 e1e7 f7f8 e7b7,1104,78,100,632,advantage endgame fork short,https://lichess.org/nnCVIEZB/black#68,,
09Jfa,6k1/1p2rp1p/6p1/p2Qq3/P4r2/4p2P/6B1/1R2R2K b - - 7 33,e5c3 d5d8 g8g7 d8e7,934,77,100,272,advantage fork master middlegame short,https://lichess.org/5oBk2Qvk/black#66,,
09JqR,8/8/2K4k/5P2/2P3Q1/P2q4/8/4r3 b - - 10 55,d3a3 g4g6,970,76,100,701,endgame mate mateIn1 oneMove,https://lichess.org/Y96Pi3qM/black#110,,
09Jv0,2r2rk1/ppQ3pp/2p1Npb1/8/3q4/8/PPP2PPP/R4RK1 b - - 4 18,d4b2 c7g7,786,77,100,242,kingsideAttack mate mateIn1 middlegame oneMove,https://lichess.org/elOTGsYx/black#36,Ruy_Lopez Ruy_Lopez_Berlin_Defense,
09KIV,r4b2/2q2k2/2p2pR1/3p1P1p/3pn2P/Pp5B/1P2Q3/1NK3R1 w - - 0 31,h3g2 c7f4 b1d2 d4d3 e2d3 a8a3 g2e4 a3a1 d3b1 a1b1,2787,92,100,137,advantage middlegame pin queensideAttack sacrifice veryLong,https://lichess.org/VMYpNp84#61,,
09KlA,6rk/6p1/5nQ1/2p1q2p/1p6/1P4RP/P7/2K3R1 w - - 0 37,g6h6 g7h6 g3g8 f6g8,1022,76,100,953,crushing endgame hangingPiece short,https://lichess.org/7v6lRtfN#73,,
09LYv,5rk1/p3qp1p/4p1pQ/8/4p2R/PP6/2r2PPP/4R1K1 b - - 1 24,f8c8 h6h7 g8f8 h7h8,833,85,100,449,endgame mate mateIn2 short,https://lichess.org/eMHS0FjD/black#48,,
09LcP,6r1/p1pk2qp/2pp1p2/8/1Q2P3/5P2/P4P1P/RN3R1K w - - 3 18,b1d2 g7g2,1013,79,100,445,endgame mate mateIn1 oneMove,https://lichess.org/UyXUifVo#35,Scotch_Game Scotch_Game_Goring_Gambit,
09Lts,8/8/2p1pk2/p1Pp1p2/1p1P1Np1/1P2P1P1/P1R2n2/3n3K w - - 0 52,h1g2 d1e3 g2f2 e3c2,739,81,100,560,crushing endgame fork master short,https://lichess.org/Gu3wbDGW#103,,
09Lzt,8/8/1p5p/1K4p1/8/2P3kP/P7/8 w - - 2 45,b5b6 g3h3 b6b5 g5g4 c3c4 g4g3 c4c5 g3g2,1096,77,100,1182,advancedPawn crushing endgame pawnEndgame quietMove veryLong,https://lichess.org/v1tr7jBR#89,,
09MTi,6r1/p1p4k/3pPQ2/3P3p/8/7P/r3qPP1/R4R1K w - - 0 38,a1a2 e2f1 h1h2 f1g2,945,75,100,452,endgame hangingPiece mate mateIn2 short,https://lichess.org/9w7UDokq#75,,
09MrL,1r5r/p1k3pp/2B1R1n1/b7/3BN3/3R4/P4PPP/6K1 w - - 10 34,d4a7 b8b1 d3d1 b1d1,572,87,100,68,backRankMate mate mateIn2 middlegame short,https://lichess.org/awWj8Gre#67,,
09Nsl,r3k2r/pb1p1pBp/1q2p1p1/2p5/4n3/3Q4/PPP1BPPP/2KR3R b kq - 1 15,h8g8 d3d7,558,85,100,87,mate mateIn1 middlegame oneMove,https://lichess.org/G5jeOZvg/black#30,Sicilian_Defense Sicilian_Defense_Four_Knights_Variation,
09O0B,r2qk2r/ppp1npbp/3pb1p1/4n3/2P5/1P2PN1P/PB3PP1/RN1QKB1R w KQkq - 0 9,f1e2 e5f3 e2f3 g7b2,1153,75,100,631,advantage discoveredAttack opening short,https://lichess.org/t8OfOjyB#17,Nimzo-Larsen_Attack Nimzo-Larsen_Attack_Modern_Variation,
09OBL,r1b2rk1/pp3ppp/4p3/2q1n3/4PBnP/2NB4/PPP3P1/R2QK2R w KQ - 3 17,f4e5 c5f2,944,76,100,174,mate mateIn1 oneMove opening,https://lichess.org/nbA1FU79#33,Sicilian_Defense Sicilian_Defense_Taimanov_Variation,
09OHV,6Qk/p1p2r1p/1p4pB/2n1p3/2P1q3/P1P4P/5P1K/3R2R1 b - - 0 24,h8g8 d1d8 f7f8 d8f8,700,84,100,542,endgame mate mateIn2 operaMate short,https://lichess.org/Orhr6HM6/black#48,,
09OQD,1k4rr/pp1R1p2/2p5/4p1p1/2P1Pn2/1P3PP1/P2Q2Bq/3R1K2 b - - 6 30,h2g3 d2d6 b8a8 d7d8 g8d8 d6d8 h8d8 d1d8,1781,75,100,816,backRankMate mate mateIn4 middlegame sacrifice veryLong,https://lichess.org/XKQ4YE2h/black#60,,
09OeR,8/5q1k/p5pp/1p2Qb1P/5N2/PPP1R3/6P1/K2r4 w - - 0 44,a1b2 d1b1 b2a2 f7b3,1274,75,100,609,endgame mate mateIn2 short,https://lichess.org/8wFDirfj#87,,
09Ptg,1k3r2/p4pp1/1p2pb1p/2q5/2P5/4RN2/PP3PPP/1K1Q4 b - - 0 22,c5c4 d1d6 b8b7 d6f8,1058,76,100,343,advantage endgame fork short,https://lichess.org/ySr2sDVi/black#44,,
09QFL,2k5/2p2p1p/p1Q1pb2/5p2/1p6/qP3P2/N1P3PP/1K1r3R w - - 2 25,h1d1 a3b2,853,79,100,201,endgame master mate mateIn1 oneMove,https://lichess.org/jlZlXYdg#49,,
09Qf0,rnbqk2r/ppp1bppp/3p4/3QP1B1/2B5/2P5/PP3PPP/RN2K1NR b KQkq - 0 7,e7g5 d5f7,632,86,100,235,attackingF2F7 mate mateIn1 oneMove opening,https://lichess.org/EAbzy1kS/black#14,Kings_Pawn_Game Kings_Pawn_Game_MacLeod_Attack,
09QiO,8/2pQqkp1/1bp4p/3p4/1P6/8/7B/5N1K w - - 10 37,d7c6 e7e4,861,83,100,473,endgame master mate mateIn1 oneMove,https://lichess.org/F8LFOLrM#73,,
09QnS,5r1k/p2R3P/1p2P1q1/5p2/2P1b3/7Q/6PK/8 b - - 0 36,f8e8 h3c3 g6f6 c3f6,1585,76,100,179,endgame mate mateIn2 short,https://lichess.org/nZyOIfoQ/black#72,,
09RCH,8/pb5p/1p3p1N/2b2N2/7P/P4kP1/5P2/R5K1 w - - 0 31,a1e1 c5f2 g1h2 f2e1,744,84,100,526,advantage endgame fork short,https://lichess.org/StKQal1j#61,,
09RcX,r5k1/pp3rp1/2p5/6B1/6n1/2P3q1/PPQ1R1P1/5RK1 w - - 0 26,f1f7 g3h2 g1f1 h2h1,1172,75,100,233,mate mateIn2 middlegame short,https://lichess.org/M3a6HERR#51,,
09TKF,8/4r3/p2kBpr1/1ppP4/3b1P2/1P5P/P6K/3R3R w - - 9 36,f4f5 d4e5,1116,81,100,86,endgame mate mateIn1 oneMove,https://lichess.org/PJqGn4hn#71,,
09TTJ,8/8/8/Kpk5/p7/8/PP6/8 w - - 8 51,b2b3 a4a3 b3b4 c5c4 a5a6 c4b4,1922,76,100,67,endgame,https://lichess.org/41UXJ0RG#101,,
09Tmx,1r3b1k/p3q2p/2p5/2p2Q2/7P/2BB4/PPP3P1/6K1 b - - 2 24,f8g7 f5h7,846,81,100,415,endgame mate mateIn1 oneMove,https://lichess.org/FXoLsnRi/black#48,,
09U2S,3b1r1k/p2P1p1p/5p1q/8/3Q1P2/4P2r/P4PB1/3R2RK w - - 0 36,g2h3 h6h3,488,91,100,329,master mate mateIn1 middlegame oneMove,https://lichess.org/WwGnU9Qk#71,,
09U8T,2k5/2p1qp1r/p1p5/1p2p3/1P2PP2/P2Pb3/2P3Q1/1K1R4 b - - 0 27,e3f4 g2g8 c8b7 g8h7,1428,89,100,101,endgame equality fork short,https://lichess.org/jt4ULDQV/black#54,,
09Uv7,8/1p6/8/1pP1R2p/6pk/1P6/1r1r4/4R2K b - - 3 58,g4g3 e1e4 h4h3 e5h5,1239,76,100,334,deflection endgame mate mateIn2 rookEndgame short,https://lichess.org/VLhC0lWj/black#116,,
09V7o,8/2K3k1/7p/1R4pP/5rP1/5P2/8/8 w - - 15 43,b5f5 f4f5 g4f5 g7f6,1302,74,100,1344,crushing endgame rookEndgame short,https://lichess.org/5ULSnADv#85,,
09V9S,7k/3qNQb1/p6p/1p2p3/1P2n3/P5P1/5PK1/8 b - - 0 39,e4f6 e7g6 h8h7 g6f8,1497,75,100,806,crushing endgame short,https://lichess.org/9G927bvH/black#78,,
09VlI,8/3Q4/6pk/7p/8/Pp6/1P4r1/Kq6 w - - 0 43,a1b1 g2g1 d7d1 g1d1,887,115,100,39,endgame,https://lichess.org/kmmte1PC#85,,
09VqE,r5rk/2p2p1p/p3p3/1p1bR2Q/3P1q2/P1PB3K/1P3P2/6R1 b - - 1 29,g8g1 h5h7,708,80,100,389,kingsideAttack mate mateIn1 middlegame oneMove,https://lichess.org/DvHUSXLL/black#58,,
09X3G,6r1/4k1q1/3bprp1/p2R4/B1pPpPQ1/2P1P3/8/2BK2R1 b - - 0 34,e6d5 g4d7 e7f8 d7e8,1167,76,100,141,mate mateIn2 middlegame short,https://lichess.org/W0uE9JXD/black#68,,
09X5H,2r1r3/p5p1/1p2pk2/3nN3/3P4/8/PP4P1/R4RK1 b - - 2 31,f6e7 f1f7 e7d6 f7d7,1304,77,100,194,endgame hookMate mate mateIn2 short,https://lichess.org/pY4UFXp8/black#62,,
09XF3,8/pQ3p1k/2p2B2/3q1p1p/5n2/7P/4rPP1/1R3RK1 w - - 4 32,b7b3 d5g2,727,84,100,374,mate mateIn1 middlegame oneMove,https://lichess.org/F0IvXDhG#63,,
09XGA,2r5/R2R1pk1/PQ3bp1/4p3/4Pq2/1P5P/5PPK/8 w - - 9 37,h2g1 c8c1 d7d1 c1d1,942,76,100,177,endgame mate mateIn2 short,https://lichess.org/aDdeH4ID#73,,
09XtO,6k1/p2r4/1pN1n2p/6p1/PPP2pP1/2B2P1P/2K5/8 b - - 0 46,g8f7 c6e5 f7e8 e5d7,822,81,100,449,advantage endgame fork short,https://lichess.org/s9YNyziS/black#92,,
09Y8z,rn1q1rk1/ppp2pp1/4pn2/3p2P1/3P1P2/2NQ1P2/PPP5/R3K1NR b KQ - 0 12,f6d7 d3h7,649,97,100,67,mate mateIn1 middlegame oneMove,https://lichess.org/N2P0vPuP/black#24,Rapport-Jobava_System Rapport-Jobava_System_Other_variations,
09YGk,2r5/8/5R2/rk4R1/p1p5/1p5P/1P4P1/6K1 b - - 11 50,b5b4 f6b6 a5b5 g5b5,796,77,100,346,endgame epauletteMate mate mateIn2 rookEndgame short,https://lichess.org/26VYcNnh/black#100,,
09YTl,r1bk3r/p7/1p6/3p1P1q/8/2P3Q1/PP1N1RK1/R1B5 w - - 6 31,d2f3 h5h1,871,88,100,105,master masterVsMaster mate mateIn1 middlegame oneMove,https://lichess.org/rRbCDk17#61,,
09YY4,r4r1k/ppp3pp/2n5/3Q2N1/3b1P2/1B4Pb/PPPBq2P/R4R1K b - - 6 19,h3f1 d5g8 f8g8 g5f7,1531,77,100,614,kingsideAttack mate mateIn2 middlegame sacrifice short smotheredMate,https://lichess.org/rNogrvRC/black#38,,
09YcK,r3k2r/1b2bpp1/ppqppn1p/4P3/P7/1NN3B1/1PP2PPP/R2QR1K1 w kq - 1 16,e5d6 c6g2,1073,209,100,15,middlegame,https://lichess.org/oDt9Kqja#31,Sicilian_Defense Sicilian_Defense_French_Variation,
09Yru,4kr2/1pp3bp/8/2r1P1p1/8/2P3P1/PP4PP/3RR1K1 b - - 0 24,c5e5 e1e5 g7e5 d1e1 e8f7 e1e5,1073,78,100,107,advantage clearance endgame long pin,https://lichess.org/8S1BfZQH/black#48,,
09ZcB,6k1/p1r2pp1/4p2p/3p4/2nP4/3B1PP1/7P/1R4K1 b - - 5 38,c4d2 b1b8 c7c8 b8c8,574,83,100,800,endgame mate mateIn2 pillsburysMate short,https://lichess.org/IDHDx1mD/black#76,,
09aOZ,2r1q2k/pb1n3B/1p5r/5QNp/2N2B2/1Pb1P3/P3KPP1/8 b - - 2 23,c3g7 g5f7 e8f7 f5f7 h6h7 f7d7,1152,74,100,211,advantage fork long middlegame,https://lichess.org/FsEjLBog/black#46,,
09aae,3r2k1/pb1r1p2/1p2p1p1/7p/3N4/2P4P/PP1R1PP1/3R2K1 b - - 0 30,g8f8 d4e6 f7e6 d2d7 d8d7 d1d7,627,82,100,97,crushing discoveredAttack endgame long,https://lichess.org/XOxnfb6e/black#60,,
09ahN,5rk1/ppp1qrp1/3p3p/3Pp3/2P1Q2n/1PB2P2/P5PP/4RRK1 w - - 3 24,g2g3 h4f3 f1f3 f7f3,975,79,100,341,advantage fork middlegame short,https://lichess.org/5hdsTLqt#47,,
09amb,4k1r1/1ppb1p2/p3p3/3nn3/7Q/P1qB4/2PN1PPP/3R1RK1 w - - 15 22,d2e4 e5f3 g1h1 f3h4 e4c3 d5c3,1390,74,100,767,advantage long middlegame pin,https://lichess.org/mPrCnUWa#43,,
09auU,1r6/6k1/1PR2pp1/2Kp3p/5P2/4PP2/5R2/2r5 w - - 1 49,c5d5 b8d8 c6d6 c1d1,1286,75,100,461,advantage endgame rookEndgame short,https://lichess.org/nDQNQMLT#97,,
09c3y,6k1/2q2ppp/6n1/1Q2p3/8/r3P2P/2pR1PP1/2B3K1 w - - 0 32,c1a3 c2c1q a3c1 c7c1 d2d1 c1d1,891,89,100,380,advancedPawn advantage endgame fork long promotion,https://lichess.org/HvK8jGQa#63,,
09cDD,r4rk1/ppp5/2q1ppbp/6p1/1PNP1n2/P6P/1B1QBPP1/2R2RK1 w - - 6 20,c4e5 c6g2,949,76,100,497,kingsideAttack mate mateIn1 middlegame oneMove,https://lichess.org/ULKHYUT9#39,,
09cL6,8/2r1kpp1/7p/2q5/p4Q2/8/6PP/3R3K b - - 3 29,a4a3 f4e4 e7f6 d1f1 f6g5 h2h4 g5h5 f1f5 c5f5 e4f5,1978,75,100,548,crushing endgame fork veryLong,https://lichess.org/jGmugjS1/black#58,,
09cob,k3r3/p7/1p1B4/6p1/PP1q4/6P1/2Q3KP/R7 b - - 1 40,d4a1 c2c6,1131,120,100,43,endgame,https://lichess.org/JSXM1eWc/black#80,,
09cqh,r2qkb1r/pp1npBpp/5n2/4N2b/8/1Q6/PP1P1PPP/RNB2RK1 b kq - 0 9,h5f7 b3f7,590,89,100,222,attackingF2F7 mate mateIn1 oneMove opening,https://lichess.org/xYcnBeOD/black#18,Caro-Kann_Defense Caro-Kann_Defense_Other_variations,
09dIt,6k1/6pp/3RP3/5p2/2rp3P/6P1/2p2PK1/8 b - - 0 49,c2c1q d6d8,499,89,100,152,endgame mate mateIn1 oneMove queenRookEndgame,https://lichess.org/HDEUJl7h/black#98,,
09eE1,q7/1Rp1r3/1n1pBk2/1P1Pp3/1P3bQp/5P1P/6P1/5N1K w - - 7 39,f1d2 a8a1 d2b1 a1b1,994,76,100,539,mate mateIn2 middlegame short,https://lichess.org/i1KpGE8g#77,,
09eIx,r3r2k/ppp2ppp/5b2/3q4/4n3/1PN1Q2P/1P3PP1/R1B1R1K1 b - - 8 20,e4c3 e3e8 a8e8 e1e8,537,82,100,144,backRankMate mate mateIn2 middlegame short,https://lichess.org/7MHphkGl/black#40,,
09eZH,8/b7/P7/1BP3pp/2K1k3/8/8/8 b - - 0 59,g5g4 c5c6 g4g3 c6c7 g3g2 b5c6 e4f4 c6g2,1904,76,100,197,advancedPawn bishopEndgame clearance crushing endgame skewer veryLong,https://lichess.org/aHRn3Z4L/black#118,,
09eb2,4rb1k/5p1p/P6P/1R6/8/6P1/5PK1/8 b - - 0 49,f8h6 a6a7 h8g7 b5b8,1125,76,100,69,advancedPawn crushing endgame master short,https://lichess.org/CNWBPIL4/black#98,,
09ebA,r3r1k1/1ppb1pp1/p3qP1p/2p5/2P1P3/8/PBP1Q1PP/3R1RK1 w - - 1 19,f1f5 e6f5 e4f5 e8e2,1430,76,100,1228,advantage discoveredAttack middlegame short,https://lichess.org/0mWlF1tP#37,,
09evg,rq3bkr/pp2p1pp/1nn5/1N4N1/6Q1/2Pp4/PP3PPP/R1B2RK1 b - - 0 14,h7h6 g4e6,894,79,100,84,mate mateIn1 oneMove opening,https://lichess.org/npiPsnzz/black#28,Sicilian_Defense Sicilian_Defense_Smith-Morra_Gambit,
09fxD,8/5pk1/3p2p1/2p1n1q1/2P1Q3/1B5P/Pr4P1/5R1K w - - 0 32,e4f4 g5g2,918,79,100,104,endgame mate mateIn1 oneMove,https://lichess.org/7mdwsZZZ#63,,
09gCc,8/2B4p/6b1/8/p2k4/8/4RPKP/r7 b - - 0 40,a4a3 c7e5 d4d3 e2e3 d3c4 e5a1,1571,74,100,2517,crushing endgame long,https://lichess.org/ZvW4pnBZ/black#80,,
09gEI,5rk1/2nR1pp1/1pq4p/2b1P3/rPQ4B/5N1P/5PP1/1R4K1 w - - 3 28,d7d1 c5f2 h4f2 c6c4,1147,89,100,43,advantage discoveredAttack middlegame short,https://lichess.org/r8drUcCQ#55,,
09hL1,8/p3r3/1p3Rp1/1P4P1/5P2/3k4/1P4r1/2K1R3 w - - 2 37,e1e7 g2g1 e7e1 g1e1,1119,75,100,193,endgame mate mateIn2 rookEndgame short,https://lichess.org/XHimbuZZ#73,,
09hnr,r1bq1r1k/pp2n1b1/2pp1p1B/7P/4P3/1BN2P2/PPPQ4/2KR3R b - - 0 18,g7h6 d2h6,657,80,100,81,kingsideAttack mate mateIn1 middlegame oneMove,https://lichess.org/FrWYYHsw/black#36,Modern_Defense Modern_Defense_Other_variations,
09hzj,1k1r4/1p2n3/pb4np/2q2r2/8/2P2N2/PP1BQ1PP/RN2R2K w - - 2 27,d2e3 c5e3 e2e3 b6e3,1257,75,100,219,advantage middlegame short,https://lichess.org/f4rBpDYQ#53,,
09i1X,k1r1r3/pp3p2/3B1R1p/4n1p1/3pP3/Pq1P2P1/1P2Q1KP/5R2 w - - 9 28,d6e5 c8c2 e2c2 b3c2,1455,75,100,281,advantage middlegame pin short,https://lichess.org/GxVI8wXI#55,,
09ijW,1k5r/p1p3q1/1pQ2N2/1Pn1p3/1bP4p/4P2P/P4PP1/3R2K1 b - - 11 28,h8f8 f6d7 c5d7 d1d7 g7d7 c6d7,1083,75,100,423,advantage fork long middlegame,https://lichess.org/VWuIxUaL/black#56,,
09itH,r3k2r/pp1b1pp1/2p4p/2bPP3/2P3nq/2NB4/PP4PP/R1BQ1R1K w kq - 1 14,c3e4 h4h2,997,77,100,170,kingsideAttack mate mateIn1 middlegame oneMove,https://lichess.org/7D4DzMll#27,Zukertort_Opening Zukertort_Opening_Black_Mustang_Defense,
09k5o,3q1rk1/pp3p2/4pRp1/2r1P1Qp/8/2P5/PP4P1/5R1K b - - 1 28,g8g7 f6f7 f8f7 f1f7 g7f7 g5d8,1953,75,100,797,crushing endgame long,https://lichess.org/5SdtRMpO/black#56,,
09kGC,2kr3r/1bp2pp1/pp1bp3/3qn2p/3P1B2/2PB3P/PP3PP1/R2QR1K1 w - - 0 14,f4e5 d5g2,749,78,100,104,kingsideAttack mate mateIn1 middlegame oneMove,https://lichess.org/lzrnpsuU#27,Nimzowitsch_Defense Nimzowitsch_Defense_Other_variations,
09kiE,2r3k1/6pp/p1P2p2/3ppN2/1p4P1/7P/1KP5/7R b - - 1 31,g8f7 f5d6 f7e7 d6c8,635,86,100,403,crushing endgame fork short,https://lichess.org/tft5ZXO3/black#62,,
09kmM,8/4k3/4p3/p3Pnp1/P1p1K3/6P1/1P6/5R2 w - - 1 47,g3g4 f5g3 e4d4 g3f1,757,109,100,21,endgame,https://lichess.org/8YLikNT6#93,,
09ldn,r1bq1rk1/4ppb1/p2p2p1/2p1n2p/1p2P1PP/1P1PBP1N/1PP1N3/R2QKR2 w Q - 0 17,h3f2 e5f3,799,79,100,375,mate mateIn1 oneMove opening,https://lichess.org/UmzKNAXD#33,Sicilian_Defense Sicilian_Defense_Bowdler_Attack,
09lz3,r1b1rbk1/2qn1ppp/pp1ppn2/6N1/2PP1B2/3B1N2/PPQ2PPP/3R1RK1 b - - 2 14,h7h6 d3h7 f6h7 c2h7,961,77,100,218,kingsideAttack master mate mateIn2 middlegame short,https://lichess.org/eC4hQO6D/black#28,Horwitz_Defense Horwitz_Defense_Other_variations,
09mGO,1r6/1p5R/pP2k3/b2pp3/8/3PN2P/6P1/7K b - - 3 41,a5b6 h7h6 e6d7 h6b6,1005,77,100,206,advantage endgame short skewer,https://lichess.org/RpdMdiNG/black#82,,
09mHi,r4rk1/3qbppp/b1n1p3/pN1pP3/1p1P4/3Q4/P1BB1PPP/2R2RK1 b - - 7 18,c6d4 d3h7,589,93,100,491,kingsideAttack mate mateIn1 middlegame oneMove,https://lichess.org/CNU745RN/black#36,Sicilian_Defense Sicilian_Defense_Wing_Gambit,
09mRP,1bkr3r/1pq2p1p/4pp2/PB1p4/8/4Pn1P/2P2PP1/R2Q1RK1 w - - 0 19,d1f3 c7h2,620,80,100,221,mate mateIn1 middlegame oneMove,https://lichess.org/lbUUs0wi#37,,
09npD,8/8/3K4/8/p1k5/P7/8/8 w - - 6 72,d6c6 c4b3 c6d5 b3a3 d5c4 a3b2,751,78,100,96,crushing endgame long pawnEndgame,https://lichess.org/QkLTB3i7#143,,
09oaS,6r1/p1p4k/PpP2r1p/3PN3/8/4R1n1/1R4P1/6K1 w - - 3 39,e5d7 f6f1 g1h2 f1h1,758,89,100,150,endgame mate mateIn2 short,https://lichess.org/7ImK5pEz#77,,
09p8L,8/R7/5p2/P5p1/4r3/4r1k1/6P1/3R2K1 w - - 16 42,a7f7 e3e1 d1e1 e4e1,483,91,100,1077,endgame mate mateIn2 rookEndgame short,https://lichess.org/R8ECSwRC#83,,
09pUi,8/8/p7/1p5P/1P1pk1K1/P7/8/8 w - - 1 40,h5h6 d4d3 h6h7 d3d2 h7h8r d2d1q,518,97,100,297,advancedPawn crushing endgame long pawnEndgame promotion,https://lichess.org/8piwBGAT#79,,
09q1C,r2qkb1r/1pp1p1pp/p3P3/n1n5/P1pQ2b1/2N2N2/1P3PPP/R1B1KB1R b KQkq - 2 11,g4f3 d4c5 a5b3 c5f5,2254,76,100,74,opening,https://lichess.org/bIWgkfWQ/black#22,Queens_Gambit_Accepted Queens_Gambit_Accepted_Showalter_Variation,
09qTX,6k1/pq3ppp/3p1b2/2pPp3/8/P2P1B2/2PQ1PPP/6K1 w - - 1 22,f3e4 b7b1 d2c1 b1c1,544,98,100,109,backRankMate endgame mate mateIn2 short,https://lichess.org/Hspzo4y1#43,,
09qyM,5rkr/1q1p1p2/n1nPpQB1/p3P1Np/1p5R/8/PPP2PPP/R5K1 b - - 0 24,f7g6 f6g6,1170,81,100,121,kingsideAttack mate mateIn1 middlegame oneMove,https://lichess.org/IptABtuj/black#48,,
09r1m,r1b1k1nr/ppq1pp1p/5bp1/3N4/8/3B1Q2/PPP3PP/R4R1K b kq - 3 14,c7c6 d3b5 c6b5 d5c7 e8f8 c7b5,1778,75,100,279,advantage attraction fork long middlegame pin sacrifice,https://lichess.org/nOMPLqhe/black#28,Rat_Defense Rat_Defense_Harmonist,
09rSN,3R3r/r4p1k/1qp2p1p/p4N1Q/1p2P3/1P5P/1PP2PP1/6K1 b - - 7 27,b6d8 h5h6 h7g8 h6g7,1153,76,100,324,endgame mate mateIn2 short,https://lichess.org/qWkMjGLL/black#54,,
09rhJ,rnb1kb1r/ppqnpBpp/3p4/2p1p1N1/8/2P5/PP1P1PPP/RNBQK2R b KQkq - 3 8,e8d8 g5e6,759,96,100,142,mate mateIn1 oneMove opening,https://lichess.org/ZLA3ThnB/black#16,Sicilian_Defense Sicilian_Defense_Delayed_Alapin_Variation,
09sBN,r4rk1/p1p2ppp/3b4/3P3q/3P4/5b2/1P3PPP/RNBQ1RK1 w - - 0 17,d1f3 h5h2,858,87,100,27,middlegame,https://lichess.org/l6biBNPw#33,Italian_Game Italian_Game_Two_Knights_Defense,
09sEK,5rk1/3r4/1pP3PQ/3Bq3/P2pPp2/3P4/7K/1R6 b - - 0 45,d7d5 h6h7,910,76,100,402,endgame mate mateIn1 oneMove,https://lichess.org/DRGUWZr0/black#90,,
09sYR,3r3k/1p3Rpp/3r4/pB2b1P1/7P/7K/P1P5/5R2 b - - 4 30,d6d2 f7f8 d8f8 f1f8,583,84,100,241,backRankMate endgame mate mateIn2 short,https://lichess.org/1wtCpKSd/black#60,,
09sak,1k6/ppp2p2/8/7p/1P2P2P/P2Q4/5n1K/2q3R1 b - - 4 35,f2d3 g1g8,523,94,100,239,backRankMate endgame master mate mateIn1 oneMove,https://lichess.org/XEq5S7QG/black#70,,
09uNs,8/pp3kp1/2p5/2P5/PP1PP3/3K2R1/8/r7 w - - 1 43,a4a5 a1a3 d3c4 a3g3,1116,75,100,414,crushing endgame rookEndgame short skewer,https://lichess.org/D0gv4PkK#85,,
09vkI,rnb1kb1r/pp3ppp/4pn2/q3P3/3p4/P1N5/1PPB2PP/R2QKBNR b KQkq - 2 8,d4c3 d2c3 a5c7 e5f6,1865,128,100,37,equality opening short,https://lichess.org/AIp1IPkz/black#16,,
09w36,2r1k2r/1pqbb3/4pp2/3pP1pp/pP1N2n1/2PB4/P2BQPPP/R3R2K w k - 0 21,e5f6 c7h2,746,80,100,126,kingsideAttack mate mateIn1 middlegame oneMove,https://lichess.org/EbM3FVak#41,,
09wqH,r1b1qrk1/1pp2ppp/p2p1Q2/4n1R1/4P3/2NBP3/PPP3PP/R5K1 b - - 3 17,g8h8 f6g7,688,81,100,254,kingsideAttack mate mateIn1 middlegame oneMove,https://lichess.org/5d4sNn1M/black#34,Scotch_Game Scotch_Game_Blumenfeld_Attack,
09x4v,2r5/pb3p1k/1p3q2/3p1Q2/3P3b/2N2P2/PP6/2K3RR b - - 0 24,f6f5 h1h4 f5h5 h4h5,900,77,100,240,hangingPiece mate mateIn2 middlegame short,https://lichess.org/0jANG7q3/black#48,,
09yh3,8/4npk1/4b3/R3K2P/6P1/8/8/8 w - - 5 50,g4g5 e7c6 e5e4 c6a5,914,77,100,798,crushing endgame fork master masterVsMaster short,https://lichess.org/zHoXBi93#99,,
09ywy,r5k1/5p1p/8/p4R2/1p1B4/5PK1/P4P1P/4b3 b - - 2 33,e1c3 f5g5 g8f8 d4c5 f8e8 g5g8 e8d7 g8a8,1454,76,100,134,endgame,https://lichess.org/KZNDmTto/black#66,,
09zVa,r4rk1/1p3pbp/p1n3p1/2p1n3/P2pPN1q/3P2N1/BPP5/R2QBRK1 w - - 2 19,g1g2 e5g4 d1g4 h4g4,1315,74,100,341,advantage middlegame quietMove short,https://lichess.org/aPpkBTPA#37,,
09zYo,1k2r3/pp4Q1/8/2R1pq2/3p4/3P1B2/PP5P/6K1 b - - 0 27,f5f3 g7c7 b8a8 c7c8 e8c8 c5c8,979,76,100,124,backRankMate endgame long mate mateIn3 sacrifice,https://lichess.org/7tgOxLon/black#54,,
0A036,2bkR3/pQ3q2/5n1p/6p1/3P4/6B1/PP3PPP/6K1 b - - 0 23,f7e8 b7c7,955,77,100,697,endgame mate mateIn1 oneMove,https://lichess.org/3nFePBdY/black#46,,
0A03l,1k1n4/3R2p1/pQ3b2/1p6/6P1/2P4q/PP6/K7 b - - 4 38,b8c8 b6c7,1192,76,100,231,endgame mate mateIn1 oneMove,https://lichess.org/P3EqiByo/black#76,,
0A0HI,8/1R1R4/5k2/4p2P/3pPpP1/q2P1B2/6K1/r7 w - - 1 60,b7b6 f6g5 g2h3 a1h1 f3h1 a3d3,1198,80,100,89,crushing endgame exposedKing long sacrifice,https://lichess.org/tR2Yvuug#119,,
0A0OX,7R/p4p2/1p2pkp1/7p/3Q4/8/PP3KNr/7q b - - 17 36,f6f5 d4f4,918,79,100,373,endgame master mate mateIn1 oneMove swallowstailMate,https://lichess.org/Ot2fCCui/black#72,,
0A0PH,4r2k/6pp/N5p1/1p6/5n2/8/PP3PbP/2R3K1 b - - 0 30,e8e2 c1c8 e2e8 c8e8,525,85,100,95,backRankMate endgame mate mateIn2 short,https://lichess.org/gXvpZ1B3/black#60,,
0A0RG,1br2n1k/1pq3pp/pN3p2/5N2/3P4/3Q4/PP3PPP/R5K1 w - - 4 23,d3g3 c7c1 a1c1 c8c1,852,89,100,350,backRankMate mate mateIn2 middlegame sacrifice short,https://lichess.org/knaG42Qw#45,,
0A0Ss,1R6/7k/6p1/5p1p/P1K2R2/8/8/3r4 w - - 1 53,c4b3 d1b1 b3c4 b1b8,1114,75,100,281,advantage endgame rookEndgame short skewer,https://lichess.org/GM5gVNNK#105,,
0A0WE,1r4k1/5ppb/p6p/qp1QP2P/5bP1/P1P2B2/1K6/3R4 b - - 2 33,a5a4 d5d8 b8d8 d1d8,731,91,100,391,backRankMate mate mateIn2 middlegame sacrifice short,https://lichess.org/tnbS7Ict/black#66,,
0A1gU,r1b2rk1/p1q2p1p/1p2pQ2/2bp1p2/5P2/1P1BPR2/P1PN2PP/R5K1 b - - 2 17,c5e7 f3g3,994,77,100,251,mate mateIn1 middlegame oneMove,https://lichess.org/WAkixgNI/black#34,Rubinstein_Opening Rubinstein_Opening_Classical_Defense,
0A32R,4k3/1p2np2/p3p3/8/1bPQ4/6Pq/P4P2/3R2K1 b - - 2 30,e7f5 d4d8,558,82,100,340,endgame mate mateIn1 oneMove,https://lichess.org/Yyvgh35h/black#60,,
0A3Dq,8/1B6/4pp2/2b2k1p/5P2/5K2/8/8 b - - 2 46,h5h4 b7e4,886,80,100,130,bishopEndgame endgame mate mateIn1 oneMove,https://lichess.org/Ko2hST8V/black#92,,
0A3LP,1r4kr/5p2/2p3p1/6p1/3QRn2/1P3P1q/P5P1/6RK w - - 0 38,g2h3 h8h3,943,77,100,600,endgame mate mateIn1 oneMove,https://lichess.org/CBayJByf#75,,
0A3xr,r2q1rk1/1b3pp1/4pn1p/ppp5/3P2N1/3QP1P1/PPB2PP1/R4RK1 b - - 1 17,b7e4 g4f6 g7f6 d3e4,952,78,100,961,advantage kingsideAttack middlegame short,https://lichess.org/0vbbJiN8/black#34,Queens_Pawn_Game Queens_Pawn_Game_London_System,
0A4cc,4r1k1/pR4B1/3p3p/6p1/8/1P1n1P2/P4P1P/6K1 w - - 3 32,g7h6 e8e1 g1g2 d3f4 g2g3 e1g1,981,76,100,708,endgame long mate mateIn3,https://lichess.org/7gZpRrNl#63,,
0A4cr,6k1/1Q3pp1/2r1p2p/4P3/1P3P2/3R3P/2q3P1/7K w - - 0 31,d3d7 c2c1 d7d1 c1d1,798,77,100,214,crushing endgame short,https://lichess.org/zfoIBImN#61,,
0A5sQ,r4rk1/p1pp2p1/1pn1p3/4q1R1/2P4Q/5P2/PP5P/R6K b - - 3 19,e5f4 g5g7 g8g7 a1g1 g7f7 h4f4,1678,74,100,447,advantage attraction interference kingsideAttack long middlegame sacrifice,https://lichess.org/6NNocKsW/black#38,,
0A7BG,8/2Pk1p1p/3Bp3/1pK3P1/1P6/8/3r1P2/8 b - - 6 37,d2d6 c7c8q d7c8 c5d6,1197,75,100,742,advancedPawn crushing deflection endgame promotion short,https://lichess.org/148E0pRC/black#74,,
0A7Pl,8/6r1/4p3/1kPp3p/1P1P1P2/3K2p1/1R5P/8 w - - 0 48,h2g3 g7g3 d3c2 g3g2 c2b1 g2b2,1173,78,100,779,crushing endgame long rookEndgame,https://lichess.org/6QwbNalq#95,,
0A8Lx,r7/pp2R1R1/5r2/2P2k2/1Pp1nPp1/4P3/P7/2K5 b - - 5 33,a7a5 e7e5,1277,123,100,13,endgame,https://lichess.org/cmTLyFu2/black#66,,
0A8oE,8/3B4/b3p3/P2pBkp1/3P3p/n4P1P/5K2/8 w - - 3 56,f2e3 a3c4 e3f2 c4e5,920,88,100,41,crushing endgame short,https://lichess.org/KmGkeysL#111,,
0A97t,r1b3k1/1p1p2p1/1q1P1p1p/p7/P7/2Q2N2/1B2rPPP/1R1R2K1 w - - 6 21,b2a3 b6f2 g1h1 f2g2,1075,75,100,124,kingsideAttack mate mateIn2 middlegame short,https://lichess.org/DpI9nhBG#41,,
0A9FS,5rk1/1Q2Rppp/p7/8/3P4/5R1P/q1r2PP1/6K1 b - - 2 26,a2a1 g1h2 a1a2 e7f7 a2f7 f3f7 f8f7 b7b8 f7f8 b8b3,1847,82,100,320,crushing defensiveMove endgame veryLong,https://lichess.org/de5TmbtA/black#52,,
0A9bA,8/2Pk4/1B6/p7/P3P1p1/6P1/3n1K2/8 w - - 1 43,f2e3 d2c4 e3f4 c4b6,983,85,100,110,crushing endgame fork master short,https://lichess.org/HdMxVUs5#85,,
0A9gt,3r1rk1/1bp1bppp/p7/1p2P3/8/1nP1B3/PP2RPPP/RN4K1 w - - 0 17,a2b3 d8d1 e2e1 d1e1,507,103,100,273,kingsideAttack mate mateIn2 middlegame short,https://lichess.org/xj4yl9Tb#33,Ruy_Lopez Ruy_Lopez_Marshall_Attack,
0A9rJ,r4k1r/p5pp/1bp1Rp2/2q3B1/Q7/2N2bP1/PP3P1P/4R1K1 w - - 2 21,a4f4 c5f2,632,107,100,36,kingsideAttack mate mateIn1 middlegame oneMove,https://lichess.org/VKKEzTCN#41,,
0A9sQ,r1nq3k/p5p1/1pp1R2p/8/P1BB1PP1/2P5/2P4P/6K1 b - - 3 24,c6c5 e6h6,1154,75,100,247,endgame mate mateIn1 oneMove pin,https://lichess.org/T72sJvY5/black#48,,
0AA0K,rn2k2r/ppq3p1/2p1ppp1/2P1N3/3Pp3/4P3/PP1Q1PPP/R4RK1 w kq - 0 15,e5g6 c7h2,983,152,100,16,middlegame,https://lichess.org/4ehEuJlT#29,Queens_Gambit_Declined Queens_Gambit_Declined_Baltic_Defense,
0AANQ,1r4k1/1P1b3p/5p2/2rP1Pp1/1B2p1Pb/2N4P/6K1/1R6 b - - 2 41,c5c4 b4d6 b8b7 b1b7 c4c3 b7d7,1562,115,100,68,equality long middlegame,https://lichess.org/l7mSh8px/black#82,,
0AAnQ,6k1/5p2/3Q3p/5q1K/2P3p1/P4PP1/3R1B1P/1r6 w - - 0 40,h5h4 f5g5,911,76,100,472,endgame master mate mateIn1 oneMove,https://lichess.org/EHlzC1zv#79,,
0AAo7,3N4/2p3p1/p4q1p/1p1b3k/5P2/P6P/1r6/3Q1RK1 b - - 4 41,h5h4 d1g4,1104,76,100,109,endgame mate mateIn1 oneMove,https://lichess.org/fx7PCYkc/black#82,,
0AAwI,5k2/2R5/p4K1P/2p5/8/8/8/6r1 b - - 4 59,g1h1 c7c8,1255,76,100,1058,endgame master mate mateIn1 oneMove rookEndgame,https://lichess.org/b1TOwJhd/black#118,,
0ABO1,1r4k1/3qpp1p/3p2p1/B1pN4/3b4/P7/5PPP/3Q2K1 b - - 6 27,d7f5 d5e7 g8h8 e7f5,815,89,100,86,advantage endgame fork short,https://lichess.org/nyOwkpaT/black#54,,
0ABXE,6k1/p5p1/8/3p1Q1N/P2P2Pp/4q1bP/4r3/5RK1 w - - 6 38,g1h1 e2h2,1014,76,100,426,endgame mate mateIn1 oneMove operaMate,https://lichess.org/vEsf7gZF#75,,
0AC8g,8/8/1k6/2p5/PpP5/8/2K5/8 w - - 7 63,c2b3 b6a5 b3b2 a5a4,689,82,100,399,crushing endgame pawnEndgame short zugzwang,https://lichess.org/eJG1JABG#125,,
0ACR3,rq2k2r/ppbn1p1p/2p1pp2/6B1/PPB5/2PP1Q2/5PPP/R3K2R w KQkq - 0 17,g5f6 d7f6 f3f6 c7e5,1620,76,100,162,advantage middlegame short,https://lichess.org/99ok8m5N#33,Scandinavian_Defense Scandinavian_Defense_Valencian_Variation,
0ACf2,r2qkb1r/1Q3pp1/p2p1n1p/4pP2/2B5/2N1B3/PP2KPPP/n6R b kq - 0 13,a1c2 b7f7,944,81,100,84,attackingF2F7 mate mateIn1 middlegame oneMove,https://lichess.org/TUi95SET/black#26,Sicilian_Defense Sicilian_Defense_Closed,
0ACti,r1b2k2/ppp3pB/6q1/6N1/PP4np/2Pr1NK1/Q2B2PP/R7 w - - 0 25,g3h4 g6h6 h4g3 h6h2,1772,74,100,493,mate mateIn2 middlegame pin short,https://lichess.org/vnCwxSWx#49,,
0AD6V,5r1k/7p/5Q2/6R1/3p4/P7/1Pq2PPP/4R1K1 b - - 0 29,f8f6 e1e8 f6f8 e8f8,829,80,100,570,endgame mate mateIn2 queenRookEndgame short,https://lichess.org/DLtYTgNA/black#58,,
0ADi6,8/8/1p3p2/2p1k3/PrB1P3/1PKP4/8/8 b - - 3 54,e5d6 d3d4 c5d4 c3b4,1474,75,100,181,crushing deflection endgame short,https://lichess.org/nl3WZBNM/black#108,,
0ADpC,7k/p6p/1p1pN2b/2p3QP/2P5/3P1R2/Pq4B1/7K b - - 0 37,h6g5 f3f8,697,91,100,248,endgame mate mateIn1 oneMove,https://lichess.org/HAsON6Bo/black#74,,
0ADtg,1k4nr/p1q3pp/B1pR1p2/4pQ2/4P3/2N5/PPP3PP/2K5 b - - 0 18,c7d6 f5c8,610,99,100,670,endgame mate mateIn1 oneMove,https://lichess.org/Tx9hlGXG/black#36,Vienna_Game Vienna_Game_Other_variations,
0ADxl,r1r3k1/pp2ppbp/3pb1p1/3q4/3BN2P/P7/1PPQBPP1/1K1R3R w - - 1 15,d4g7 d5a2 b1c1 a2a1,894,76,100,351,mate mateIn2 middlegame queensideAttack short,https://lichess.org/HL03eLm5#29,Sicilian_Defense Sicilian_Defense_Dragon_Variation,
0AE9f,2kr3r/pp3ppp/5q2/4n1P1/2P1P2b/PQ2p3/1P2K1PP/R4B1R w - - 0 17,g5f6 d8d2 e2e3 h4g5,1512,133,100,31,mate mateIn2 middlegame short,https://lichess.org/ux1faJeA#33,Queens_Gambit_Declined Queens_Gambit_Declined_Albin_Countergambit,
0AEES,3Q3k/p3brpp/2p5/6q1/8/P3R3/1P3PPP/4R1K1 b - - 0 25,e7d8 e3e8 f7f8 e8f8,521,90,100,76,backRankMate endgame mate mateIn2 short,https://lichess.org/duh42REz/black#50,,
0AEOh,r3n2r/pp1b1pkB/1qn1N1p1/3pP3/5B1Q/4P3/PP3PPP/2R2RK1 b - - 0 18,d7e6 h4h6,1136,75,100,341,mate mateIn1 middlegame oneMove,https://lichess.org/pqbfllm3/black#36,Indian_Defense Indian_Defense_Other_variations,
0AFSG,2kr3r/ppp2ppp/2np4/3Nqb2/8/1P2PP2/P1PQBP1P/2KR3R w - - 3 18,e3e4 e5a1,957,75,100,880,mate mateIn1 middlegame oneMove,https://lichess.org/m5RviVLm#35,Indian_Defense Indian_Defense_Maddigan_Gambit,
0AGAH,r1bq1r1k/ppp3pp/2nb1p2/5n2/2BP2QN/7P/PP3PP1/RNB1R1K1 b - - 4 12,f5d4 h4g6 h7g6 g4h4,1193,76,100,148,clearance kingsideAttack mate mateIn2 opening sacrifice short,https://lichess.org/nBNCwG8H/black#24,French_Defense French_Defense_Exchange_Variation,
0AGBG,1r1r2k1/4Rppp/b1q5/p1pp3Q/P2PnP2/1PP5/6PP/RNB4K b - - 2 17,c5d4 h5f7 g8h8 f7g7,1099,94,100,49,kingsideAttack mate mateIn2 middlegame short,https://lichess.org/dhrJtokU/black#34,Sicilian_Defense Sicilian_Defense_McDonnell_Attack,
0AI8T,1k6/p6p/8/1p2r3/2r3P1/1K5P/PP4R1/3R4 w - - 0 33,d1d7 e5e3 d7d3 e3d3,665,100,100,305,endgame mate mateIn2 rookEndgame short,https://lichess.org/6SUK7f10#65,,
0AIaM,2kr3r/1p2bppp/p1n5/2pN4/2b1PB2/2N2P2/1PP3PP/2KR3R b - - 3 16,h8e8 d5b6,1055,77,100,1563,mate mateIn1 middlegame oneMove,https://lichess.org/z8L4HGXc/black#32,Ruy_Lopez Ruy_Lopez_Exchange,
0AIeL,2r5/pp3k2/5ppQ/3p4/q5P1/P3R2P/5P2/K1rR4 w - - 4 32,d1c1 c8c1 a1b2 a4c2,1274,77,100,145,endgame mate mateIn2 short,https://lichess.org/43gR8T7K#63,,
0AIwI,r4k1r/p1p3pp/4b3/np1n2N1/K7/P7/1PPP1qPP/RNBQ3R w - - 0 19,a4a5 f2b6,928,84,100,113,mate mateIn1 middlegame oneMove,https://lichess.org/Z9pxiXEi#37,,
0AJEy,2k4r/ppp2Q2/2b5/4qp2/8/2N1pP1P/PP4P1/3R3K b - - 0 25,c6f3 f7d7 c8b8 d7d8 h8d8 d1d8,1068,77,100,296,backRankMate endgame long mate mateIn3 sacrifice,https://lichess.org/PCygUPdo/black#50,,
0AJJM,r1r5/3k4/2q1p1p1/2Bp3p/p2b4/Q3RP2/PPP3PP/1K2R3 w - - 0 24,c5d4 c6c2 b1a1 c2c1 e1c1 c8c1,735,77,100,207,backRankMate long mate mateIn3 middlegame sacrifice,https://lichess.org/i2d2dLKi#47,,
0AJNI,2N5/8/4P1pp/p1k2p2/1n3P2/1PK1p1P1/7P/8 b - - 0 48,b4c6 e6e7 c6e7 c8e7 e3e2 c3d2 e2e1q d2e1,1349,75,100,1600,advancedPawn crushing endgame knightEndgame veryLong,https://lichess.org/xmgVkKla/black#96,,
0AJVI,r1b3k1/1pq2rPp/p2b4/3Q4/8/P1p5/1PPB2PP/R4R1K w - - 0 21,f1f7 c7f7 d5d6 c3d2,1889,157,100,25,advancedPawn equality middlegame short,https://lichess.org/yKWl6PEB#41,,
0AJgL,8/8/5R1p/6pk/8/7P/6PK/B2q4 b - - 0 52,d1a1 g2g4 h5h4 f6h6,958,76,100,408,deflection endgame mate mateIn2 queenRookEndgame short,https://lichess.org/xTgqSTzx/black#104,,
0AJjQ,r4rk1/ppq3pp/2n1R3/7n/8/1QN2N2/PP3PPK/R7 w - - 1 17,e6e5 g8h8 c3b5 c7b8,1967,77,100,358,advantage defensiveMove middlegame pin short,https://lichess.org/rOy2EF6M#33,Scotch_Game Scotch_Game_Goring_Gambit,
0AJmn,8/p1P5/8/8/8/6p1/P4k2/7K w - - 0 39,c7c8q g3g2 h1h2 g2g1q h2h3 g1g3,1037,78,100,389,advancedPawn endgame exposedKing long mate mateIn3 promotion queenEndgame,https://lichess.org/bQ5x0py1#77,,
0AKEI,r1b1r1k1/pp5p/1b2qpp1/3p4/2p5/2BB1NQ1/PPPN2PP/R4K1R w - - 0 18,d3g6 e6e2,1118,79,100,144,mate mateIn1 middlegame oneMove,https://lichess.org/6ysSKLam#35,Bishops_Opening Bishops_Opening_Ponziani_Gambit,
0AKXX,r1bqkb1r/pp2nppp/2n1p3/1B6/3QN3/5N2/PPP2PPP/R1B1K2R b KQkq - 0 8,c8d7 e4d6,1096,76,100,421,mate mateIn1 oneMove opening smotheredMate,https://lichess.org/YcKmf60H/black#16,Sicilian_Defense Sicilian_Defense_Bowdler_Attack,
0AKcr,r1b2rk1/1pp2pp1/1b1p3p/pP2p3/P1B1PB2/2PP3P/5qP1/R2QRNK1 w - - 0 18,g1h1 f2g1,973,76,100,174,mate mateIn1 middlegame oneMove,https://lichess.org/qr1eLwUx#35,Ruy_Lopez Ruy_Lopez_Classical_Variation,
0ALuj,2Q5/8/2kr4/4p3/5p2/q2P1P2/8/3K4 b - - 1 58,c6d5 c8c4,901,76,100,166,endgame mate mateIn1 oneMove,https://lichess.org/ErhGRWgp/black#116,,
0ALun,1r4k1/5pp1/pNpPp2p/P3P3/5n2/8/1P3PPP/4R1K1 w - - 3 33,e1c1 f4e2 g1f1 e2c1,745,81,100,405,advantage endgame fork short,https://lichess.org/sNX17h7n#65,,
0AN77,r1b2rk1/pp3ppp/2n5/3Q4/1P6/2P2N1n/P3B1PP/RN3RqK w - - 6 17,f1g1 h3f2,915,79,100,127,mate mateIn1 oneMove opening smotheredMate,https://lichess.org/Sh8dKnoy#33,French_Defense French_Defense_Exchange_Variation,
0ANFJ,r2qr1k1/pp3pp1/2p3np/3p1b2/3P2P1/2n1P3/PPQN1PP1/1BR2RK1 w - - 0 18,g4f5 c3e2 g1h1 d8h4,1164,77,100,472,fork mate mateIn2 middlegame short,https://lichess.org/muV2I30A#35,Indian_Defense Indian_Defense_Anti-Nimzo-Indian,
0ANOz,8/2kbn3/3Rp1p1/2P5/8/P1K5/6P1/8 w - - 1 38,c3d4 e7f5 d4e5 f5d6,703,86,100,99,crushing endgame fork short,https://lichess.org/mmiDJGXj#75,,
0AOTV,rn1qkbnr/p2ppppp/1p6/3Q4/2B5/5N2/PPP2PPP/R1B1K2R b KQkq - 0 8,b8c6 d5f7,663,80,100,606,attackingF2F7 mate mateIn1 oneMove opening,https://lichess.org/Ddr1mtkT/black#16,Owen_Defense Owen_Defense_Smith_Gambit,
0APD2,8/6kp/3qp1p1/1pp5/3nQ3/P6P/1P3P2/4R1K1 w - - 5 35,e4e5 d6e5 e1e5 d4f3 g1f1 f3e5,1115,76,100,1100,attraction crushing endgame fork long,https://lichess.org/mJqU5nlL#69,,
0APU7,r7/ppp2kpp/3p4/2b2b2/3BR3/5Q2/PPP2PPP/RNq3K1 w - - 1 14,e4e1 c1e1,569,81,100,308,hangingPiece kingsideAttack mate mateIn1 middlegame oneMove,https://lichess.org/jWppffz6#27,Italian_Game Italian_Game_Deutz_Gambit,
0AQXX,8/7p/6k1/8/P4p2/5P1P/2KQq3/8 b - - 1 52,e2f3 d2d3 f3d3 c2d3,1534,76,100,1733,crushing endgame queenEndgame short,https://lichess.org/S6ffUQMQ/black#104,,
0AQfA,r2qk2r/pp2bppp/3B2n1/3Q4/4P3/8/PPP1N1PP/R4RK1 b kq - 0 14,e7d6 d5f7,870,77,100,238,attackingF2F7 mate mateIn1 middlegame oneMove,https://lichess.org/cJKMBE6Y/black#28,Kings_Pawn_Game Kings_Pawn_Game_Maroczy_Defense,
0ARRh,4Q1k1/6p1/p3p1p1/3pqpP1/5r2/1P6/P7/1KR5 b - - 3 33,g8h7 c1h1 f4h4 h1h4,900,76,100,295,endgame mate mateIn2 short,https://lichess.org/aeOPzhV8/black#66,,
